time_s,explored_fraction,mean_target_separation,mission_overlap_fraction,frontier_reuse_frequency,target_reassignment_count,revisit_ratio,active_frontier_count,mean_speed,mean_pairwise_distance
0.1,0.0958904109589041,25.406127319016502,0.7736842105263158,0.0,20,0.425,28,1.5,26.580662803251165
0.2,0.09659896079357581,25.406127319016502,0.7736842105263158,0.0,0,0.5833333333333334,29,1.5,26.577458570923934
0.30000000000000004,0.09754369390647143,25.406127319016502,0.7736842105263158,0.0,0,0.6625,28,1.5,26.5735032716126
0.4,0.09919697685403873,25.406127319016502,0.7736842105263158,0.0,0,0.7,26,1.5,26.56828965238735
0.5,0.10085025980160604,25.406127319016502,0.7736842105263158,0.0,0,0.7333333333333333,25,1.5,26.56219296326682
0.6,0.10273972602739725,25.406127319016502,0.7736842105263158,0.0,0,0.7428571428571429,26,1.5,26.555724677608563
0.7,0.10392064241851677,25.406127319016502,0.7736842105263158,0.0,0,0.775,25,1.5,26.54866260228756
0.7999999999999999,0.10557392536608408,25.406127319016502,0.7736842105263158,0.0,0,0.7833333333333333,24,1.5,26.541175584694084
0.8999999999999999,0.1067548417572036,25.406127319016502,0.7736842105263158,0.0,0,0.785,24,1.5,26.53345106290574
0.9999999999999999,0.1079357581483231,25.406127319016502,0.7736842105263158,0.0,0,0.7909090909090909,26,1.5,26.525689101690773
1.0999999999999999,0.10935285781766652,25.406127319016502,0.7736842105263158,0.0,0,0.8,27,1.5,26.517621551803995
1.2,0.11124232404345773,25.406127319016502,0.7736842105263158,0.0,0,0.8,27,1.5,26.50907685923324
1.3,0.11218705715635333,25.406127319016502,0.7736842105263158,0.0,0,0.7964285714285714,27,1.5,26.500946116938067
1.4000000000000001,0.11360415682569674,25.406127319016502,0.7736842105263158,0.0,0,0.8066666666666666,27,1.5,26.493362240563787
1.5000000000000002,0.11478507321681625,25.406127319016502,0.7736842105263158,0.0,0,0.815625,26,1.5,26.486440170055864
1.6000000000000003,0.11525743977326405,25.406127319016502,0.7736842105263158,0.0,0,0.8147058823529412,25,1.5,26.480835501391052
1.7000000000000004,0.11643835616438356,25.406127319016502,0.7736842105263158,0.0,0,0.8222222222222222,26,1.5,26.476777493571756
1.8000000000000005,0.11785545583372697,25.406127319016502,0.7736842105263158,0.0,0,0.8263157894736842,23,1.5,26.474372927150007
1.9000000000000006,0.11903637222484648,25.406127319016502,0.7736842105263158,0.0,0,0.8325,21,1.5,26.473751058122335
2.0000000000000004,0.11998110533774209,25.406127319016502,0.7736842105263158,0.0,0,0.830952380952381,23,1.5,26.47499136812262
2.1000000000000005,0.1218705715635333,26.984384666860336,0.7473684210526316,0.6842105263157895,20,0.8318181818181818,25,1.5,26.479264813284715
2.2000000000000006,0.12281530467642891,26.984384666860336,0.7473684210526316,0.6842105263157895,0,0.8326086956521739,25,1.5,26.48652476335282
2.3000000000000007,0.12376003778932451,26.984384666860336,0.7473684210526316,0.6842105263157895,0,0.8375,25,1.5,26.496698240415707
2.400000000000001,0.12470477090222012,26.984384666860336,0.7473684210526316,0.6842105263157895,0,0.836,28,1.5,26.509685508952398
2.500000000000001,0.12564950401511574,26.984384666860336,0.7473684210526316,0.6842105263157895,0,0.8403846153846154,27,1.5,26.525359663164984
2.600000000000001,0.12659423712801135,26.984384666860336,0.7473684210526316,0.6842105263157895,0,0.8425925925925926,27,1.5,26.543566294173104
2.700000000000001,0.12777515351913085,26.984384666860336,0.7473684210526316,0.6842105263157895,0,0.8428571428571429,25,1.5,26.56408000232773
2.800000000000001,0.12895606991025035,26.984384666860336,0.7473684210526316,0.6842105263157895,0,0.846551724137931,26,1.5,26.58554531699991
2.9000000000000012,0.12919225318847424,26.984384666860336,0.7473684210526316,0.6842105263157895,0,0.8466666666666667,26,1.5,26.606544345928953
3.0000000000000013,0.13108171941426547,26.984384666860336,0.7473684210526316,0.6842105263157895,0,0.8483870967741935,24,1.5,26.62621151579733
3.1000000000000014,0.13179026924893716,26.984384666860336,0.7473684210526316,0.6842105263157895,0,0.8484375,23,1.5,26.644046571374417
3.2000000000000015,0.1329711856400567,26.984384666860336,0.7473684210526316,0.6842105263157895,0,0.8484848484848485,24,1.5,26.659781277715144
3.3000000000000016,0.1336797354747284,26.984384666860336,0.7473684210526316,0.6842105263157895,0,0.8485294117647059,24,1.5,26.673171284832357
3.4000000000000017,0.13438828530940009,26.984384666860336,0.7473684210526316,0.6842105263157895,0,0.8514285714285714,24,1.5,26.68399932248691
3.5000000000000018,0.1348606518658479,26.984384666860336,0.7473684210526316,0.6842105263157895,0,0.8527777777777777,23,1.5,26.692076373886408
3.600000000000002,0.1358053849787435,26.984384666860336,0.7473684210526316,0.6842105263157895,0,0.8540540540540541,24,1.5,26.697240795693375
3.700000000000002,0.136986301369863,26.984384666860336,0.7473684210526316,0.6842105263157895,0,0.8565789473684211,23,1.5,26.699544493484915
3.800000000000002,0.13816721776098254,26.984384666860336,0.7473684210526316,0.6842105263157895,0,0.8538461538461538,24,1.5,26.699445410451556
3.900000000000002,0.13911195087387812,26.984384666860336,0.7473684210526316,0.6842105263157895,0,0.8525,23,1.5,26.696868338992537
4.000000000000002,0.14052905054322154,26.984384666860336,0.7473684210526316,0.6842105263157895,0,0.8536585365853658,23,1.5,26.691716182583527
4.100000000000001,0.14100141709966935,26.09710745624176,0.7842105263157895,0.6285714285714286,20,0.8535714285714285,24,1.5,26.690725806374452
4.200000000000001,0.14170996693434104,26.09710745624176,0.7842105263157895,0.6285714285714286,0,0.8546511627906976,23,1.5,26.693827607131357
4.300000000000001,0.14383561643835616,26.09710745624176,0.7842105263157895,0.6285714285714286,0,0.8556818181818182,23,1.5,26.70041936444489
4.4,0.14430798299480396,26.09710745624176,0.7842105263157895,0.6285714285714286,0,0.8566666666666667,24,1.5,26.710218142082187
4.5,0.1450165328294757,26.09710745624176,0.7842105263157895,0.6285714285714286,0,0.8597826086956522,24,1.5,26.723916026058266
4.6,0.14548889938592346,26.09710745624176,0.7842105263157895,0.6285714285714286,0,0.8585106382978723,24,1.5,26.742355028543617
4.699999999999999,0.146669815777043,26.09710745624176,0.7842105263157895,0.6285714285714286,0,0.8604166666666667,24,1.5,26.765668000314758
4.799999999999999,0.1473783656117147,26.09710745624176,0.7842105263157895,0.6285714285714286,0,0.860204081632653,24,1.5,26.793990272047058
4.899999999999999,0.149031648559282,26.09710745624176,0.7842105263157895,0.6285714285714286,0,0.857,23,1.5,26.827475440125077
4.999999999999998,0.14926783183750592,26.09710745624176,0.7842105263157895,0.6285714285714286,0,0.8588235294117647,24,1.5,26.867087574952457
5.099999999999998,0.1502125649504015,26.09710745624176,0.7842105263157895,0.6285714285714286,0,0.8596153846153847,25,1.5,26.911485923688957
5.1999999999999975,0.15139348134152103,26.09710745624176,0.7842105263157895,0.6285714285714286,0,0.8584905660377359,24,1.5,26.96030707251566
5.299999999999997,0.15304676428908834,26.09710745624176,0.7842105263157895,0.6285714285714286,0,0.8601851851851852,24,1.5,27.01290842353968
5.399999999999997,0.15351913084553614,26.09710745624176,0.7842105263157895,0.6285714285714286,0,0.860909090909091,23,1.5,27.068726454960473
5.4999999999999964,0.15399149740198395,26.09710745624176,0.7842105263157895,0.6285714285714286,0,0.8616071428571429,25,1.5,27.127411784556305
5.599999999999996,0.15470004723665565,26.09710745624176,0.7842105263157895,0.6285714285714286,0,0.8614035087719298,26,1.5,27.188255208240726
5.699999999999996,0.15611714690599907,26.09710745624176,0.7842105263157895,0.6285714285714286,0,0.8620689655172413,25,1.5,27.251022155088833
5.799999999999995,0.15706188001889465,26.09710745624176,0.7842105263157895,0.6285714285714286,0,0.861864406779661,26,1.5,27.316171137612457
5.899999999999995,0.15777042985356637,26.09710745624176,0.7842105263157895,0.6285714285714286,0,0.8625,26,1.5,27.383758777751623
5.999999999999995,0.15847897968823807,26.09710745624176,0.7842105263157895,0.6285714285714286,0,0.8622950819672132,27,1.5,27.453598626903553
6.099999999999994,0.16013226263580538,26.09710745624176,0.7842105263157895,0.5576923076923077,20,0.8629032258064516,26,1.5,27.524152382098745
6.199999999999994,0.16131317902692488,27.94139856642394,0.6684210526315789,0.5576923076923077,0,0.8634920634920635,25,1.5,27.59595713121212
6.299999999999994,0.1620217288615966,27.94139856642394,0.6684210526315789,0.5576923076923077,0,0.8640625,25,1.5,27.67071684735262
6.399999999999993,0.16296646197449222,27.94139856642394,0.6684210526315789,0.5576923076923077,0,0.8646153846153846,26,1.5,27.749474780533742
6.499999999999993,0.16343882853094002,27.94139856642394,0.6684210526315789,0.5576923076923077,0,0.8643939393939394,25,1.5,27.832513623675194
6.5999999999999925,0.16461974492205952,27.94139856642394,0.6684210526315789,0.5576923076923077,0,0.8634328358208955,27,1.5,27.919994626260745
6.699999999999992,0.16603684459140292,27.94139856642394,0.6684210526315789,0.5576923076923077,0,0.8639705882352942,24,1.5,28.011890158935277
6.799999999999992,0.16674539442607464,27.94139856642394,0.6684210526315789,0.5576923076923077,0,0.8652173913043478,25,1.5,28.10821597129365
6.8999999999999915,0.16745394426074633,27.94139856642394,0.6684210526315789,0.5576923076923077,0,0.865,25,1.5,28.20867128747691
6.999999999999991,0.16839867737364195,27.94139856642394,0.6684210526315789,0.5576923076923077,0,0.8661971830985915,27,1.5,28.312925714110957
7.099999999999991,0.16981577704298537,27.94139856642394,0.6684210526315789,0.5576923076923077,0,0.8659722222222223,26,1.5,28.42054298342369
7.19999999999999,0.17099669343410487,27.94139856642394,0.6684210526315789,0.5576923076923077,0,0.8657534246575342,26,1.5,28.526916438357063
7.29999999999999,0.17146905999055267,27.94139856642394,0.6684210526315789,0.5576923076923077,0,0.8662162162162163,25,1.5,28.635012924477117
7.39999999999999,0.1724137931034483,27.94139856642394,0.6684210526315789,0.5576923076923077,0,0.8673333333333333,26,1.5,28.7456153816595
7.499999999999989,0.17335852621634387,27.94139856642394,0.6684210526315789,0.5576923076923077,0,0.8657894736842106,27,1.5,28.858270377994202
7.599999999999989,0.1740670760510156,27.94139856642394,0.6684210526315789,0.5576923076923077,0,0.8662337662337662,27,1.5,28.97208177984559
7.699999999999989,0.1761927255550307,27.94139856642394,0.6684210526315789,0.5576923076923077,0,0.8673076923076923,27,1.5,29.087973085634335
7.799999999999988,0.17713745866792632,27.94139856642394,0.6684210526315789,0.5576923076923077,0,0.8683544303797468,27,1.5,29.204973880506344
7.899999999999988,0.1773736419461502,27.94139856642394,0.6684210526315789,0.5576923076923077,0,0.868125,27,1.5,29.323195324026592
7.999999999999988,0.17879074161549363,27.94139856642394,0.6684210526315789,0.5576923076923077,0,0.8685185185185185,27,1.5,29.442471245658883
8.099999999999987,0.17949929145016533,27.94139856642394,0.6684210526315789,0.5588235294117647,20,0.8689024390243902,28,1.5,29.56387428694897
8.199999999999987,0.18044402456306094,27.94139856642394,0.6684210526315789,0.5588235294117647,0,0.8686746987951808,27,1.5,29.687160756842584
8.299999999999986,0.18138875767595655,27.47411484871317,0.7315789473684211,0.5588235294117647,0,0.8702380952380953,26,1.5,29.811309570539624
8.399999999999986,0.18304204062352386,27.47411484871317,0.7315789473684211,0.5588235294117647,0,0.8717647058823529,26,1.5,29.935917925514868
8.499999999999986,0.18445914029286725,27.47411484871317,0.7315789473684211,0.5588235294117647,0,0.8703488372093023,27,1.5,30.060655994442612
8.599999999999985,0.18564005668398678,27.47411484871317,0.7315789473684211,0.5588235294117647,0,0.8689655172413793,28,1.5,30.18520969325221
8.699999999999985,0.1865847897968824,27.47411484871317,0.7315789473684211,0.5588235294117647,0,0.8693181818181818,26,1.5,30.309275974855144
8.799999999999985,0.18800188946622579,27.47411484871317,0.7315789473684211,0.5588235294117647,0,0.8691011235955056,27,1.5,30.43266533811219
8.899999999999984,0.1887104393008975,27.47411484871317,0.7315789473684211,0.5588235294117647,0,0.8688888888888889,30,1.5,30.555242306308873
8.999999999999984,0.1894189891355692,27.47411484871317,0.7315789473684211,0.5588235294117647,0,0.8692307692307693,32,1.5,30.6771782545495
9.099999999999984,0.1910722720831365,27.47411484871317,0.7315789473684211,0.5507246376811594,1,0.8706521739130435,28,1.5,30.798329279548067
9.199999999999983,0.19296173830892774,27.47411484871317,0.7315789473684211,0.5507246376811594,0,0.8709677419354839,28,1.5,30.918351657357398
9.299999999999983,0.19390647142182332,27.47411484871317,0.7315789473684211,0.5507246376811594,0,0.8723404255319149,29,1.5,31.0368888759046
9.399999999999983,0.19508738781294285,27.47411484871317,0.7315789473684211,0.5507246376811594,0,0.8721052631578947,28,1.5,31.15358566766528
9.499999999999982,0.19768540387340577,27.47411484871317,0.7315789473684211,0.5507246376811594,0,0.8729166666666667,30,1.5,31.2682262299992
9.599999999999982,0.19933868682097308,27.47411484871317,0.7315789473684211,0.5507246376811594,0,0.872680412371134,28,1.5,31.380571906188397
9.699999999999982,0.2009919697685404,27.47411484871317,0.7315789473684211,0.5507246376811594,0,0.8714285714285714,31,1.5,31.490366269616903
9.799999999999981,0.201936702881436,27.47411484871317,0.7315789473684211,0.5507246376811594,0,0.8722222222222222,31,1.5,31.597362764066148
9.89999999999998,0.2038261691072272,27.47411484871317,0.7315789473684211,0.5507246376811594,0,0.8725,33,1.5,31.701346364664268
9.99999999999998,0.20453471894189892,27.47411484871317,0.7315789473684211,0.5507246376811594,0,0.8717821782178218,36,1.5,31.802160206681535
10.09999999999998,0.20571563533301843,27.47411484871317,0.7315789473684211,0.5116279069767442,19,0.8725490196078431,34,1.5,31.907617437702125
10.19999999999998,0.20713273500236185,27.47411484871317,0.7315789473684211,0.5116279069767442,0,0.8718446601941747,34,1.5,32.01884601210228
10.29999999999998,0.20878601794992915,27.47411484871317,0.7315789473684211,0.5116279069767442,0,0.8721153846153846,32,1.5,32.13370718637141
10.399999999999979,0.20996693434104866,26.632396836151493,0.7473684210526316,0.5116279069767442,0,0.8723809523809524,34,1.5,32.249838659916655
10.499999999999979,0.21256495040151158,26.632396836151493,0.7473684210526316,0.5116279069767442,0,0.8731132075471698,35,1.5,32.36668908785603
10.599999999999978,0.2146905999055267,26.632396836151493,0.7473684210526316,0.5116279069767442,0,0.8733644859813084,31,1.5,32.483773147396164
10.699999999999978,0.2168162494095418,26.632396836151493,0.7473684210526316,0.5116279069767442,0,0.8726851851851852,33,1.5,32.600792971578976
10.799999999999978,0.21776098252243742,26.632396836151493,0.7473684210526316,0.5116279069767442,0,0.8724770642201835,33,1.5,32.71822972065062
10.899999999999977,0.22083136513934815,26.632396836151493,0.7473684210526316,0.5116279069767442,0,0.8727272727272727,34,1.5,32.83614352798276
10.999999999999977,0.22201228153046765,26.632396836151493,0.7473684210526316,0.5116279069767442,0,0.872072072072072,31,1.5,32.9541740792966
11.099999999999977,0.22461029759093057,26.632396836151493,0.7473684210526316,0.5057471264367817,1,0.871875,31,1.5,33.07250456064575
11.199999999999976,0.22626358053849788,26.632396836151493,0.7473684210526316,0.5057471264367817,0,0.8716814159292036,33,1.5,33.19077864550167
11.299999999999976,0.22744449692961738,26.632396836151493,0.7473684210526316,0.5057471264367817,0,0.8728070175438597,34,1.5,33.30833122254217
11.399999999999975,0.2293339631554086,26.632396836151493,0.7473684210526316,0.5057471264367817,0,0.8730434782608696,31,1.5,33.42467458907754
11.499999999999975,0.2316957959376476,26.632396836151493,0.7473684210526316,0.5057471264367817,0,0.8728448275862069,35,1.5,33.53977703295295
11.599999999999975,0.23452999527633445,26.632396836151493,0.7473684210526316,0.5057471264367817,0,0.8726495726495727,36,1.5,33.65396713289938
11.699999999999974,0.23594709494567784,26.632396836151493,0.7473684210526316,0.5,1,0.8728813559322034,36,1.5,33.76694672625222
11.799999999999974,0.23783656117146906,26.632396836151493,0.7473684210526316,0.5,0,0.8735294117647059,32,1.5,33.87903772353792
11.899999999999974,0.23948984411903637,26.632396836151493,0.7473684210526316,0.5,0,0.87375,35,1.5,33.99043550885261
11.999999999999973,0.2409069437883798,26.632396836151493,0.7473684210526316,0.5,0,0.8739669421487604,34,1.5,34.101017744840945
12.099999999999973,0.2435049598488427,26.632396836151493,0.7473684210526316,0.49514563106796117,18,0.875,35,1.5,34.21110985700039
12.199999999999973,0.24586679263108172,26.632396836151493,0.7473684210526316,0.49514563106796117,0,0.8752032520325204,36,1.5,34.32034846657761
12.299999999999972,0.24775625885687294,26.632396836151493,0.7473684210526316,0.49514563106796117,0,0.8745967741935484,35,1.5,34.428860057408556
12.399999999999972,0.24870099196976855,26.632396836151493,0.7473684210526316,0.49514563106796117,0,0.8744,35,1.5,34.539989574830145
12.499999999999972,0.25153519130845536,25.77934930160404,0.7789473684210526,0.49514563106796117,0,0.875,35,1.5,34.65239690342925
12.599999999999971,0.2531884742560227,25.77934930160404,0.7789473684210526,0.49514563106796117,0,0.8740157480314961,37,1.5,34.76396382392956
12.69999999999997,0.25484175720359,25.77934930160404,0.7789473684210526,0.49514563106796117,0,0.874609375,40,1.5,34.874941276199536
12.79999999999997,0.2560226735947095,25.77934930160404,0.7789473684210526,0.49514563106796117,0,0.874031007751938,39,1.5,34.98494462189585
12.89999999999997,0.2579121398205007,25.77934930160404,0.7789473684210526,0.49514563106796117,0,0.8742307692307693,40,1.5,35.094223450965515
12.99999999999997,0.2593292394898441,25.77934930160404,0.7789473684210526,0.49514563106796117,0,0.8748091603053435,43,1.5,35.20324725791204
13.09999999999997,0.2612187057156353,25.77934930160404,0.7789473684210526,0.49038461538461536,1,0.8757575757575757,41,1.5,35.31240125284692
13.199999999999969,0.26287198866320266,25.77934930160404,0.7789473684210526,0.49038461538461536,0,0.8759398496240601,41,1.5,35.42071800441958
13.299999999999969,0.2649976381672178,25.77934930160404,0.7789473684210526,0.49038461538461536,0,0.8757462686567165,40,1.5,35.52825647558424
13.399999999999968,0.26641473783656117,25.77934930160404,0.7789473684210526,0.49038461538461536,0,0.8766666666666667,40,1.5,35.63541938585666
13.499999999999968,0.2671232876712329,25.77934930160404,0.7789473684210526,0.49038461538461536,0,0.8757352941176471,39,1.5,35.742141636758184
13.599999999999968,0.269248937175248,25.77934930160404,0.7789473684210526,0.49038461538461536,0,0.8759124087591241,38,1.5,35.84837294402301
13.699999999999967,0.2706660368445914,25.77934930160404,0.7789473684210526,0.49038461538461536,1,0.8757246376811594,41,1.5,35.95407794648553
13.799999999999967,0.27113840340103923,25.77934930160404,0.7789473684210526,0.49038461538461536,0,0.8758992805755396,42,1.5,36.05955007925024
13.899999999999967,0.2727916863486065,25.77934930160404,0.7789473684210526,0.49038461538461536,0,0.8753571428571428,43,1.5,36.16477967550891
13.999999999999966,0.2751535191308455,25.77934930160404,0.7789473684210526,0.49038461538461536,0,0.875177304964539,41,1.5,36.26970088783338
14.099999999999966,0.27704298535663674,25.77934930160404,0.7789473684210526,0.48360655737704916,18,0.8760563380281691,40,1.5,36.37862666335596
14.199999999999966,0.27916863486065185,25.77934930160404,0.7789473684210526,0.48360655737704916,0,0.8765734265734266,38,1.5,36.49083931418346
14.299999999999965,0.28034955125177136,25.77934930160404,0.7789473684210526,0.48360655737704916,0,0.8774305555555556,38,1.5,36.605778133114015
14.399999999999965,0.28247520075578647,25.77934930160404,0.7789473684210526,0.48360655737704916,0,0.8775862068965518,39,1.5,36.722869885603515
14.499999999999964,0.2846008502598016,25.77934930160404,0.7789473684210526,0.48360655737704916,0,0.8777397260273972,37,1.5,36.84153747010074
14.599999999999964,0.2864903164855928,25.268386288495392,0.7684210526315789,0.48360655737704916,0,0.8768707482993198,38,1.5,36.96154417747162
14.699999999999964,0.2876712328767123,25.268386288495392,0.7684210526315789,0.48360655737704916,0,0.8766891891891891,39,1.5,37.08277325161648
14.799999999999963,0.2886159659896079,25.268386288495392,0.7684210526315789,0.48360655737704916,0,0.876510067114094,42,1.5,37.2046906902255
14.899999999999963,0.29026924893717526,25.268386288495392,0.7684210526315789,0.48360655737704916,0,0.876,47,1.5,37.327067650797375
14.999999999999963,0.29097779877184693,25.268386288495392,0.7684210526315789,0.4796747967479675,1,0.8754966887417218,47,1.5,37.449694861637035
15.099999999999962,0.2923948984411904,25.268386288495392,0.7684210526315789,0.47580645161290325,1,0.8756578947368421,47,1.5,37.57237790694279
15.199999999999962,0.29381199811053377,25.268386288495392,0.7684210526315789,0.47580645161290325,0,0.8764705882352941,44,1.5,37.694914199860015
15.299999999999962,0.29617383089277277,25.268386288495392,0.7684210526315789,0.47580645161290325,0,0.8769480519480519,42,1.5,37.81686932744505
15.399999999999961,0.2975909305621162,25.268386288495392,0.7684210526315789,0.47580645161290325,0,0.8774193548387097,46,1.5,37.937809562096604
15.499999999999961,0.3001889466225791,25.268386288495392,0.7684210526315789,0.47580645161290325,0,0.8778846153846154,44,1.5,38.057316421969674
15.59999999999996,0.30184222957014645,25.268386288495392,0.7684210526315789,0.47580645161290325,0,0.8780254777070063,45,1.5,38.17499014959306
15.69999999999996,0.30349551251771373,25.268386288495392,0.7684210526315789,0.472,1,0.8781645569620253,44,1.5,38.28960976178877
15.79999999999996,0.30444024563060934,25.268386288495392,0.7684210526315789,0.472,0,0.8783018867924528,46,1.5,38.40078710894686
15.89999999999996,0.3060935285781767,25.268386288495392,0.7684210526315789,0.472,0,0.878125,47,1.5,38.508577599800034
15.99999999999996,0.30680207841284834,25.268386288495392,0.7684210526315789,0.472,0,0.8782608695652174,45,1.5,38.61324784586703
16.09999999999996,0.3084553613604157,25.268386288495392,0.7684210526315789,0.4714285714285714,17,0.8783950617283951,44,1.5,38.71624253964225
16.19999999999996,0.310108644307983,25.268386288495392,0.7684210526315789,0.4714285714285714,0,0.8785276073619632,45,1.5,38.81801315914431
16.29999999999996,0.3127066603684459,25.268386288495392,0.7684210526315789,0.4714285714285714,0,0.8780487804878049,45,1.5,38.918130057398635
16.399999999999963,0.3138875767595654,25.268386288495392,0.7684210526315789,0.4714285714285714,0,0.8784848484848485,47,1.5,39.016622885293536
16.499999999999964,0.31577704298535664,25.268386288495392,0.7684210526315789,0.4714285714285714,0,0.8792168674698795,49,1.5,39.11310204984258
16.599999999999966,0.317430325932924,28.84953580545934,0.6526315789473685,0.4714285714285714,0,0.8790419161676647,49,1.5,39.205689796537605
16.699999999999967,0.31931979215871514,28.84953580545934,0.6526315789473685,0.4714285714285714,0,0.8797619047619047,50,1.5,39.2939446487915
16.79999999999997,0.3209730751062825,28.84953580545934,0.6526315789473685,0.4714285714285714,0,0.8795857988165681,51,1.5,39.38031644087919
16.89999999999997,0.32144544166273026,28.84953580545934,0.6526315789473685,0.4714285714285714,0,0.8797058823529412,50,1.5,39.46478365234232
16.99999999999997,0.32239017477562587,28.84953580545934,0.6526315789473685,0.46808510638297873,1,0.8792397660818714,49,1.5,39.5464062316644
17.099999999999973,0.3240434577231932,28.84953580545934,0.6526315789473685,0.4647887323943662,1,0.8793604651162791,48,1.5,39.62528823612199
17.199999999999974,0.3252243741143127,28.84953580545934,0.6526315789473685,0.4647887323943662,0,0.8797687861271676,47,1.5,39.70201296933631
17.299999999999976,0.3261691072272083,28.84953580545934,0.6526315789473685,0.4647887323943662,0,0.8793103448275862,48,1.5,39.776571407640205
17.399999999999977,0.3287671232876712,28.84953580545934,0.6526315789473685,0.4647887323943662,0,0.8797142857142857,49,1.5,39.8489683763189
17.49999999999998,0.33018422295701466,28.84953580545934,0.6526315789473685,0.4647887323943662,0,0.8801136363636364,48,1.5,39.9194543424016
17.59999999999998,0.33136513934813416,28.84953580545934,0.6526315789473685,0.4647887323943662,0,0.880225988700565,48,1.5,39.98765289938459
17.69999999999998,0.33372697213037317,28.84953580545934,0.6526315789473685,0.46853146853146854,1,0.8806179775280899,50,1.5,40.05311682846485
17.799999999999983,0.3356164383561644,28.84953580545934,0.6526315789473685,0.4652777777777778,1,0.8807262569832403,48,1.5,40.116132490017556
17.899999999999984,0.3367973547472839,28.84953580545934,0.6526315789473685,0.46206896551724136,1,0.8805555555555555,50,1.5,40.176918087944316
17.999999999999986,0.33845063769485123,28.84953580545934,0.6526315789473685,0.46206896551724136,0,0.880939226519337,49,1.5,40.23503268919759
18.099999999999987,0.3391591875295229,28.84953580545934,0.6526315789473685,0.47468354430379744,15,0.8807692307692307,49,1.5,40.29124121079118
18.19999999999999,0.3403401039206424,28.84953580545934,0.6526315789473685,0.47468354430379744,0,0.8808743169398907,48,1.5,40.34547988028399
18.29999999999999,0.34175720358998585,28.84953580545934,0.6526315789473685,0.47468354430379744,0,0.8809782608695652,49,1.5,40.39678249311185
18.39999999999999,0.34388285309400096,28.84953580545934,0.6526315789473685,0.47468354430379744,0,0.8805405405405405,47,1.5,40.44518451009392
18.499999999999993,0.34529995276334435,28.84953580545934,0.6526315789473685,0.47468354430379744,0,0.8806451612903226,46,1.5,40.490785139134786
18.599999999999994,0.34624468587623997,30.719612208579804,0.6578947368421053,0.47468354430379744,0,0.8802139037433155,47,1.5,40.53381704378738
18.699999999999996,0.3471894189891356,30.719612208579804,0.6578947368421053,0.47468354430379744,0,0.8805851063829787,49,1.5,40.57456364503829
18.799999999999997,0.34884270193670286,30.719612208579804,0.6578947368421053,0.47468354430379744,0,0.8812169312169312,51,1.5,40.613653444223445
18.9,0.3495512517713746,30.719612208579804,0.6578947368421053,0.47468354430379744,0,0.8810526315789474,51,1.5,40.651369379071696
19.0,0.3516769012753897,30.719612208579804,0.6578947368421053,0.47468354430379744,1,0.881413612565445,49,1.5,40.68800744310105
19.1,0.3530940009447331,30.719612208579804,0.6578947368421053,0.46875,2,0.88125,50,1.5,40.72428788680005
19.200000000000003,0.3540387340576287,30.719612208579804,0.6578947368421053,0.46875,0,0.8808290155440415,50,1.5,40.76048475885804
19.300000000000004,0.35569201700519604,30.719612208579804,0.6578947368421053,0.46875,0,0.8811855670103093,51,1.5,40.79676846435936
19.400000000000006,0.35710911667453943,30.719612208579804,0.6578947368421053,0.46875,0,0.8817948717948718,49,1.5,40.833035604045904
19.500000000000007,0.35876239962210676,30.719612208579804,0.6578947368421053,0.46875,0,0.8816326530612245,47,1.5,40.868319430762575
19.60000000000001,0.36017949929145016,30.719612208579804,0.6578947368421053,0.46875,0,0.881979695431472,47,1.5,40.902554792661086
19.70000000000001,0.3608880491261219,30.719612208579804,0.6578947368421053,0.4658385093167702,1,0.8815656565656566,46,1.5,40.93510116587528
19.80000000000001,0.3632498819083609,30.719612208579804,0.6578947368421053,0.46296296296296297,1,0.8819095477386935,49,1.5,40.96595890493167
19.900000000000013,0.3646669815777043,30.719612208579804,0.6578947368421053,0.4601226993865031,1,0.882,47,1.5,40.99563208903669
20.000000000000014,0.36584789796882383,30.719612208579804,0.6578947368421053,0.4601226993865031,0,0.8818407960199005,50,1.5,41.02418992282127
20.100000000000016,0.3665564478034955,30.719612208579804,0.6578947368421053,0.48,14,0.8814356435643564,48,1.5,41.04963289937351
20.200000000000017,0.36820973075106284,30.719612208579804,0.6578947368421053,0.48,0,0.8815270935960591,46,1.5,41.07294591431384
20.30000000000002,0.3696268304204062,30.719612208579804,0.6578947368421053,0.48,0,0.8816176470588235,47,1.5,41.09532877628352
20.40000000000002,0.37057156353330184,30.719612208579804,0.6578947368421053,0.48,0,0.8819512195121951,46,1.5,41.116851792826374
20.50000000000002,0.37293339631554084,30.719612208579804,0.6578947368421053,0.48,0,0.8822815533980582,42,1.5,41.13728706481783
20.600000000000023,0.3745866792631082,32.59838900031494,0.5894736842105263,0.48,0,0.8826086956521739,43,1.5,41.156644303753225
20.700000000000024,0.3755314123760038,32.59838900031494,0.5894736842105263,0.48,0,0.8822115384615384,43,1.5,41.175001162843124
20.800000000000026,0.3771846953235711,32.59838900031494,0.5894736842105263,0.48,0,0.8822966507177034,47,1.5,41.19244797455202
20.900000000000027,0.3786017949929145,32.59838900031494,0.5894736842105263,0.48,0,0.8826190476190476,49,1.5,41.20928877741175
21.00000000000003,0.37954652810581013,32.59838900031494,0.5894736842105263,0.48295454545454547,1,0.8829383886255924,50,1.5,41.22614144757832
21.10000000000003,0.3800188946622579,32.59838900031494,0.5894736842105263,0.480225988700565,2,0.882311320754717,51,1.5,41.24331295178129
21.20000000000003,0.38072744449692963,32.59838900031494,0.5894736842105263,0.48314606741573035,1,0.8823943661971831,52,1.5,41.26115945744545
21.300000000000033,0.3823807274444969,32.59838900031494,0.5894736842105263,0.48314606741573035,0,0.8817757009345795,50,1.5,41.279288594216595
21.400000000000034,0.38427019367028814,32.59838900031494,0.5894736842105263,0.48314606741573035,0,0.881860465116279,47,1.5,41.29776901814532
21.500000000000036,0.38521492678318375,32.59838900031494,0.5894736842105263,0.48314606741573035,0,0.882175925925926,46,1.5,41.316670808964865
21.600000000000037,0.387104393008975,32.59838900031494,0.5894736842105263,0.48314606741573035,0,0.8824884792626728,44,1.5,41.335991354545236
21.70000000000004,0.38781294284364665,32.59838900031494,0.5894736842105263,0.48314606741573035,1,0.8825688073394495,45,1.5,41.35511239090192
21.80000000000004,0.3892300425129901,32.59838900031494,0.5894736842105263,0.48044692737430167,1,0.8828767123287671,47,1.5,41.37398466814774
21.90000000000004,0.3904109589041096,32.59838900031494,0.5894736842105263,0.4777777777777778,1,0.8827272727272727,47,1.5,41.39248619217352
22.000000000000043,0.3923004251299008,32.59838900031494,0.5894736842105263,0.4777777777777778,0,0.8828054298642534,46,1.5,41.410582987107986
22.100000000000044,0.3934813415210203,32.59838900031494,0.5894736842105263,0.47619047619047616,14,0.8828828828828829,46,1.5,41.43056216043058
22.200000000000045,0.3939537080774681,32.59838900031494,0.5894736842105263,0.47619047619047616,0,0.8834080717488789,46,1.5,41.451502063775706
22.300000000000047,0.3948984411903637,32.59838900031494,0.5894736842105263,0.47619047619047616,0,0.8832589285714286,45,1.5,41.47317174747662
22.40000000000005,0.3963155408597071,32.59838900031494,0.5894736842105263,0.47619047619047616,0,0.8828888888888888,41,1.5,41.49549742148529
22.50000000000005,0.39749645725082666,32.59838900031494,0.5894736842105263,0.47619047619047616,0,0.8829646017699115,40,1.5,41.51841674599579
22.60000000000005,0.39891355692017005,32.53456066060745,0.5789473684210527,0.47619047619047616,0,0.8830396475770925,40,1.5,41.54192496549339
22.700000000000053,0.3996221067548418,32.53456066060745,0.5789473684210527,0.47619047619047616,0,0.8831140350877194,41,1.5,41.566022970216736
22.800000000000054,0.40103920642418517,32.53456066060745,0.5789473684210527,0.47619047619047616,0,0.8831877729257642,42,1.5,41.59071016486999
22.900000000000055,0.40245630609352856,32.53456066060745,0.5789473684210527,0.47619047619047616,0,0.8830434782608696,42,1.5,41.61598441859563
23.000000000000057,0.403873405762872,32.53456066060745,0.5789473684210527,0.4789473684210526,1,0.8833333333333333,43,1.5,41.641141008329214
23.10000000000006,0.4048181388757676,32.53456066060745,0.5789473684210527,0.4789473684210526,1,0.8834051724137931,43,1.5,41.66624194564672
23.20000000000006,0.4057628719886632,32.53456066060745,0.5789473684210527,0.47643979057591623,1,0.8836909871244635,42,1.5,41.69135138249723
23.30000000000006,0.4071799716580066,32.53456066060745,0.5789473684210527,0.47643979057591623,0,0.8835470085470085,43,1.5,41.71653494821358
23.400000000000063,0.4074161549362305,32.53456066060745,0.5789473684210527,0.47643979057591623,0,0.8834042553191489,42,1.5,41.74185906737901
23.500000000000064,0.4088332546055739,32.53456066060745,0.5789473684210527,0.47643979057591623,0,0.8836864406779661,43,1.5,41.76739029215612
23.600000000000065,0.4095418044402456,32.53456066060745,0.5789473684210527,0.47643979057591623,0,0.8839662447257384,44,1.5,41.7931946849862
23.700000000000067,0.41143127066603685,32.53456066060745,0.5789473684210527,0.4739583333333333,1,0.8838235294117647,45,1.5,41.818744403225644
23.800000000000068,0.41166745394426074,32.53456066060745,0.5789473684210527,0.47668393782383417,1,0.8836820083682009,47,1.5,41.844046909600465
23.90000000000007,0.41308455361360413,32.53456066060745,0.5789473684210527,0.4742268041237113,1,0.8833333333333333,43,1.5,41.86912387432736
24.00000000000007,0.41379310344827586,32.53456066060745,0.5789473684210527,0.4742268041237113,0,0.8829875518672199,43,1.5,41.89400194692062
24.100000000000072,0.41402928672649975,32.53456066060745,0.5789473684210527,0.48258706467661694,14,0.8832644628099173,43,1.5,41.91890446957889
24.200000000000074,0.41521020311761925,32.53456066060745,0.5789473684210527,0.4801980198019802,1,0.8835390946502057,42,1.5,41.94369718143377
24.300000000000075,0.4163911195087388,32.53456066060745,0.5789473684210527,0.4801980198019802,0,0.8838114754098361,42,1.5,41.96794132055297
24.400000000000077,0.4180444024563061,32.53456066060745,0.5789473684210527,0.4801980198019802,0,0.8836734693877552,41,1.5,41.99111611236036
24.500000000000078,0.4189891355692017,32.53456066060745,0.5789473684210527,0.4801980198019802,0,0.8833333333333333,41,1.5,42.002864456290716
24.60000000000008,0.4194615021256495,36.96995550012658,0.48947368421052634,0.4801980198019802,0,0.8838056680161943,41,1.5,42.01061036886203
24.70000000000008,0.4201700519603212,36.96995550012658,0.48947368421052634,0.4801980198019802,0,0.8836693548387097,42,1.5,42.0172144116301
24.800000000000082,0.4208786017949929,36.96995550012658,0.48947368421052634,0.4801980198019802,0,0.8833333333333333,42,1.5,42.02205876852136
24.900000000000084,0.42158715162966465,36.96995550012658,0.48947368421052634,0.4801980198019802,0,0.8836,43,1.5,42.0246460538372
25.000000000000085,0.42182333490788854,36.96995550012658,0.48947368421052634,0.4827586206896552,1,0.8826693227091633,43,1.5,42.024837583848296
25.100000000000087,0.4222957014643363,36.96995550012658,0.48947368421052634,0.4827586206896552,0,0.8827380952380952,43,1.5,42.02264494837447
25.200000000000088,0.42276806802078415,36.96995550012658,0.48947368421052634,0.4878048780487805,2,0.88300395256917,42,1.5,42.01700984839464
25.30000000000009,0.4234766178554558,36.96995550012658,0.48947368421052634,0.4878048780487805,0,0.8832677165354331,44,1.5,42.008030463487465
25.40000000000009,0.42418516769012754,36.96995550012658,0.48947368421052634,0.4878048780487805,0,0.8833333333333333,44,1.5,41.995759195295435
25.500000000000092,0.42560226735947093,36.96995550012658,0.48947368421052634,0.4878048780487805,0,0.88359375,45,1.5,41.98022328757498
25.600000000000094,0.4270193670288144,36.96995550012658,0.48947368421052634,0.4878048780487805,0,0.883852140077821,42,1.5,41.96192503015879
25.700000000000095,0.42749173358526216,36.96995550012658,0.48947368421052634,0.4927536231884058,2,0.8843023255813953,43,1.5,41.941509242752495
25.800000000000097,0.4282002834199339,36.96995550012658,0.48947368421052634,0.49038461538461536,1,0.883976833976834,42,1.5,41.919135384844814
25.900000000000098,0.42843646669815777,36.96995550012658,0.48947368421052634,0.49038461538461536,1,0.8836538461538461,43,1.5,41.89498218661874
26.0000000000001,0.4293811998110534,36.96995550012658,0.48947368421052634,0.49038461538461536,0,0.8831417624521073,44,1.5,41.86904849887362
26.1000000000001,0.4300897496457251,36.96995550012658,0.48947368421052634,0.4977168949771689,13,0.883206106870229,44,1.5,41.840533506829686
26.200000000000102,0.430325932923949,36.96995550012658,0.48947368421052634,0.4977168949771689,0,0.8832699619771863,44,1.5,41.809474309368866
26.300000000000104,0.4312706660368446,36.96995550012658,0.48947368421052634,0.4977168949771689,0,0.8827651515151516,43,1.5,41.77546145898297
26.400000000000105,0.4312706660368446,36.96995550012658,0.48947368421052634,0.4977168949771689,0,0.8826415094339622,43,1.5,41.73835611022698
26.500000000000107,0.4322153991497402,36.96995550012658,0.48947368421052634,0.4977168949771689,0,0.8825187969924813,42,1.5,41.69910361943472
26.600000000000108,0.4329239489844119,35.59306657583533,0.5684210526315789,0.4977168949771689,0,0.8827715355805243,41,1.5,41.65819159755013
26.70000000000011,0.4336324988190836,35.59306657583533,0.5684210526315789,0.4977168949771689,0,0.8832089552238805,41,1.5,41.61588147276476
26.80000000000011,0.4338686820973075,35.59306657583533,0.5684210526315789,0.4977168949771689,0,0.88364312267658,41,1.5,41.57244327098306
26.900000000000112,0.4348134152102031,35.59306657583533,0.5684210526315789,0.4977168949771689,0,0.8835185185185185,42,1.5,41.52814704151509
27.000000000000114,0.4359943316013226,35.59306657583533,0.5684210526315789,0.4954545454545455,1,0.8835793357933579,42,1.5,41.48369352806558
27.100000000000115,0.4371752479924421,35.59306657583533,0.5684210526315789,0.4954545454545455,0,0.8838235294117647,43,1.5,41.43699594961119
27.200000000000117,0.43788379782711384,35.59306657583533,0.5684210526315789,0.5,2,0.8836996336996337,42,1.5,41.38998361212367
27.300000000000118,0.43811998110533773,35.59306657583533,0.5684210526315789,0.5,0,0.8835766423357664,43,1.5,41.34302068584963
27.40000000000012,0.43859234766178556,35.59306657583533,0.5684210526315789,0.5,0,0.8832727272727273,44,1.5,41.2964777268025
27.50000000000012,0.4395370807746812,35.59306657583533,0.5684210526315789,0.5,0,0.8827898550724638,41,1.5,41.250881327938956
27.600000000000122,0.43977326405290507,35.59306657583533,0.5684210526315789,0.5,0,0.8830324909747292,41,1.5,41.206827193517306
27.700000000000124,0.4407179971658007,35.59306657583533,0.5684210526315789,0.5,2,0.8830935251798561,42,1.5,41.16450741911337
27.800000000000125,0.4416627302786963,35.59306657583533,0.5684210526315789,0.5022222222222222,1,0.8833333333333333,41,1.5,41.123648061018905
27.900000000000126,0.44260746339159185,35.59306657583533,0.5684210526315789,0.5,1,0.8833928571428571,41,1.5,41.084114293184065
28.000000000000128,0.4430798299480397,35.59306657583533,0.5684210526315789,0.5,0,0.8832740213523131,40,1.5,41.046137871618825
28.10000000000013,0.4442607463391592,35.59306657583533,0.5684210526315789,0.5189873417721519,13,0.8829787234042553,39,1.5,41.007912814289654
28.20000000000013,0.4449692961738309,35.59306657583533,0.5684210526315789,0.5189873417721519,0,0.8830388692579505,38,1.5,40.96938763138
28.300000000000132,0.4454416627302787,35.59306657583533,0.5684210526315789,0.5189873417721519,0,0.8830985915492958,39,1.5,40.93051669912327
28.400000000000134,0.4459140292867265,35.59306657583533,0.5684210526315789,0.5189873417721519,0,0.8833333333333333,40,1.5,40.8912976553142
28.500000000000135,0.4463863958431743,35.59306657583533,0.5684210526315789,0.5189873417721519,0,0.8833916083916084,40,1.5,40.851732757031385
28.600000000000136,0.447094945677846,36.07182569567875,0.5736842105263158,0.5189873417721519,0,0.8831010452961673,41,1.5,40.81192181368086
28.700000000000138,0.4473311289560699,36.07182569567875,0.5736842105263158,0.5189873417721519,0,0.8833333333333333,41,1.5,40.7719407266654
28.80000000000014,0.44803967879074164,36.07182569567875,0.5736842105263158,0.5189873417721519,0,0.8833910034602076,39,1.5,40.73207383401263
28.90000000000014,0.4482758620689655,36.07182569567875,0.5736842105263158,0.5189873417721519,0,0.883448275862069,39,1.5,40.69200834563405
29.000000000000142,0.44922059518186114,36.07182569567875,0.5736842105263158,0.5210084033613446,1,0.8835051546391752,39,1.5,40.65090223349462
29.100000000000144,0.45111006140765236,36.07182569567875,0.5736842105263158,0.5210084033613446,0,0.8833904109589041,42,1.5,40.60882160310751
29.200000000000145,0.45134624468587625,36.07182569567875,0.5736842105263158,0.525,2,0.8834470989761092,41,1.5,40.5648900849154
29.300000000000146,0.4520547945205479,36.07182569567875,0.5736842105263158,0.525,0,0.8835034013605442,41,1.5,40.5192982746672
29.400000000000148,0.45252716107699575,36.07182569567875,0.5736842105263158,0.525,0,0.883728813559322,42,1.5,40.47231065405102
29.50000000000015,0.45276334435521964,36.07182569567875,0.5736842105263158,0.525,0,0.8837837837837837,42,1.5,40.424282487861646
29.60000000000015,0.45347189418989137,36.07182569567875,0.5736842105263158,0.525,0,0.8838383838383839,42,1.5,40.375667976654334
29.700000000000152,0.45370807746811526,36.07182569567875,0.5736842105263158,0.5289256198347108,2,0.8840604026845638,42,1.5,40.32655578342005
29.800000000000153,0.454416627302787,36.07182569567875,0.5736842105263158,0.5289256198347108,1,0.8844481605351171,41,1.5,40.27607329808295
29.900000000000155,0.45488899385923476,36.07182569567875,0.5736842105263158,0.5267489711934157,1,0.8845,41,1.5,40.22455161458536
30.000000000000156,0.4553613604156826,36.07182569567875,0.5736842105263158,0.5267489711934157,0,0.8843853820598007,41,1.5,40.17191688947559
30.100000000000158,0.456778460085026,36.07182569567875,0.5736842105263158,0.5390625,13,0.884271523178808,41,1.5,40.11833845606552
30.20000000000016,0.4577231931979216,36.07182569567875,0.5736842105263158,0.5390625,0,0.8843234323432343,40,1.5,40.06398286921349
30.30000000000016,0.4581955597543694,36.07182569567875,0.5736842105263158,0.5390625,0,0.8842105263157894,41,1.5,40.00895180537036
30.400000000000162,0.4584317430325933,36.07182569567875,0.5736842105263158,0.5390625,0,0.8842622950819672,42,1.5,39.95370412999369
30.500000000000163,0.4600850259801606,36.07182569567875,0.5736842105263158,0.5390625,0,0.8841503267973856,43,1.5,39.898856439501095
30.600000000000165,0.4607935758148323,36.32741928233934,0.5421052631578948,0.5390625,0,0.8842019543973941,44,1.5,39.84495662969178
30.700000000000166,0.4619744922059518,36.32741928233934,0.5421052631578948,0.5390625,0,0.8839285714285714,43,1.5,39.79247939067138
30.800000000000168,0.46291922531884744,36.32741928233934,0.5421052631578948,0.5390625,0,0.8843042071197411,43,1.5,39.741364083095384
30.90000000000017,0.4636277751535191,36.32741928233934,0.5421052631578948,0.5390625,0,0.8843548387096775,42,1.5,39.691610374048835
31.00000000000017,0.4645725082664147,36.32741928233934,0.5421052631578948,0.5408560311284046,1,0.8845659163987138,40,1.5,39.64317248783
31.100000000000172,0.4657534246575342,36.32741928233934,0.5421052631578948,0.5408560311284046,0,0.8842948717948718,39,1.5,39.59681047288845
31.200000000000173,0.46646197449220594,36.32741928233934,0.5421052631578948,0.5426356589147286,2,0.8843450479233227,38,1.5,39.552863836528964
31.300000000000175,0.46787907416154934,36.32741928233934,0.5421052631578948,0.5426356589147286,0,0.8847133757961784,37,1.5,39.51112958722487
31.400000000000176,0.46882380727444495,36.32741928233934,0.5421052631578948,0.5426356589147286,0,0.8849206349206349,39,1.5,39.47161608412476
31.500000000000178,0.46976854038734056,36.32741928233934,0.5421052631578948,0.5426356589147286,0,0.8849683544303798,40,1.5,39.43453844571725
31.60000000000018,0.4704770902220123,36.32741928233934,0.5421052631578948,0.5426356589147286,0,0.8850157728706625,42,1.5,39.400135633103815
31.70000000000018,0.4723665564478035,36.32741928233934,0.5421052631578948,0.5461538461538461,2,0.884748427672956,43,1.5,39.36837147595272
31.800000000000182,0.4730751062824752,36.32741928233934,0.5421052631578948,0.5461538461538461,1,0.8844827586206897,42,1.5,39.33932162995302
31.900000000000183,0.4737836561171469,36.32741928233934,0.5421052631578948,0.5440613026819924,1,0.884375,41,1.5,39.31081520551179
32.000000000000185,0.4747283892300425,36.32741928233934,0.5421052631578948,0.5440613026819924,0,0.8841121495327103,41,1.5,39.28291990305255
32.100000000000186,0.4756731223429381,36.32741928233934,0.5421052631578948,0.5430711610486891,13,0.8843167701863354,41,1.5,39.25452846642059
32.20000000000019,0.47685403873405763,36.32741928233934,0.5421052631578948,0.5430711610486891,0,0.8843653250773994,43,1.5,39.225617536484386
32.30000000000019,0.478271138403401,36.32741928233934,0.5421052631578948,0.5430711610486891,0,0.8844135802469136,42,1.5,39.1959823440424
32.40000000000019,0.47897968823807274,36.32741928233934,0.5421052631578948,0.5430711610486891,0,0.8844615384615384,44,1.5,39.16539911196923
32.50000000000019,0.47968823807274447,36.32741928233934,0.5421052631578948,0.5430711610486891,0,0.8843558282208589,42,1.5,39.133533893475864
32.60000000000019,0.47992442135096836,36.37009072589635,0.5526315789473685,0.5430711610486891,0,0.8845565749235474,43,1.5,39.10101389227448
32.700000000000195,0.48157770429853564,36.37009072589635,0.5526315789473685,0.5430711610486891,0,0.8846036585365854,43,1.5,39.06822668364919
32.800000000000196,0.48228625413320736,36.37009072589635,0.5526315789473685,0.5430711610486891,0,0.8846504559270517,44,1.5,39.035534251645785
32.9000000000002,0.48323098724610297,36.37009072589635,0.5526315789473685,0.5430711610486891,0,0.8843939393939394,45,1.5,39.00337348110663
33.0000000000002,0.48346717052432686,36.37009072589635,0.5526315789473685,0.5447761194029851,1,0.8844410876132931,45,1.5,38.97253832965644
33.1000000000002,0.4844119036372225,36.37009072589635,0.5526315789473685,0.5447761194029851,0,0.8843373493975903,44,1.5,38.94329608783369
33.2000000000002,0.4848842701936703,36.37009072589635,0.5526315789473685,0.5447761194029851,2,0.8840840840840841,42,1.5,38.91580762558331
33.3000000000002,0.4863013698630137,36.37009072589635,0.5526315789473685,0.5447761194029851,0,0.8839820359281437,38,1.5,38.89052475784516
33.400000000000205,0.4872461029759093,36.37009072589635,0.5526315789473685,0.5447761194029851,0,0.8841791044776119,39,1.5,38.86751225263724
33.500000000000206,0.4881908360888049,36.37009072589635,0.5526315789473685,0.5447761194029851,0,0.8842261904761904,40,1.5,38.846924305431465
33.60000000000021,0.4893717524799244,36.37009072589635,0.5526315789473685,0.5447761194029851,0,0.8839762611275964,41,1.5,38.828911673111705
33.70000000000021,0.49055266887104393,36.37009072589635,0.5526315789473685,0.5481481481481482,2,0.8843195266272189,41,1.5,38.81358707498484
33.80000000000021,0.49126121870571565,36.37009072589635,0.5526315789473685,0.5498154981549815,1,0.8843657817109144,40,1.5,38.800353922483936
33.90000000000021,0.4919697685403873,36.37009072589635,0.5526315789473685,0.5477941176470589,1,0.884264705882353,40,1.5,38.790152900567406
34.00000000000021,0.49244213509683515,36.37009072589635,0.5526315789473685,0.5477941176470589,0,0.8843108504398827,40,1.5,38.78315062852153
34.100000000000215,0.49291450165328293,36.37009072589635,0.5526315789473685,0.5516014234875445,13,0.8842105263157894,39,1.5,38.78291082105869
34.200000000000216,0.49362305148795466,36.37009072589635,0.5526315789473685,0.5516014234875445,0,0.8841107871720116,41,1.5,38.785493670153535
34.30000000000022,0.495276334435522,36.37009072589635,0.5526315789473685,0.5516014234875445,0,0.8840116279069767,43,1.5,38.789615255611075
34.40000000000022,0.49598488427019366,36.37009072589635,0.5526315789473685,0.5516014234875445,0,0.8840579710144928,42,1.5,38.79527123745469
34.50000000000022,0.4964572508266415,36.37009072589635,0.5526315789473685,0.5516014234875445,0,0.8841040462427746,41,1.5,38.80244940397047
34.60000000000022,0.4966934341048654,33.184992042767405,0.5789473684210527,0.5516014234875445,0,0.8842939481268012,41,1.5,38.8116405234999
34.70000000000022,0.4978743504959849,33.184992042767405,0.5789473684210527,0.5516014234875445,0,0.8844827586206897,42,1.5,38.82281572973247
34.800000000000225,0.4988190836088805,33.184992042767405,0.5789473684210527,0.5516014234875445,0,0.8845272206303725,42,1.5,38.83956970269797
34.900000000000226,0.4997638167217761,33.184992042767405,0.5789473684210527,0.5516014234875445,0,0.8845714285714286,40,1.5,38.85885619793619
35.00000000000023,0.5004723665564478,33.184992042767405,0.5789473684210527,0.5531914893617021,1,0.8846153846153846,40,1.5,38.87698777650381
35.10000000000023,0.5014170996693434,33.184992042767405,0.5789473684210527,0.5531914893617021,0,0.884375,40,1.5,38.8938647389628
35.20000000000023,0.5016532829475673,33.184992042767405,0.5789473684210527,0.5563380281690141,2,0.8839943342776204,40,1.5,38.90910772175004
35.30000000000023,0.502361832782239,33.184992042767405,0.5789473684210527,0.5563380281690141,0,0.8840395480225989,38,1.5,38.92410744795918
35.40000000000023,0.5033065658951347,33.184992042767405,0.5789473684210527,0.5563380281690141,0,0.884225352112676,37,1.5,38.93871647158627
35.500000000000234,0.5042512990080302,33.184992042767405,0.5789473684210527,0.5563380281690141,0,0.8842696629213483,39,1.5,38.952790242163516
35.600000000000236,0.504959848842702,33.184992042767405,0.5789473684210527,0.5563380281690141,0,0.8841736694677871,40,1.5,38.96618823147287
35.70000000000024,0.5054322153991497,33.184992042767405,0.5789473684210527,0.5578947368421052,2,0.8843575418994414,39,1.5,38.97946541167465
35.80000000000024,0.5061407652338215,33.184992042767405,0.5789473684210527,0.5559440559440559,1,0.8842618384401114,40,1.5,38.99181947158128
35.90000000000024,0.507085498346717,33.184992042767405,0.5789473684210527,0.5574912891986062,1,0.8844444444444445,41,1.5,39.00350363339673
36.00000000000024,0.507321681624941,33.184992042767405,0.5789473684210527,0.5574912891986062,0,0.8843490304709142,41,1.5,39.014134325299125
36.10000000000024,0.5080302314596127,33.184992042767405,0.5789473684210527,0.5616438356164384,13,0.8845303867403315,41,1.5,39.022620620523284
36.200000000000244,0.5087387812942844,33.184992042767405,0.5789473684210527,0.5616438356164384,0,0.8838842975206611,41,1.5,39.02947110438099
36.300000000000246,0.5099196976854039,33.184992042767405,0.5789473684210527,0.5616438356164384,0,0.8839285714285714,40,1.5,39.0348703252118
36.40000000000025,0.5106282475200756,33.184992042767405,0.5789473684210527,0.5616438356164384,0,0.8841095890410959,39,1.5,39.03892600734021
36.50000000000025,0.5122815304676429,33.184992042767405,0.5789473684210527,0.5616438356164384,0,0.8842896174863388,39,1.5,39.04141070552344
36.60000000000025,0.5125177137458667,32.78755881977689,0.6052631578947368,0.5616438356164384,0,0.8846049046321526,40,1.5,39.042061620602176
36.70000000000025,0.5134624468587624,32.78755881977689,0.6052631578947368,0.5616438356164384,0,0.8846467391304348,40,1.5,39.039525472732834
36.80000000000025,0.514407179971658,32.78755881977689,0.6052631578947368,0.5616438356164384,0,0.8844173441734418,41,1.5,39.0335473490179
36.900000000000254,0.5148795465281059,32.78755881977689,0.6052631578947368,0.5597269624573379,1,0.884054054054054,40,1.5,39.02613782531585
37.000000000000256,0.5165328294756731,32.78755881977689,0.6052631578947368,0.5597269624573379,1,0.884366576819407,38,1.5,39.01752970676454
37.10000000000026,0.5170051960321209,32.78755881977689,0.6052631578947368,0.5597269624573379,0,0.8845430107526882,37,1.5,39.00765217448377
37.20000000000026,0.5177137458667926,32.78755881977689,0.6052631578947368,0.5597269624573379,2,0.8844504021447721,35,1.5,38.99645037466244
37.30000000000026,0.5188946622579121,32.78755881977689,0.6052631578947368,0.5597269624573379,0,0.884090909090909,37,1.5,38.984008223079215
37.40000000000026,0.5196032120925839,32.78755881977689,0.6052631578947368,0.5597269624573379,0,0.8842666666666666,39,1.5,38.97043736705005
37.50000000000026,0.5210203117619272,32.78755881977689,0.6052631578947368,0.5597269624573379,0,0.8843085106382979,38,1.5,38.9554888433641
37.600000000000264,0.5217288615965989,32.78755881977689,0.6052631578947368,0.5597269624573379,0,0.8846153846153846,37,1.5,38.93864021988793
37.700000000000266,0.5224374114312706,32.78755881977689,0.6052631578947368,0.5627118644067797,2,0.8847883597883598,35,1.5,38.92131368589528
37.80000000000027,0.5231459612659424,32.78755881977689,0.6052631578947368,0.5627118644067797,1,0.8844327176781003,35,1.5,38.90584532478264
37.90000000000027,0.5243268776570619,32.78755881977689,0.6052631578947368,0.5627118644067797,1,0.8842105263157894,35,1.5,38.889688806660985
38.00000000000027,0.5262163438828531,32.78755881977689,0.6052631578947368,0.5627118644067797,0,0.8843832020997375,36,1.5,38.873464797172225
38.10000000000027,0.5266887104393009,32.78755881977689,0.6052631578947368,0.5647840531561462,12,0.8845549738219896,36,1.5,38.856454926936934
38.20000000000027,0.5276334435521965,32.78755881977689,0.6052631578947368,0.5647840531561462,0,0.8848563968668407,37,1.5,38.83879833011
38.300000000000274,0.5278696268304204,32.78755881977689,0.6052631578947368,0.5647840531561462,0,0.8846354166666667,38,1.5,38.82036861749723
38.400000000000276,0.5285781766650921,32.78755881977689,0.6052631578947368,0.5647840531561462,0,0.8844155844155844,37,1.5,38.80125854087102
38.50000000000028,0.5295229097779878,32.78755881977689,0.6052631578947368,0.5647840531561462,0,0.8841968911917099,39,1.5,38.782506743326714
38.60000000000028,0.5302314596126594,29.46549104661428,0.6947368421052632,0.5647840531561462,0,0.8844961240310077,38,1.5,38.76348212296158
38.70000000000028,0.5316485592820028,29.46549104661428,0.6947368421052632,0.5647840531561462,0,0.8845360824742268,37,1.5,38.74400012282337
38.80000000000028,0.5321209258384506,29.46549104661428,0.6947368421052632,0.5647840531561462,0,0.8841902313624679,36,1.5,38.72269601021595
38.90000000000028,0.5330656589513463,29.46549104661428,0.6947368421052632,0.5647840531561462,1,0.8844871794871795,38,1.5,38.70172933442323
39.000000000000284,0.533774208786018,29.46549104661428,0.6947368421052632,0.5647840531561462,1,0.8842710997442456,39,1.5,38.681235183211555
39.100000000000286,0.5342465753424658,29.46549104661428,0.6947368421052632,0.5647840531561462,0,0.8844387755102041,38,1.5,38.66134906704586
39.20000000000029,0.5344827586206896,29.46549104661428,0.6947368421052632,0.5662251655629139,2,0.8844783715012723,38,1.5,38.64284637450358
39.30000000000029,0.5349551251771375,29.46549104661428,0.6947368421052632,0.5662251655629139,0,0.8843908629441625,38,1.5,38.624877613144434
39.40000000000029,0.5356636750118091,29.46549104661428,0.6947368421052632,0.5662251655629139,0,0.8844303797468355,37,1.5,38.607135036655514
39.50000000000029,0.5363722248464808,29.46549104661428,0.6947368421052632,0.5662251655629139,0,0.8847222222222222,36,1.5,38.5895582517445
39.60000000000029,0.5366084081247048,29.46549104661428,0.6947368421052632,0.5662251655629139,0,0.8847607052896725,36,1.5,38.57209007353973
39.700000000000294,0.5377893245158243,29.46549104661428,0.6947368421052632,0.5662251655629139,2,0.8849246231155778,37,1.5,38.55481959669813
39.800000000000296,0.5389702409069438,29.46549104661428,0.6947368421052632,0.5676567656765676,1,0.8845864661654136,38,1.5,38.53799610347984
39.9000000000003,0.5396787907416155,29.46549104661428,0.6947368421052632,0.5676567656765676,1,0.884625,36,1.5,38.521602884503245
40.0000000000003,0.5401511572980633,29.46549104661428,0.6947368421052632,0.5676567656765676,0,0.8846633416458853,36,1.5,38.505622457424955
40.1000000000003,0.540859707132735,29.46549104661428,0.6947368421052632,0.565359477124183,12,0.8843283582089553,37,1.5,38.49050954701116
40.2000000000003,0.5420406235238545,29.46549104661428,0.6947368421052632,0.565359477124183,0,0.88424317617866,37,1.5,38.47579582071623
40.3000000000003,0.5420406235238545,29.46549104661428,0.6947368421052632,0.565359477124183,0,0.8844059405940594,37,1.5,38.461359140773915
40.400000000000304,0.5425129900803023,29.46549104661428,0.6947368421052632,0.565359477124183,0,0.8840740740740741,36,1.5,38.44707873485314
40.500000000000306,0.543221539914974,29.46549104661428,0.6947368421052632,0.565359477124183,0,0.8842364532019704,36,1.5,38.432836419600584
40.60000000000031,0.543221539914974,26.064534853108835,0.7578947368421053,0.565359477124183,0,0.8843980343980344,36,1.5,38.41851783648927
40.70000000000031,0.5439300897496457,26.064534853108835,0.7578947368421053,0.565359477124183,0,0.8845588235294117,38,1.5,38.40401365955705
40.80000000000031,0.5448748228625413,26.064534853108835,0.7578947368421053,0.565359477124183,0,0.8844743276283619,39,1.5,38.38922073283535
40.90000000000031,0.545819555975437,26.064534853108835,0.7578947368421053,0.565359477124183,1,0.8846341463414634,38,1.5,38.37404310043039
41.00000000000031,0.5465281058101087,26.064534853108835,0.7578947368421053,0.565359477124183,1,0.8849148418491484,39,1.5,38.35839290224927
41.100000000000314,0.5465281058101087,26.064534853108835,0.7578947368421053,0.565359477124183,0,0.8849514563106796,39,1.5,38.34219112029319
41.200000000000315,0.5470004723665565,26.064534853108835,0.7578947368421053,0.5635179153094463,2,0.8851089588377724,40,1.5,38.326188130816135
41.30000000000032,0.548181388757676,26.064534853108835,0.7578947368421053,0.5635179153094463,0,0.8846618357487923,41,1.5,38.31036251848566
41.40000000000032,0.5486537553141237,26.064534853108835,0.7578947368421053,0.5635179153094463,0,0.8844578313253012,40,1.5,38.29469273964361
41.50000000000032,0.5486537553141237,26.064534853108835,0.7578947368421053,0.5635179153094463,0,0.884375,40,1.5,38.278930093141916
41.60000000000032,0.5486537553141237,26.064534853108835,0.7578947368421053,0.5635179153094463,0,0.8845323741007194,40,1.5,38.26345606392888
41.70000000000032,0.5488899385923477,26.064534853108835,0.7578947368421053,0.5635179153094463,2,0.8844497607655503,40,1.5,38.249397039809196
41.800000000000324,0.5495984884270194,26.064534853108835,0.7578947368421053,0.5631067961165048,2,0.8841288782816229,40,1.5,38.23492845837846
41.900000000000325,0.5500708549834672,26.064534853108835,0.7578947368421053,0.5631067961165048,0,0.8841666666666667,39,1.5,38.219935947266514
42.00000000000033,0.550543221539915,26.064534853108835,0.7578947368421053,0.5631067961165048,0,0.8844418052256532,38,1.5,38.204317123142054
42.10000000000033,0.5510155880963628,26.064534853108835,0.7578947368421053,0.5686900958466453,12,0.8843601895734597,38,1.5,38.18545679992255
42.20000000000033,0.5512517713745867,26.064534853108835,0.7578947368421053,0.5686900958466453,0,0.8845153664302601,39,1.5,38.16363609110458
42.30000000000033,0.5521965044874823,26.064534853108835,0.7578947368421053,0.5686900958466453,0,0.8845518867924528,40,1.5,38.13868934144531
42.40000000000033,0.5521965044874823,26.064534853108835,0.7578947368421053,0.5686900958466453,0,0.8844705882352941,40,1.5,38.11040224022897
42.500000000000334,0.5521965044874823,26.064534853108835,0.7578947368421053,0.5686900958466453,0,0.8845070422535212,40,1.5,38.08059402397427
42.600000000000335,0.5524326877657062,26.528906980545436,0.7842105263157895,0.5668789808917197,1,0.8841920374707259,40,1.5,38.04996605224116
42.70000000000034,0.5526688710439301,26.528906980545436,0.7842105263157895,0.5668789808917197,0,0.8843457943925234,41,1.5,38.01868572926531
42.80000000000034,0.5531412376003779,26.528906980545436,0.7842105263157895,0.5668789808917197,0,0.8841491841491842,41,1.5,37.98689635952443
42.90000000000034,0.5538497874350496,26.528906980545436,0.7842105263157895,0.5668789808917197,1,0.8840697674418605,41,1.5,37.95475099913761
43.00000000000034,0.5540859707132735,26.528906980545436,0.7842105263157895,0.5668789808917197,1,0.8842227378190255,40,1.5,37.922411780538745
43.10000000000034,0.5540859707132735,26.528906980545436,0.7842105263157895,0.5668789808917197,0,0.8840277777777777,40,1.5,37.890049334386724
43.200000000000344,0.5547945205479452,26.528906980545436,0.7842105263157895,0.5682539682539682,2,0.8841801385681294,39,1.5,37.85705343004015
43.300000000000345,0.5547945205479452,26.528906980545436,0.7842105263157895,0.5682539682539682,0,0.8841013824884792,39,1.5,37.824654195827634
43.40000000000035,0.5550307038261691,26.528906980545436,0.7842105263157895,0.5682539682539682,0,0.8841379310344828,39,1.5,37.791499904816156
43.50000000000035,0.5550307038261691,26.528906980545436,0.7842105263157895,0.5682539682539682,0,0.8844036697247707,39,1.5,37.75759544776877
43.60000000000035,0.555266887104393,26.528906980545436,0.7842105263157895,0.5682539682539682,0,0.8840961098398169,39,1.5,37.72306682910242
43.70000000000035,0.555266887104393,26.528906980545436,0.7842105263157895,0.5682539682539682,2,0.8841324200913242,39,1.5,37.6880350397308
43.80000000000035,0.5555030703826169,26.528906980545436,0.7842105263157895,0.5682539682539682,1,0.8839407744874715,39,1.5,37.652610790259075
43.900000000000354,0.5555030703826169,26.528906980545436,0.7842105263157895,0.5682539682539682,0,0.8838636363636364,39,1.5,37.616897604486596
44.000000000000355,0.5555030703826169,26.528906980545436,0.7842105263157895,0.5682539682539682,0,0.8840136054421769,39,1.5,37.57871703161042
44.10000000000036,0.5555030703826169,26.528906980545436,0.7842105263157895,0.56875,12,0.8841628959276018,39,1.5,37.535323428157064
44.20000000000036,0.5559754369390647,26.528906980545436,0.7842105263157895,0.56875,0,0.8841986455981942,39,1.5,37.49197131055121
44.30000000000036,0.5559754369390647,26.528906980545436,0.7842105263157895,0.56875,0,0.8843468468468468,39,1.5,37.44833990649096
44.40000000000036,0.5564478034955125,26.528906980545436,0.7842105263157895,0.56875,0,0.8840449438202247,39,1.5,37.40475591937007
44.50000000000036,0.5564478034955125,26.528906980545436,0.7842105263157895,0.56875,0,0.8840807174887892,39,1.5,37.36164148543828
44.600000000000364,0.5564478034955125,26.7806450742475,0.7736842105263158,0.5700934579439252,1,0.8840044742729306,39,1.5,37.31907167458789
44.700000000000365,0.5564478034955125,26.7806450742475,0.7736842105263158,0.5700934579439252,0,0.8840401785714286,39,1.5,37.27707512030398
44.80000000000037,0.5564478034955125,26.7806450742475,0.7736842105263158,0.5700934579439252,0,0.8839643652561248,39,1.5,37.23568584861885
44.90000000000037,0.5566839867737364,26.7806450742475,0.7736842105263158,0.5683229813664596,2,0.8841111111111111,40,1.5,37.194959508539924
45.00000000000037,0.5566839867737364,26.7806450742475,0.7736842105263158,0.5683229813664596,1,0.8841463414634146,40,1.5,37.15497308248682
45.10000000000037,0.5566839867737364,26.7806450742475,0.7736842105263158,0.5683229813664596,0,0.8841814159292035,40,1.5,37.11581901462081
45.20000000000037,0.5566839867737364,26.7806450742475,0.7736842105263158,0.5683229813664596,2,0.8841059602649006,40,1.5,37.07754849279927
45.300000000000374,0.5566839867737364,26.7806450742475,0.7736842105263158,0.5683229813664596,0,0.8842511013215859,40,1.5,37.03487706848209
45.400000000000375,0.5566839867737364,26.7806450742475,0.7736842105263158,0.5683229813664596,0,0.8842857142857142,40,1.5,36.99184840056169
45.50000000000038,0.5569201700519604,26.7806450742475,0.7736842105263158,0.5683229813664596,0,0.8843201754385965,40,1.5,36.94995748057432
45.60000000000038,0.5569201700519604,26.7806450742475,0.7736842105263158,0.5683229813664596,0,0.8841356673960613,40,1.5,36.90931192922863
45.70000000000038,0.5569201700519604,26.7806450742475,0.7736842105263158,0.5696594427244582,2,0.884170305676856,40,1.5,36.86918827718183
45.80000000000038,0.5571563533301842,26.7806450742475,0.7736842105263158,0.5696594427244582,1,0.8839869281045751,39,1.5,36.82971511523398
45.90000000000038,0.5573925366084082,26.7806450742475,0.7736842105263158,0.5696594427244582,0,0.8840217391304348,39,1.5,36.79108380013802
46.000000000000384,0.557628719886632,26.7806450742475,0.7736842105263158,0.5696594427244582,0,0.8841648590021692,38,1.5,36.754017636286584
46.100000000000385,0.557628719886632,26.7806450742475,0.7736842105263158,0.5714285714285714,11,0.8837662337662338,38,1.5,36.71847856252961
46.20000000000039,0.5578649031648559,26.7806450742475,0.7736842105263158,0.5714285714285714,0,0.8839092872570194,39,1.5,36.684924663549424
46.30000000000039,0.5578649031648559,26.7806450742475,0.7736842105263158,0.5714285714285714,0,0.8839439655172414,39,1.5,36.65256125836417
46.40000000000039,0.5578649031648559,26.7806450742475,0.7736842105263158,0.5714285714285714,0,0.8840860215053763,39,1.5,36.62134099632691
46.50000000000039,0.5578649031648559,26.7806450742475,0.7736842105263158,0.5714285714285714,0,0.8842274678111588,39,1.5,36.59133908542877
46.60000000000039,0.5581010864430799,26.81644275769154,0.7631578947368421,0.5714285714285714,1,0.8844753747323341,38,1.5,36.56262057196424
46.700000000000394,0.5581010864430799,26.81644275769154,0.7631578947368421,0.5714285714285714,0,0.8846153846153846,38,1.5,36.535240411349044
46.800000000000395,0.5583372697213037,26.81644275769154,0.7631578947368421,0.5714285714285714,0,0.8844349680170576,38,1.5,36.5092442869238
46.9000000000004,0.5585734529995277,26.81644275769154,0.7631578947368421,0.5709969788519638,2,0.8843617021276595,38,1.5,36.48362274573651
47.0000000000004,0.5585734529995277,26.81644275769154,0.7631578947368421,0.5709969788519638,1,0.8841825902335456,38,1.5,36.458478290395036
47.1000000000004,0.5590458195559754,26.81644275769154,0.7631578947368421,0.5709969788519638,0,0.8843220338983051,37,1.5,36.43366497172436
47.2000000000004,0.5590458195559754,26.81644275769154,0.7631578947368421,0.572289156626506,2,0.8842494714587738,37,1.5,36.41076747105684
47.3000000000004,0.5590458195559754,26.81644275769154,0.7631578947368421,0.572289156626506,0,0.8843881856540085,37,1.5,36.389592569828444
47.400000000000404,0.5592820028341994,26.81644275769154,0.7631578947368421,0.572289156626506,0,0.8843157894736842,37,1.5,36.37004179473115
47.500000000000405,0.5592820028341994,26.81644275769154,0.7631578947368421,0.572289156626506,0,0.8842436974789916,37,1.5,36.35200641457736
47.600000000000406,0.5597543693906472,26.81644275769154,0.7631578947368421,0.572289156626506,0,0.8843815513626835,38,1.5,36.33271525258637
47.70000000000041,0.5604629192253189,26.81644275769154,0.7631578947368421,0.5748502994011976,2,0.8843096234309623,39,1.5,36.31210288217385
47.80000000000041,0.5604629192253189,26.81644275769154,0.7631578947368421,0.5748502994011976,1,0.8843423799582464,39,1.5,36.292624189718005
47.90000000000041,0.5604629192253189,26.81644275769154,0.7631578947368421,0.5748502994011976,0,0.884375,39,1.5,36.273522153932134
48.00000000000041,0.5604629192253189,26.81644275769154,0.7631578947368421,0.5748502994011976,0,0.8844074844074844,39,1.5,36.25472573059573
48.10000000000041,0.5604629192253189,26.81644275769154,0.7631578947368421,0.5823529411764706,11,0.8843360995850622,39,1.5,36.236460818633454
48.200000000000415,0.5609352857817667,26.81644275769154,0.7631578947368421,0.5823529411764706,0,0.884575569358178,39,1.5,36.21859742163338
48.300000000000416,0.5611714690599906,26.81644275769154,0.7631578947368421,0.5823529411764706,0,0.884504132231405,37,1.5,36.201167148215305
48.40000000000042,0.5616438356164384,26.81644275769154,0.7631578947368421,0.5823529411764706,0,0.8844329896907217,37,1.5,36.184696130083
48.50000000000042,0.5616438356164384,26.81644275769154,0.7631578947368421,0.5823529411764706,0,0.8842592592592593,37,1.5,36.16939352890012
48.60000000000042,0.5621162021728862,27.382150136506592,0.7578947368421053,0.5823529411764706,1,0.8842915811088295,36,1.5,36.15529826208392
48.70000000000042,0.5621162021728862,27.382150136506592,0.7578947368421053,0.5823529411764706,0,0.8843237704918033,36,1.5,36.14244398714732
48.80000000000042,0.5623523854511101,27.382150136506592,0.7578947368421053,0.5823529411764706,0,0.8841513292433538,36,1.5,36.13085787043543
48.900000000000425,0.5625885687293339,27.382150136506592,0.7578947368421053,0.5789473684210527,2,0.8841836734693878,35,1.5,36.120491035638004
49.000000000000426,0.5630609352857817,27.382150136506592,0.7578947368421053,0.5801749271137027,1,0.8842158859470468,36,1.5,36.110596744701134
49.10000000000043,0.5632971185640057,27.382150136506592,0.7578947368421053,0.5801749271137027,0,0.8842479674796748,37,1.5,36.10123513271083
49.20000000000043,0.5635333018422296,27.382150136506592,0.7578947368421053,0.5813953488372093,2,0.8842799188640974,38,1.5,36.091991898043986
49.30000000000043,0.5637694851204534,27.382150136506592,0.7578947368421053,0.5813953488372093,0,0.8844129554655871,37,1.5,36.08285876753535
49.40000000000043,0.5642418516769013,27.382150136506592,0.7578947368421053,0.5813953488372093,0,0.8842424242424243,36,1.5,36.07387435154316
49.50000000000043,0.5642418516769013,27.382150136506592,0.7578947368421053,0.5813953488372093,0,0.884375,36,1.5,36.06507904445627
49.600000000000435,0.5647142182333491,27.382150136506592,0.7578947368421053,0.5813953488372093,0,0.8843058350100603,36,1.5,36.05651502390742
49.700000000000436,0.5647142182333491,27.382150136506592,0.7578947368421053,0.5838150289017341,2,0.8842369477911647,36,1.5,36.046507053619465
49.80000000000044,0.5651865847897969,27.382150136506592,0.7578947368421053,0.5838150289017341,1,0.8842685370741483,37,1.5,36.03520172249821
49.90000000000044,0.5654227680680208,27.382150136506592,0.7578947368421053,0.5838150289017341,0,0.8842,36,1.5,36.022760254011565
50.00000000000044,0.5654227680680208,27.382150136506592,0.7578947368421053,0.5838150289017341,0,0.8841317365269461,36,1.5,36.009357794845045
50.10000000000044,0.5658951346244686,27.382150136506592,0.7578947368421053,0.5915492957746479,11,0.8841633466135458,36,1.5,35.99604435379272
50.20000000000044,0.5658951346244686,27.382150136506592,0.7578947368421053,0.5915492957746479,0,0.8843936381709742,36,1.5,35.98131924924727
50.300000000000445,0.5658951346244686,27.382150136506592,0.7578947368421053,0.5915492957746479,0,0.8844246031746031,36,1.5,35.96502630404766
50.400000000000446,0.5661313179026924,27.382150136506592,0.7578947368421053,0.5915492957746479,0,0.8846534653465347,35,1.5,35.947420517358324
50.50000000000045,0.5663675011809164,27.382150136506592,0.7578947368421053,0.5915492957746479,0,0.8844861660079051,35,1.5,35.92883754218257
50.60000000000045,0.5666036844591403,28.40701973493449,0.7157894736842105,0.5926966292134831,1,0.8846153846153846,35,1.5,35.908754689663695
50.70000000000045,0.5670760510155881,28.40701973493449,0.7157894736842105,0.5926966292134831,0,0.8844488188976378,36,1.5,35.88784999066464
50.80000000000045,0.5670760510155881,28.40701973493449,0.7157894736842105,0.5926966292134831,0,0.8844793713163065,36,1.5,35.86650958198783
50.90000000000045,0.5670760510155881,28.40701973493449,0.7157894736842105,0.5949720670391061,2,0.8844117647058823,36,1.5,35.84524995375967
51.000000000000455,0.567312234293812,28.40701973493449,0.7157894736842105,0.5949720670391061,1,0.8841487279843444,36,1.5,35.82445515703347
51.100000000000456,0.5680207841284837,28.40701973493449,0.7157894736842105,0.5949720670391061,0,0.88427734375,36,1.5,35.80408469346482
51.20000000000046,0.5680207841284837,28.40701973493449,0.7157894736842105,0.5972222222222222,2,0.8842105263157894,36,1.5,35.7853791798681
51.30000000000046,0.5682569674067076,28.40701973493449,0.7157894736842105,0.5972222222222222,0,0.8843385214007782,36,1.5,35.76815960247049
51.40000000000046,0.5682569674067076,28.40701973493449,0.7157894736842105,0.5972222222222222,0,0.8843689320388349,36,1.5,35.752447659725206
51.50000000000046,0.5684931506849316,28.40701973493449,0.7157894736842105,0.5972222222222222,0,0.8843992248062016,36,1.5,35.73826081363517
51.60000000000046,0.5684931506849316,28.40701973493449,0.7157894736842105,0.5972222222222222,0,0.8845261121856867,36,1.5,35.72556820960242
51.700000000000465,0.5687293339631554,28.40701973493449,0.7157894736842105,0.5972222222222222,2,0.8845559845559846,36,1.5,35.71391490610406
51.800000000000466,0.5689655172413793,28.40701973493449,0.7157894736842105,0.5972222222222222,1,0.8844894026974952,36,1.5,35.70337621085633
51.90000000000047,0.5689655172413793,28.40701973493449,0.7157894736842105,0.5972222222222222,0,0.884423076923077,36,1.5,35.6940199037882
52.00000000000047,0.5689655172413793,28.40701973493449,0.7157894736842105,0.5972222222222222,0,0.884548944337812,36,1.5,35.68614936378499
52.10000000000047,0.5689655172413793,28.40701973493449,0.7157894736842105,0.6027397260273972,11,0.8844827586206897,36,1.5,35.680654294202604
52.20000000000047,0.5689655172413793,28.40701973493449,0.7157894736842105,0.6027397260273972,0,0.8845124282982791,36,1.5,35.677475083124094
52.30000000000047,0.5689655172413793,28.40701973493449,0.7157894736842105,0.6027397260273972,0,0.8842557251908397,36,1.5,35.67604519069181
52.400000000000475,0.5689655172413793,28.40701973493449,0.7157894736842105,0.6027397260273972,0,0.8843809523809524,36,1.5,35.67659997928758
52.500000000000476,0.5689655172413793,28.40701973493449,0.7157894736842105,0.6027397260273972,0,0.8844106463878327,36,1.5,35.67904341706781
52.60000000000048,0.5689655172413793,26.686157399286028,0.7473684210526316,0.6027397260273972,1,0.8844402277039848,36,1.5,35.6832817266495
52.70000000000048,0.5689655172413793,26.686157399286028,0.7473684210526316,0.6027397260273972,0,0.884375,36,1.5,35.68922118049469
52.80000000000048,0.5692017005196032,26.686157399286028,0.7473684210526316,0.6027397260273972,0,0.884593572778828,37,1.5,35.6967663731993
52.90000000000048,0.5692017005196032,26.686157399286028,0.7473684210526316,0.6010928961748634,2,0.8844339622641509,37,1.5,35.7058192425621
53.00000000000048,0.5692017005196032,26.686157399286028,0.7473684210526316,0.6010928961748634,1,0.8845574387947269,37,1.5,35.7162787176161
53.100000000000485,0.5694378837978271,26.686157399286028,0.7473684210526316,0.6010928961748634,0,0.8843984962406015,36,1.5,35.728040813484164
53.200000000000486,0.5694378837978271,26.686157399286028,0.7473684210526316,0.6010928961748634,2,0.8844277673545966,36,1.5,35.74099902505368
53.30000000000049,0.5694378837978271,26.686157399286028,0.7473684210526316,0.6010928961748634,0,0.8841760299625468,36,1.5,35.755044913634805
53.40000000000049,0.5694378837978271,26.686157399286028,0.7473684210526316,0.6010928961748634,0,0.8842056074766356,36,1.5,35.77443087305155
53.50000000000049,0.5694378837978271,26.686157399286028,0.7473684210526316,0.6010928961748634,0,0.8842350746268657,36,1.5,35.80137212576962
53.60000000000049,0.5694378837978271,26.686157399286028,0.7473684210526316,0.6010928961748634,0,0.8844506517690875,36,1.5,35.82909055985786
53.70000000000049,0.5699102503542749,26.686157399286028,0.7473684210526316,0.6021798365122616,2,0.8845724907063197,35,1.5,35.85728659448957
53.800000000000495,0.5703826169107227,26.686157399286028,0.7473684210526316,0.6021798365122616,1,0.8846011131725418,34,1.5,35.88604473989145
53.900000000000496,0.5706188001889466,26.686157399286028,0.7473684210526316,0.6021798365122616,0,0.8844444444444445,34,1.5,35.91526216051401
54.0000000000005,0.5710911667453944,26.686157399286028,0.7473684210526316,0.6021798365122616,0,0.8845656192236598,34,1.5,35.94483955014304
54.1000000000005,0.5713273500236183,26.686157399286028,0.7473684210526316,0.6043360433604336,11,0.8845940959409594,34,1.5,35.974240298756825
54.2000000000005,0.5715635333018422,26.686157399286028,0.7473684210526316,0.6043360433604336,0,0.884622467771639,35,1.5,36.00381793442467
54.3000000000005,0.5715635333018422,26.686157399286028,0.7473684210526316,0.6043360433604336,0,0.8846507352941176,35,1.5,36.03348784812763
54.4000000000005,0.5715635333018422,26.686157399286028,0.7473684210526316,0.6043360433604336,0,0.8846788990825688,35,1.5,36.063171502845115
54.500000000000504,0.5715635333018422,26.686157399286028,0.7473684210526316,0.6043360433604336,0,0.8846153846153846,35,1.5,36.09279693884587
54.600000000000506,0.5715635333018422,28.852436299339026,0.7052631578947368,0.6054054054054054,1,0.8846435100548447,35,1.5,36.12228038215851
54.70000000000051,0.5715635333018422,28.852436299339026,0.7052631578947368,0.6054054054054054,0,0.8847627737226277,35,1.5,36.15158335079378
54.80000000000051,0.5725082664147378,28.852436299339026,0.7052631578947368,0.6054054054054054,0,0.8846994535519126,35,1.5,36.18065614721488
54.90000000000051,0.5727444496929618,28.852436299339026,0.7052631578947368,0.6048387096774194,2,0.8847272727272727,36,1.5,36.20927929107104
55.00000000000051,0.5727444496929618,28.852436299339026,0.7052631578947368,0.6032171581769437,1,0.8847549909255898,36,1.5,36.23343282182389
55.10000000000051,0.5729806329711856,28.852436299339026,0.7052631578947368,0.6032171581769437,0,0.8846920289855073,35,1.5,36.25673881931186
55.200000000000514,0.5729806329711856,28.852436299339026,0.7052631578947368,0.6032171581769437,2,0.8848101265822785,35,1.5,36.28086843577757
55.300000000000516,0.5729806329711856,28.852436299339026,0.7052631578947368,0.6032171581769437,0,0.884927797833935,35,1.5,36.30587618705995
55.40000000000052,0.5729806329711856,28.852436299339026,0.7052631578947368,0.6032171581769437,0,0.8848648648648648,35,1.5,36.33181637693434
55.50000000000052,0.5729806329711856,28.852436299339026,0.7052631578947368,0.6032171581769437,0,0.8849820143884892,35,1.5,36.35869720340352
55.60000000000052,0.5729806329711856,28.852436299339026,0.7052631578947368,0.6032171581769437,0,0.8850987432675045,35,1.5,36.38649442366227
55.70000000000052,0.5734529995276334,28.852436299339026,0.7052631578947368,0.6026666666666667,2,0.8851254480286739,35,1.5,36.415041960525215
55.80000000000052,0.5736891828058573,28.852436299339026,0.7052631578947368,0.6037234042553191,1,0.8849731663685152,33,1.5,36.44410337996361
55.900000000000524,0.5739253660840813,28.852436299339026,0.7052631578947368,0.6037234042553191,0,0.8850892857142857,33,1.5,36.473809964312785
56.000000000000526,0.5741615493623051,28.852436299339026,0.7052631578947368,0.6037234042553191,0,0.8850267379679144,33,1.5,36.504286903665346
56.10000000000053,0.5746339159187529,28.852436299339026,0.7052631578947368,0.6109660574412533,11,0.8846975088967971,33,1.5,36.53294776412197
56.20000000000053,0.5746339159187529,28.852436299339026,0.7052631578947368,0.6109660574412533,0,0.8849023090586146,33,1.5,36.55793740637723
56.30000000000053,0.5748700991969768,28.852436299339026,0.7052631578947368,0.6109660574412533,0,0.8849290780141844,34,1.5,36.580439052846415
56.40000000000053,0.5751062824752008,28.852436299339026,0.7052631578947368,0.6109660574412533,0,0.8848672566371681,35,1.5,36.60088358380398
56.50000000000053,0.5753424657534246,28.852436299339026,0.7052631578947368,0.6109660574412533,0,0.8850706713780919,36,1.5,36.61958698720228
56.600000000000534,0.5755786490316486,30.258980453010437,0.6578947368421053,0.6119791666666666,1,0.8852733686067019,35,1.5,36.63710691505435
56.700000000000536,0.5758148323098725,30.258980453010437,0.6578947368421053,0.6119791666666666,0,0.8853873239436619,34,1.5,36.653809923418045
56.80000000000054,0.5760510155880963,30.258980453010437,0.6578947368421053,0.6119791666666666,0,0.885237258347979,35,1.5,36.66974823295014
56.90000000000054,0.576995748700992,30.258980453010437,0.6578947368421053,0.6119791666666666,2,0.8852631578947369,35,1.5,36.685398904885865
57.00000000000054,0.5772319319792159,30.258980453010437,0.6578947368421053,0.6119791666666666,1,0.885201401050788,35,1.5,36.70061857916196
57.10000000000054,0.5772319319792159,30.258980453010437,0.6578947368421053,0.6119791666666666,0,0.8850524475524476,35,1.5,36.71550039600931
57.20000000000054,0.5774681152574398,30.258980453010437,0.6578947368421053,0.612987012987013,2,0.8851657940663177,34,1.5,36.7314971559684
57.300000000000544,0.5779404818138876,30.258980453010437,0.6578947368421053,0.612987012987013,0,0.8851045296167247,35,1.5,36.74700000596734
57.400000000000546,0.5784128483703354,30.258980453010437,0.6578947368421053,0.612987012987013,0,0.8849565217391304,34,1.5,36.76240553928231
57.50000000000055,0.5788852149267831,30.258980453010437,0.6578947368421053,0.612987012987013,0,0.8848958333333333,34,1.5,36.77804991021375
57.60000000000055,0.5788852149267831,30.258980453010437,0.6578947368421053,0.612987012987013,0,0.8850086655112651,34,1.5,36.79396860377186
57.70000000000055,0.579357581483231,30.258980453010437,0.6578947368421053,0.612987012987013,2,0.8850346020761246,34,1.5,36.810204311768445
57.80000000000055,0.5798299480396788,30.258980453010437,0.6578947368421053,0.612987012987013,1,0.8850604490500864,34,1.5,36.82680637266144
57.90000000000055,0.5800661313179027,30.258980453010437,0.6578947368421053,0.612987012987013,0,0.8851724137931034,34,1.5,36.84385168278576
58.000000000000554,0.5805384978743505,30.258980453010437,0.6578947368421053,0.612987012987013,0,0.8851118760757315,34,1.5,36.86169998064674
58.100000000000556,0.5807746811525744,30.258980453010437,0.6578947368421053,0.6173469387755102,11,0.8849656357388316,34,1.5,36.87937502795042
58.20000000000056,0.5810108644307983,30.258980453010437,0.6578947368421053,0.6173469387755102,0,0.884991423670669,34,1.5,36.89651374741149
58.30000000000056,0.5814832309872461,30.258980453010437,0.6578947368421053,0.6173469387755102,0,0.8849315068493151,35,1.5,36.91351593477683
58.40000000000056,0.5819555975436939,30.258980453010437,0.6578947368421053,0.6173469387755102,0,0.8848717948717949,34,1.5,36.92941883975339
58.50000000000056,0.5821917808219178,30.258980453010437,0.6578947368421053,0.6173469387755102,0,0.8850682593856656,35,1.5,36.94500267502683
58.60000000000056,0.5821917808219178,26.919965688924037,0.7631578947368421,0.6183206106870229,2,0.8850936967632027,35,1.5,36.96064010634967
58.700000000000564,0.5824279641001417,26.919965688924037,0.7631578947368421,0.6183206106870229,0,0.8851190476190476,34,1.5,36.97607496752651
58.800000000000566,0.5829003306565895,26.919965688924037,0.7631578947368421,0.6183206106870229,0,0.885314091680815,33,1.5,36.98975762511057
58.90000000000057,0.5838450637694851,26.919965688924037,0.7631578947368421,0.6192893401015228,2,0.8852542372881356,32,1.5,36.99272782515591
59.00000000000057,0.584317430325933,26.919965688924037,0.7631578947368421,0.6192893401015228,1,0.8853637901861252,32,1.5,36.99700485994783
59.10000000000057,0.5847897968823808,26.919965688924037,0.7631578947368421,0.6192893401015228,0,0.8852195945945946,33,1.5,37.002492330425305
59.20000000000057,0.5852621634388285,26.919965688924037,0.7631578947368421,0.6177215189873417,1,0.8851602023608769,31,1.5,37.00874277707678
59.30000000000057,0.5859707132735003,26.919965688924037,0.7631578947368421,0.6177215189873417,0,0.8852693602693603,32,1.5,37.01555862288841
59.400000000000574,0.5859707132735003,26.919965688924037,0.7631578947368421,0.6177215189873417,0,0.8852941176470588,32,1.5,37.022743507543915
59.500000000000576,0.5862068965517241,26.919965688924037,0.7631578947368421,0.6177215189873417,0,0.8850671140939598,31,1.5,37.03010308043216
59.60000000000058,0.586679263108172,26.919965688924037,0.7631578947368421,0.6177215189873417,0,0.8849246231155778,31,1.5,37.03743825860238
59.70000000000058,0.5871516296646198,26.919965688924037,0.7631578947368421,0.6177215189873417,2,0.8849498327759198,31,1.5,37.04447237441386
59.80000000000058,0.5876239962210675,26.919965688924037,0.7631578947368421,0.6161616161616161,2,0.8851419031719533,33,1.5,37.05076591104721
59.90000000000058,0.5880963627775153,26.919965688924037,0.7631578947368421,0.6161616161616161,0,0.8850833333333333,33,1.5,37.05627686095582
60.00000000000058,0.5885687293339632,26.919965688924037,0.7631578947368421,0.6161616161616161,0,0.8851913477537438,33,1.5,37.06110914021444
60.100000000000584,0.5892772791686348,26.919965688924037,0.7631578947368421,0.6209476309226932,11,0.8852990033222591,31,1.5,37.06688967371927
60.200000000000585,0.5899858290033065,26.919965688924037,0.7631578947368421,0.6209476309226932,0,0.8853233830845771,31,1.5,37.07330962643515
60.30000000000059,0.5899858290033065,26.919965688924037,0.7631578947368421,0.6209476309226932,0,0.8852649006622516,31,1.5,37.07971469631638
60.40000000000059,0.5904581955597543,26.919965688924037,0.7631578947368421,0.6209476309226932,0,0.8851239669421488,32,1.5,37.085900390738836
60.50000000000059,0.5909305621162022,26.919965688924037,0.7631578947368421,0.6209476309226932,0,0.8849009900990099,34,1.5,37.09185292457586
60.60000000000059,0.59140292867265,27.06338209273901,0.7631578947368421,0.6194029850746269,2,0.884843492586491,34,1.5,37.09759383564897
60.70000000000059,0.59140292867265,27.06338209273901,0.7631578947368421,0.6194029850746269,0,0.8849506578947368,34,1.5,37.10323847639337
60.800000000000594,0.5916391119508739,27.06338209273901,0.7631578947368421,0.6194029850746269,0,0.8850574712643678,34,1.5,37.10926670335632
60.900000000000595,0.5921114785073217,27.06338209273901,0.7631578947368421,0.6194029850746269,1,0.8850819672131147,35,1.5,37.11595557878002
61.0000000000006,0.5928200283419934,27.06338209273901,0.7631578947368421,0.6194029850746269,1,0.8850245499181669,33,1.5,37.123324933107014
61.1000000000006,0.5932923948984412,27.06338209273901,0.7631578947368421,0.6194029850746269,0,0.8850490196078431,32,1.5,37.13146647327703
61.2000000000006,0.593764761454889,27.06338209273901,0.7631578947368421,0.6203473945409429,1,0.8849918433931484,31,1.5,37.14192686584173
61.3000000000006,0.5940009447331129,27.06338209273901,0.7631578947368421,0.6203473945409429,0,0.884771986970684,32,1.5,37.154230667168555
61.4000000000006,0.5949456778460085,27.06338209273901,0.7631578947368421,0.6203473945409429,0,0.8847967479674796,32,1.5,37.16862306406746
61.500000000000604,0.596126594237128,27.06338209273901,0.7631578947368421,0.6203473945409429,0,0.8846590909090909,32,1.5,37.18515317336331
61.600000000000605,0.5965989607935758,27.06338209273901,0.7631578947368421,0.6203473945409429,0,0.8847649918962723,31,1.5,37.203790094672975
61.70000000000061,0.5968351440717997,27.06338209273901,0.7631578947368421,0.6212871287128713,2,0.8848705501618123,31,1.5,37.22437260545291
61.80000000000061,0.5973075106282475,27.06338209273901,0.7631578947368421,0.6212871287128713,2,0.8849757673667206,31,1.5,37.24674895993229
61.90000000000061,0.5977798771846953,27.06338209273901,0.7631578947368421,0.6212871287128713,0,0.8848387096774194,32,1.5,37.27075748044808
62.00000000000061,0.5980160604629192,27.06338209273901,0.7631578947368421,0.6212871287128713,0,0.8848631239935588,32,1.5,37.296262899668015
62.10000000000061,0.5982522437411432,27.06338209273901,0.7631578947368421,0.6253041362530414,11,0.884967845659164,32,1.5,37.32118061517659
62.200000000000614,0.5982522437411432,27.06338209273901,0.7631578947368421,0.6253041362530414,0,0.8850722311396468,32,1.5,37.34523317603773
62.300000000000615,0.5987246102975909,27.06338209273901,0.7631578947368421,0.6253041362530414,0,0.8849358974358974,32,1.5,37.36835243777281
62.40000000000062,0.5989607935758149,27.06338209273901,0.7631578947368421,0.6253041362530414,0,0.88464,32,1.5,37.390290158808554
62.50000000000062,0.5996693434104865,27.06338209273901,0.7631578947368421,0.6253041362530414,0,0.884664536741214,31,1.5,37.41081619283619
62.60000000000062,0.5999055266887104,29.08987586429698,0.6736842105263158,0.6253041362530414,2,0.8846092503987241,31,1.5,37.4297188214424
62.70000000000062,0.5999055266887104,29.08987586429698,0.6736842105263158,0.6253041362530414,0,0.8846337579617835,31,1.5,37.44680545863763
62.80000000000062,0.6001417099669344,29.08987586429698,0.6736842105263158,0.6253041362530414,0,0.8845786963434022,32,1.5,37.46190350605416
62.900000000000624,0.6006140765233822,29.08987586429698,0.6736842105263158,0.6237864077669902,1,0.8846825396825397,32,1.5,37.47629471087586
63.000000000000625,0.600850259801606,29.08987586429698,0.6736842105263158,0.6246973365617433,1,0.8847860538827258,31,1.5,37.49051721206565
63.10000000000063,0.6017949929145017,29.08987586429698,0.6736842105263158,0.6246973365617433,0,0.8848892405063291,31,1.5,37.496145330085156
63.20000000000063,0.6022673594709494,29.08987586429698,0.6736842105263158,0.6256038647342995,1,0.884913112164297,31,1.5,37.502231475214934
63.30000000000063,0.6025035427491734,29.08987586429698,0.6736842105263158,0.6256038647342995,0,0.8849369085173502,31,1.5,37.50758881568498
63.40000000000063,0.6027397260273972,29.08987586429698,0.6736842105263158,0.6256038647342995,0,0.8846456692913386,32,1.5,37.51208707395615
63.50000000000063,0.6027397260273972,29.08987586429698,0.6736842105263158,0.6256038647342995,0,0.8846698113207547,32,1.5,37.513019232112754
63.600000000000634,0.603448275862069,29.08987586429698,0.6736842105263158,0.6256038647342995,0,0.8847723704866562,31,1.5,37.51023232002715
63.700000000000635,0.6036844591402929,29.08987586429698,0.6736842105263158,0.6274038461538461,2,0.884717868338558,31,1.5,37.50650548515258
63.80000000000064,0.6039206424185167,29.08987586429698,0.6736842105263158,0.6258992805755396,2,0.8848982785602504,30,1.5,37.50141983114387
63.90000000000064,0.6046291922531885,29.08987586429698,0.6736842105263158,0.6258992805755396,0,0.884765625,31,1.5,37.49500063831442
64.00000000000064,0.6048653755314124,29.08987586429698,0.6736842105263158,0.6244019138755981,1,0.8848673946957878,31,1.5,37.48752025220679
64.10000000000063,0.6048653755314124,29.08987586429698,0.6736842105263158,0.6282352941176471,11,0.8848130841121495,31,1.5,37.479647628722695
64.20000000000063,0.6055739253660841,29.08987586429698,0.6736842105263158,0.6282352941176471,0,0.8849144634525661,32,1.5,37.471328017179516
64.30000000000062,0.605810108644308,29.08987586429698,0.6736842105263158,0.6282352941176471,0,0.8850155279503106,31,1.5,37.45805738460817
64.40000000000062,0.6062824752007557,29.08987586429698,0.6736842105263158,0.6282352941176471,0,0.8850387596899225,31,1.5,37.4330627608623
64.50000000000061,0.6065186584789797,29.08987586429698,0.6736842105263158,0.6282352941176471,0,0.885061919504644,31,1.5,37.406709867116426
64.6000000000006,0.6065186584789797,29.08987586429698,0.6736842105263158,0.6282352941176471,2,0.8850850077279753,31,1.5,37.379200150579614
64.7000000000006,0.6065186584789797,31.655877765694143,0.6368421052631579,0.6282352941176471,0,0.8849537037037037,31,1.5,37.35066900261505
64.8000000000006,0.6069910250354275,31.655877765694143,0.6368421052631579,0.6282352941176471,0,0.8850539291217258,32,1.5,37.3212711701005
64.90000000000059,0.6074633915918753,31.655877765694143,0.6368421052631579,0.6282352941176471,1,0.8850769230769231,31,1.5,37.291380419982055
65.00000000000058,0.6076995748700992,31.655877765694143,0.6368421052631579,0.6282352941176471,1,0.8850230414746544,31,1.5,37.27218216407874
65.10000000000058,0.6076995748700992,31.655877765694143,0.6368421052631579,0.6282352941176471,0,0.8851226993865031,31,1.5,37.25352858608339
65.20000000000057,0.6079357581483231,31.655877765694143,0.6368421052631579,0.6291079812206573,1,0.885145482388974,31,1.5,37.23440965931393
65.30000000000057,0.6079357581483231,31.655877765694143,0.6368421052631579,0.6291079812206573,0,0.8850152905198777,31,1.5,37.21581762668467
65.40000000000056,0.608171941426547,31.655877765694143,0.6368421052631579,0.6276346604215457,1,0.8850381679389313,30,1.5,37.19926970924706
65.50000000000055,0.608171941426547,31.655877765694143,0.6368421052631579,0.6276346604215457,0,0.885060975609756,30,1.5,37.18483962481257
65.60000000000055,0.6088804912612187,31.655877765694143,0.6368421052631579,0.6285046728971962,1,0.8849315068493151,29,1.5,37.17143248205429
65.70000000000054,0.6088804912612187,31.655877765694143,0.6368421052631579,0.6285046728971962,2,0.8850303951367782,29,1.5,37.15913033380055
65.80000000000054,0.6100614076523382,31.655877765694143,0.6368421052631579,0.6293706293706294,1,0.8850531107738998,30,1.5,37.1480101541859
65.90000000000053,0.6100614076523382,31.655877765694143,0.6368421052631579,0.6293706293706294,0,0.8851515151515151,30,1.5,37.137140923161844
66.00000000000053,0.6102975909305621,31.655877765694143,0.6368421052631579,0.6293706293706294,1,0.885249621785174,30,1.5,37.1264471114374
66.10000000000052,0.6105337742087861,31.655877765694143,0.6368421052631579,0.6330275229357798,11,0.8851208459214501,29,1.5,37.115721012407576
66.20000000000051,0.6107699574870099,31.655877765694143,0.6368421052631579,0.6330275229357798,0,0.8851432880844645,29,1.5,37.10666663011381
66.30000000000051,0.6110061407652339,31.655877765694143,0.6368421052631579,0.6330275229357798,0,0.8851656626506024,29,1.5,37.099489483428066
66.4000000000005,0.6112423240434577,31.655877765694143,0.6368421052631579,0.6330275229357798,0,0.8851879699248121,30,1.5,37.094426428646145
66.5000000000005,0.6112423240434577,31.655877765694143,0.6368421052631579,0.6330275229357798,0,0.8852852852852853,30,1.5,37.091417265777835
66.60000000000049,0.6124232404345772,31.655877765694143,0.6368421052631579,0.6338672768878718,1,0.8850824587706146,31,1.5,37.09054245361819
66.70000000000049,0.6126594237128011,31.655877765694143,0.6368421052631579,0.6338672768878718,0,0.8850299401197604,31,1.5,37.09122397639994
66.80000000000048,0.6131317902692489,32.08441171014818,0.5947368421052631,0.6338672768878718,0,0.8851270553064275,31,1.5,37.093074771970926
66.90000000000047,0.6133679735474729,32.08441171014818,0.5947368421052631,0.6338672768878718,0,0.8852985074626866,31,1.5,37.09601435756075
67.00000000000047,0.6133679735474729,32.08441171014818,0.5947368421052631,0.6338672768878718,1,0.8852459016393442,31,1.5,37.100051157700726
67.10000000000046,0.6133679735474729,32.08441171014818,0.5947368421052631,0.6338672768878718,0,0.8852678571428572,31,1.5,37.10543214200505
67.20000000000046,0.6133679735474729,32.08441171014818,0.5947368421052631,0.6332574031890661,2,0.8852897473997028,31,1.5,37.112934624659246
67.30000000000045,0.6140765233821446,32.08441171014818,0.5947368421052631,0.6332574031890661,0,0.8852373887240356,33,1.5,37.12147671814568
67.40000000000045,0.6145488899385924,32.08441171014818,0.5947368421052631,0.6332574031890661,0,0.8851851851851852,33,1.5,37.13061254410247
67.50000000000044,0.6150212564950401,32.08441171014818,0.5947368421052631,0.6332574031890661,0,0.8851331360946746,33,1.5,37.139987893715
67.60000000000043,0.6154936230514879,32.08441171014818,0.5947368421052631,0.6332574031890661,1,0.8851550960118169,32,1.5,37.14929373672767
67.70000000000043,0.6162021728861596,32.08441171014818,0.5947368421052631,0.6332574031890661,2,0.8851769911504425,32,1.5,37.15844093018304
67.80000000000042,0.6164383561643836,32.08441171014818,0.5947368421052631,0.634090909090909,1,0.8852724594992636,31,1.5,37.16704574178661
67.90000000000042,0.6169107227208314,32.08441171014818,0.5947368421052631,0.634090909090909,0,0.8853676470588235,30,1.5,37.175501415891986
68.00000000000041,0.6171469059990553,32.08441171014818,0.5947368421052631,0.634090909090909,1,0.8854625550660793,31,1.5,37.18398226854071
68.1000000000004,0.6180916391119509,32.08441171014818,0.5947368421052631,0.6375838926174496,11,0.8854105571847507,33,1.5,37.19941648584845
68.2000000000004,0.6185640056683986,32.08441171014818,0.5947368421052631,0.6375838926174496,0,0.885212298682284,34,1.5,37.21686954548849
68.3000000000004,0.6188001889466226,32.08441171014818,0.5947368421052631,0.6383928571428571,1,0.8853070175438597,34,1.5,37.23430907415246
68.40000000000039,0.6188001889466226,32.08441171014818,0.5947368421052631,0.6383928571428571,0,0.8854014598540146,34,1.5,37.251008405104095
68.50000000000038,0.6195087387812943,32.08441171014818,0.5947368421052631,0.6383928571428571,0,0.8852769679300292,34,1.5,37.26680256736435
68.60000000000038,0.6197449220595181,32.08441171014818,0.5947368421052631,0.6391982182628062,1,0.8852256186317322,34,1.5,37.28208696544903
68.70000000000037,0.6204534718941899,32.08441171014818,0.5947368421052631,0.6391982182628062,0,0.8851017441860465,32,1.5,37.29679287693371
68.80000000000037,0.6206896551724138,32.08441171014818,0.5947368421052631,0.6391982182628062,0,0.8851959361393323,32,1.5,37.3108582087723
68.90000000000036,0.6211620217288616,31.665743627024025,0.6631578947368421,0.6391982182628062,0,0.8852898550724637,33,1.5,37.3242279870777
69.00000000000036,0.6221067548417573,31.665743627024025,0.6631578947368421,0.6391982182628062,1,0.8853111432706223,31,1.5,37.33685485390115
69.10000000000035,0.6223429381199811,31.665743627024025,0.6631578947368421,0.6391982182628062,0,0.8853323699421966,31,1.5,37.348699568259946
69.20000000000034,0.6228153046764289,31.665743627024025,0.6631578947368421,0.6377777777777778,2,0.8854256854256854,33,1.5,37.35930195870073
69.30000000000034,0.6230514879546528,31.665743627024025,0.6631578947368421,0.6377777777777778,0,0.8853746397694524,33,1.5,37.36919973866523
69.40000000000033,0.6239962210675484,31.665743627024025,0.6631578947368421,0.6377777777777778,0,0.8852517985611511,34,1.5,37.37836725661083
69.50000000000033,0.6242324043457723,31.665743627024025,0.6631578947368421,0.6377777777777778,0,0.8853448275862069,35,1.5,37.38679017157123
69.60000000000032,0.6242324043457723,31.665743627024025,0.6631578947368421,0.6385809312638581,1,0.8852941176470588,35,1.5,37.393947595802736
69.70000000000032,0.6247047709022201,31.665743627024025,0.6631578947368421,0.6393805309734514,2,0.8851719197707736,35,1.5,37.400245867304385
69.80000000000031,0.6258856872933396,31.665743627024025,0.6631578947368421,0.6401766004415012,1,0.8850500715307582,34,1.5,37.40326965570291
69.9000000000003,0.6258856872933396,31.665743627024025,0.6631578947368421,0.6401766004415012,0,0.8850714285714286,34,1.5,37.40346713149302
70.0000000000003,0.6265942371280113,31.665743627024025,0.6631578947368421,0.6401766004415012,0,0.88509272467903,34,1.5,37.402852825942134
70.10000000000029,0.6265942371280113,31.665743627024025,0.6631578947368421,0.6434782608695652,11,0.8851851851851852,34,1.5,37.400173382959046
70.20000000000029,0.6270666036844591,31.665743627024025,0.6631578947368421,0.6434782608695652,0,0.8852773826458037,34,1.5,37.39599874192488
70.30000000000028,0.627302786962683,31.665743627024025,0.6631578947368421,0.6434782608695652,1,0.8852272727272728,35,1.5,37.39115745632862
70.40000000000028,0.627302786962683,31.665743627024025,0.6631578947368421,0.6434782608695652,0,0.8852482269503547,35,1.5,37.38592319098618
70.50000000000027,0.6280113367973548,31.665743627024025,0.6631578947368421,0.6434782608695652,0,0.8852691218130312,34,1.5,37.380299223132255
70.60000000000026,0.6282475200755786,31.665743627024025,0.6631578947368421,0.6442516268980477,1,0.8851485148514852,34,1.5,37.375308999550995
70.70000000000026,0.6284837033538025,31.665743627024025,0.6631578947368421,0.6442516268980477,0,0.8853107344632768,33,1.5,37.371040587685314
70.80000000000025,0.6287198866320265,31.665743627024025,0.6631578947368421,0.6442516268980477,0,0.8853314527503526,33,1.5,37.36753625915117
70.90000000000025,0.629664619744922,31.665743627024025,0.6631578947368421,0.6442516268980477,0,0.8854225352112676,31,1.5,37.36485400390697
71.00000000000024,0.6306093528578177,31.571564458895068,0.6789473684210526,0.645021645021645,1,0.8853023909985935,30,1.5,37.3629359154695
71.10000000000024,0.6308455361360416,31.571564458895068,0.6789473684210526,0.645021645021645,0,0.8851825842696629,30,1.5,37.36196987495792
71.20000000000023,0.6315540859707133,31.571564458895068,0.6789473684210526,0.6457883369330454,2,0.885343618513324,30,1.5,37.362130485559724
71.30000000000022,0.632026452527161,31.571564458895068,0.6789473684210526,0.6457883369330454,0,0.8853641456582633,30,1.5,37.360489456626354
71.40000000000022,0.6327350023618328,31.571564458895068,0.6789473684210526,0.6457883369330454,0,0.8853846153846154,31,1.5,37.35931871670832
71.50000000000021,0.6327350023618328,31.571564458895068,0.6789473684210526,0.6457883369330454,0,0.8855446927374302,31,1.5,37.35985675846885
71.60000000000021,0.6329711856400567,31.571564458895068,0.6789473684210526,0.6457883369330454,1,0.8853556485355648,32,1.5,37.362015007147
71.7000000000002,0.6334435521965045,31.571564458895068,0.6789473684210526,0.6457883369330454,2,0.8853064066852367,32,1.5,37.365719742433235
71.8000000000002,0.6336797354747283,31.571564458895068,0.6789473684210526,0.6457883369330454,1,0.8854659248956884,31,1.5,37.370853098552764
71.90000000000019,0.6339159187529523,31.571564458895068,0.6789473684210526,0.6457883369330454,0,0.8854861111111111,31,1.5,37.37629138636361
72.00000000000018,0.6341521020311762,31.571564458895068,0.6789473684210526,0.6457883369330454,0,0.885506241331484,30,1.5,37.38194501076401
72.10000000000018,0.6343882853094001,31.571564458895068,0.6789473684210526,0.650319829424307,11,0.885595567867036,31,1.5,37.385833297990416
72.20000000000017,0.634624468587624,31.571564458895068,0.6789473684210526,0.650319829424307,0,0.8855463347164592,30,1.5,37.388881417492655
72.30000000000017,0.6350968351440718,31.571564458895068,0.6789473684210526,0.650319829424307,1,0.8855662983425414,30,1.5,37.39105414820263
72.40000000000016,0.6355692017005196,31.571564458895068,0.6789473684210526,0.650319829424307,0,0.885448275862069,30,1.5,37.392177488269645
72.50000000000016,0.6355692017005196,31.571564458895068,0.6789473684210526,0.650319829424307,0,0.8853994490358127,30,1.5,37.39211962139949
72.60000000000015,0.6355692017005196,31.571564458895068,0.6789473684210526,0.648936170212766,1,0.8852819807427785,30,1.5,37.38990649992282
72.70000000000014,0.6355692017005196,31.571564458895068,0.6789473684210526,0.648936170212766,0,0.8851648351648351,30,1.5,37.38568491114159
72.80000000000014,0.6358053849787435,31.571564458895068,0.6789473684210526,0.648936170212766,0,0.8851851851851852,30,1.5,37.38037935168566
72.90000000000013,0.6362777515351913,31.571564458895068,0.6789473684210526,0.648936170212766,0,0.8852739726027398,29,1.5,37.37406780948997
73.00000000000013,0.6367501180916391,31.571564458895068,0.6789473684210526,0.6496815286624203,1,0.8852257181942544,31,1.5,37.367306635160425
73.10000000000012,0.6367501180916391,32.47302817937911,0.6105263157894737,0.6483050847457628,1,0.8852459016393442,31,1.5,37.361281258145716
73.20000000000012,0.636986301369863,32.47302817937911,0.6105263157894737,0.6483050847457628,1,0.8853342428376535,32,1.5,37.35594979713026
73.30000000000011,0.637222484648087,32.47302817937911,0.6105263157894737,0.6483050847457628,0,0.8854223433242506,32,1.5,37.35133419846002
73.4000000000001,0.637222484648087,32.47302817937911,0.6105263157894737,0.6483050847457628,0,0.8851700680272109,32,1.5,37.347456562205565
73.5000000000001,0.637222484648087,32.47302817937911,0.6105263157894737,0.6483050847457628,0,0.885258152173913,32,1.5,37.344294362597566
73.6000000000001,0.637222484648087,32.47302817937911,0.6105263157894737,0.6483050847457628,1,0.8853459972862958,32,1.5,37.34188728638036
73.70000000000009,0.637222484648087,32.47302817937911,0.6105263157894737,0.6469344608879493,2,0.8853658536585366,32,1.5,37.340079301603076
73.80000000000008,0.6374586679263108,32.47302817937911,0.6105263157894737,0.6469344608879493,1,0.8852503382949932,31,1.5,37.339010339511894
73.90000000000008,0.6376948512045347,32.47302817937911,0.6105263157894737,0.6469344608879493,0,0.8854054054054054,32,1.5,37.33910883228586
74.00000000000007,0.6379310344827587,32.47302817937911,0.6105263157894737,0.6469344608879493,0,0.8854251012145749,32,1.5,37.34049579743923
74.10000000000007,0.6381672177609825,32.47302817937911,0.6105263157894737,0.651356993736952,11,0.8855795148247978,30,1.5,37.345818525329136
74.20000000000006,0.6381672177609825,32.47302817937911,0.6105263157894737,0.651356993736952,0,0.8855989232839838,30,1.5,37.350663616608855
74.30000000000005,0.6381672177609825,32.47302817937911,0.6105263157894737,0.651356993736952,1,0.8856854838709678,30,1.5,37.35555212196735
74.40000000000005,0.6381672177609825,32.47302817937911,0.6105263157894737,0.651356993736952,0,0.885503355704698,30,1.5,37.36017459356024
74.50000000000004,0.6381672177609825,32.47302817937911,0.6105263157894737,0.651356993736952,0,0.8855898123324397,30,1.5,37.36346932895519
74.60000000000004,0.6384034010392065,32.47302817937911,0.6105263157894737,0.6520833333333333,1,0.885475234270415,30,1.5,37.36582610930187
74.70000000000003,0.6384034010392065,32.47302817937911,0.6105263157894737,0.6520833333333333,0,0.8854946524064171,30,1.5,37.36678663564731
74.80000000000003,0.6384034010392065,32.47302817937911,0.6105263157894737,0.6520833333333333,0,0.8853805073431241,30,1.5,37.36719456003464
74.90000000000002,0.6384034010392065,32.47302817937911,0.6105263157894737,0.6520833333333333,0,0.8853333333333333,30,1.5,37.36713339079517
75.00000000000001,0.6384034010392065,32.47302817937911,0.6105263157894737,0.6528066528066528,1,0.8852197070572569,30,1.5,37.367521914615814
75.10000000000001,0.6388757675956542,32.47302817937911,0.6105263157894737,0.6535269709543569,1,0.8853723404255319,30,1.5,37.36826711955274
75.2,0.6388757675956542,32.609537925673585,0.6,0.6535269709543569,1,0.8852589641434263,30,1.5,37.36928089367464
75.3,0.6388757675956542,32.609537925673585,0.6,0.6535269709543569,0,0.8852122015915119,30,1.5,37.37048094873365
75.39999999999999,0.6388757675956542,32.609537925673585,0.6,0.6535269709543569,0,0.8852317880794702,30,1.5,37.37298273487505
75.49999999999999,0.6388757675956542,32.609537925673585,0.6,0.6535269709543569,0,0.8851851851851852,30,1.5,37.380586208115325
75.59999999999998,0.6388757675956542,32.609537925673585,0.6,0.6535269709543569,1,0.8852708058124175,30,1.5,37.388237648153826
75.69999999999997,0.6391119508738782,32.609537925673585,0.6,0.6542443064182195,2,0.8853562005277045,30,1.5,37.3957195062439
75.79999999999997,0.6391119508738782,32.609537925673585,0.6,0.6542443064182195,1,0.8853754940711462,30,1.5,37.403003715780876
75.89999999999996,0.6391119508738782,32.609537925673585,0.6,0.6542443064182195,0,0.8851973684210527,30,1.5,37.41021701042951
75.99999999999996,0.639348134152102,32.609537925673585,0.6,0.6542443064182195,0,0.8852825229960578,30,1.5,37.417374299647854
76.09999999999995,0.639348134152102,32.609537925673585,0.6,0.6570841889117043,11,0.8853674540682415,30,1.5,37.42601792907702
76.19999999999995,0.639348134152102,32.609537925673585,0.6,0.6570841889117043,0,0.8854521625163827,30,1.5,37.43528498330681
76.29999999999994,0.639348134152102,32.609537925673585,0.6,0.6577868852459017,1,0.8854712041884817,30,1.5,37.44595686401137
76.39999999999993,0.639348134152102,32.609537925673585,0.6,0.6577868852459017,0,0.8854248366013072,30,1.5,37.45702719398895
76.49999999999993,0.639348134152102,32.609537925673585,0.6,0.6577868852459017,0,0.8854438642297651,30,1.5,37.468462721112836
76.59999999999992,0.639348134152102,32.609537925673585,0.6,0.656441717791411,1,0.8853976531942633,30,1.5,37.48000854021622
76.69999999999992,0.639348134152102,32.609537925673585,0.6,0.656441717791411,0,0.8853515625,30,1.5,37.49206115315735
76.79999999999991,0.639348134152102,32.609537925673585,0.6,0.656441717791411,0,0.8854356306892067,30,1.5,37.50463082146102
76.8999999999999,0.639348134152102,32.609537925673585,0.6,0.656441717791411,0,0.8855194805194805,30,1.5,37.51772986670714
76.9999999999999,0.639348134152102,32.609537925673585,0.6,0.656441717791411,1,0.885408560311284,30,1.5,37.53138264736295
77.0999999999999,0.639348134152102,32.609537925673585,0.6,0.6571428571428571,1,0.8853626943005182,30,1.5,37.54449357223353
77.19999999999989,0.639348134152102,32.609537925673585,0.6,0.6571428571428571,1,0.8854463130659768,30,1.5,37.55685798984262
77.29999999999988,0.639348134152102,29.801159807893324,0.6789473684210526,0.6571428571428571,0,0.8854651162790698,30,1.5,37.56801885978394
77.39999999999988,0.639584317430326,29.801159807893324,0.6789473684210526,0.6571428571428571,0,0.8854193548387097,30,1.5,37.578003978889086
77.49999999999987,0.639584317430326,29.801159807893324,0.6789473684210526,0.6571428571428571,0,0.8853092783505154,30,1.5,37.58685929832912
77.59999999999987,0.639584317430326,29.801159807893324,0.6789473684210526,0.6578411405295316,1,0.8853281853281854,30,1.5,37.59434547933384
77.69999999999986,0.639584317430326,29.801159807893324,0.6789473684210526,0.6578411405295316,2,0.8852827763496144,30,1.5,37.60068383591467
77.79999999999986,0.6398205007085498,29.801159807893324,0.6789473684210526,0.6585365853658537,1,0.8852374839537869,31,1.5,37.60803927855118
77.89999999999985,0.6398205007085498,29.801159807893324,0.6789473684210526,0.6585365853658537,0,0.8852564102564102,31,1.5,37.61665173713933
77.99999999999984,0.6398205007085498,29.801159807893324,0.6789473684210526,0.6585365853658537,0,0.8851472471190781,31,1.5,37.62845595467047
78.09999999999984,0.6398205007085498,29.801159807893324,0.6789473684210526,0.6592741935483871,11,0.885230179028133,31,1.5,37.64340258298487
78.19999999999983,0.6398205007085498,29.801159807893324,0.6789473684210526,0.6592741935483871,0,0.8852490421455939,31,1.5,37.6576871698281
78.29999999999983,0.6402928672649977,29.801159807893324,0.6789473684210526,0.6599597585513078,1,0.8853316326530613,30,1.5,37.670371836895136
78.39999999999982,0.6402928672649977,29.801159807893324,0.6789473684210526,0.6599597585513078,0,0.8852866242038216,30,1.5,37.681465050204594
78.49999999999982,0.6402928672649977,29.801159807893324,0.6789473684210526,0.6599597585513078,0,0.8852417302798982,30,1.5,37.691103688106914
78.59999999999981,0.6402928672649977,29.801159807893324,0.6789473684210526,0.6606425702811245,1,0.885133418043202,30,1.5,37.698437351467106
78.6999999999998,0.6407652338214455,29.801159807893324,0.6789473684210526,0.6606425702811245,0,0.8852157360406091,30,1.5,37.699494301580515
78.7999999999998,0.6407652338214455,29.801159807893324,0.6789473684210526,0.6606425702811245,0,0.885234474017744,30,1.5,37.700031532464045
78.89999999999979,0.6407652338214455,29.801159807893324,0.6789473684210526,0.6606425702811245,0,0.885253164556962,30,1.5,37.70030484745452
78.99999999999979,0.6407652338214455,29.801159807893324,0.6789473684210526,0.6606425702811245,1,0.8852718078381795,30,1.5,37.700443751177374
79.09999999999978,0.6407652338214455,29.801159807893324,0.6789473684210526,0.6613226452905812,1,0.885290404040404,30,1.5,37.6991359050121
79.19999999999978,0.6407652338214455,29.801159807893324,0.6789473684210526,0.662,1,0.8854350567465321,30,1.5,37.69747641443489
79.29999999999977,0.6412376003778932,29.801159807893324,0.6789473684210526,0.662,0,0.8855793450881612,29,1.5,37.69595369477074
79.39999999999976,0.6414737836561172,28.457742750630466,0.7157894736842105,0.662,0,0.8855974842767296,30,1.5,37.695077847304184
79.49999999999976,0.641946150212565,28.457742750630466,0.7157894736842105,0.662,0,0.8854899497487437,31,1.5,37.696875293312246
79.59999999999975,0.6421823334907889,28.457742750630466,0.7157894736842105,0.662,1,0.8855708908406524,31,1.5,37.70013402459566
79.69999999999975,0.6424185167690127,28.457742750630466,0.7157894736842105,0.662,2,0.8854636591478696,31,1.5,37.70565895709993
79.79999999999974,0.6424185167690127,28.457742750630466,0.7157894736842105,0.662,1,0.8854818523153942,31,1.5,37.7137750179551
79.89999999999974,0.6424185167690127,28.457742750630466,0.7157894736842105,0.662,0,0.8855,31,1.5,37.7236525887882
79.99999999999973,0.6424185167690127,28.457742750630466,0.7157894736842105,0.662,0,0.885518102372035,31,1.5,37.74155873824988
80.09999999999972,0.6424185167690127,28.457742750630466,0.7157894736842105,0.6626984126984127,11,0.8855361596009975,31,1.5,37.76202052598754
80.19999999999972,0.6424185167690127,28.457742750630466,0.7157894736842105,0.6626984126984127,0,0.8854919053549191,31,1.5,37.785135726978964
80.29999999999971,0.6428908833254605,28.457742750630466,0.7157894736842105,0.6626984126984127,1,0.8855099502487562,31,1.5,37.81096894345584
80.39999999999971,0.6435994331601322,28.457742750630466,0.7157894736842105,0.6626984126984127,0,0.8856521739130435,30,1.5,37.83955747025563
80.4999999999997,0.6438356164383562,28.457742750630466,0.7157894736842105,0.6626984126984127,0,0.8856699751861042,30,1.5,37.870400790202225
80.5999999999997,0.644307982994804,28.457742750630466,0.7157894736842105,0.6633663366336634,1,0.8857496902106567,32,1.5,37.901977682718346
80.69999999999969,0.6445441662730279,28.457742750630466,0.7157894736842105,0.6633663366336634,0,0.8856435643564357,32,1.5,37.93286066363947
80.79999999999968,0.6445441662730279,28.457742750630466,0.7157894736842105,0.6633663366336634,0,0.8854140914709518,32,1.5,37.96304847483599
80.89999999999968,0.6447803495512517,28.457742750630466,0.7157894736842105,0.6620553359683794,1,0.8852469135802469,32,1.5,37.992426800736766
80.99999999999967,0.6447803495512517,28.457742750630466,0.7157894736842105,0.6620553359683794,1,0.8853267570900123,32,1.5,38.02119124934174
81.09999999999967,0.6450165328294757,28.457742750630466,0.7157894736842105,0.6627218934911243,1,0.8853448275862069,31,1.5,38.049144431675074
81.19999999999966,0.6450165328294757,28.457742750630466,0.7157894736842105,0.6627218934911243,1,0.8854243542435425,31,1.5,38.076691614608116
81.29999999999966,0.6457250826641474,28.457742750630466,0.7157894736842105,0.6627218934911243,0,0.8853808353808353,30,1.5,38.10398432245754
81.39999999999965,0.6459612659423712,28.457742750630466,0.7157894736842105,0.6627218934911243,0,0.8854601226993865,30,1.5,38.13120142750912
81.49999999999964,0.646669815777043,28.830101539236335,0.6947368421052632,0.6627218934911243,0,0.8854779411764706,31,1.5,38.158543092965324
81.59999999999964,0.6469059990552669,28.830101539236335,0.6947368421052632,0.6627218934911243,1,0.8855569155446756,32,1.5,38.18622278943713
81.69999999999963,0.6471421823334907,28.830101539236335,0.6947368421052632,0.6627218934911243,2,0.8854523227383863,31,1.5,38.21440382725783
81.79999999999963,0.6473783656117147,28.830101539236335,0.6947368421052632,0.6627218934911243,1,0.8854700854700854,31,1.5,38.24310835629855
81.89999999999962,0.6473783656117147,28.830101539236335,0.6947368421052632,0.6627218934911243,0,0.8854878048780488,31,1.5,38.271631823327624
81.99999999999962,0.6478507321681625,28.830101539236335,0.6947368421052632,0.6627218934911243,0,0.8855663824604141,31,1.5,38.300360836603936
82.09999999999961,0.6478507321681625,28.830101539236335,0.6947368421052632,0.6653620352250489,10,0.8856447688564477,31,1.5,38.329948364208796
82.1999999999996,0.6480869154463864,28.830101539236335,0.6947368421052632,0.6653620352250489,0,0.8855407047387607,31,1.5,38.3602683007159
82.2999999999996,0.6487954652810581,28.830101539236335,0.6947368421052632,0.6653620352250489,1,0.8856189320388349,29,1.5,38.39116105761094
82.3999999999996,0.6492678318375059,28.830101539236335,0.6947368421052632,0.6653620352250489,0,0.8856363636363637,31,1.5,38.424244620707
82.49999999999959,0.6499763816721776,28.830101539236335,0.6947368421052632,0.6653620352250489,0,0.8856537530266344,29,1.5,38.45774572939972
82.59999999999958,0.6506849315068494,28.830101539236335,0.6947368421052632,0.666015625,1,0.8856106408706167,30,1.5,38.491555124246275
82.69999999999958,0.6506849315068494,28.830101539236335,0.6947368421052632,0.666015625,0,0.8855676328502415,30,1.5,38.52565761450291
82.79999999999957,0.6506849315068494,28.830101539236335,0.6947368421052632,0.666015625,0,0.8854644149577805,30,1.5,38.56004464742053
82.89999999999957,0.6509211147850732,28.830101539236335,0.6947368421052632,0.6666666666666666,1,0.885421686746988,30,1.5,38.59439505197189
82.99999999999956,0.6509211147850732,28.830101539236335,0.6947368421052632,0.6666666666666666,1,0.8855595667870036,30,1.5,38.62861635676283
83.09999999999955,0.6511572980632971,28.830101539236335,0.6947368421052632,0.6666666666666666,1,0.885576923076923,30,1.5,38.662652212898855
83.19999999999955,0.651393481341521,28.830101539236335,0.6947368421052632,0.6666666666666666,1,0.8855342136854741,30,1.5,38.696575105310366
83.29999999999954,0.6518658478979689,28.830101539236335,0.6947368421052632,0.6666666666666666,0,0.8856714628297362,29,1.5,38.73102393441059
83.39999999999954,0.6525743977326405,28.830101539236335,0.6947368421052632,0.6666666666666666,0,0.885748502994012,29,1.5,38.765982018084976
83.49999999999953,0.6528105810108644,28.830101539236335,0.6947368421052632,0.6666666666666666,0,0.8857655502392344,28,1.5,38.801447225602075
83.59999999999953,0.6530467642890884,27.889664899500985,0.7157894736842105,0.6666666666666666,1,0.885663082437276,28,1.5,38.83743104468431
83.69999999999952,0.6530467642890884,27.889664899500985,0.7157894736842105,0.6666666666666666,2,0.8856801909307875,28,1.5,38.87395628263286
83.79999999999951,0.6532829475673122,27.889664899500985,0.7157894736842105,0.6666666666666666,1,0.8856972586412396,28,1.5,38.91105327756804
83.89999999999951,0.6535191308455361,27.889664899500985,0.7157894736842105,0.6666666666666666,0,0.8854761904761905,29,1.5,38.949030078584926
83.9999999999995,0.6535191308455361,27.889664899500985,0.7157894736842105,0.6666666666666666,0,0.8854340071343638,29,1.5,38.98807805989645
84.0999999999995,0.6539914974019839,27.889664899500985,0.7157894736842105,0.6679611650485436,10,0.8854513064133016,29,1.5,39.028380881162896
84.19999999999949,0.6544638639584317,27.889664899500985,0.7157894736842105,0.6679611650485436,0,0.8855871886120996,30,1.5,39.06934402171793
84.29999999999949,0.6544638639584317,27.889664899500985,0.7157894736842105,0.6679611650485436,1,0.8854857819905213,30,1.5,39.10585148335117
84.39999999999948,0.6547000472366556,27.889664899500985,0.7157894736842105,0.6679611650485436,0,0.8854437869822486,29,1.5,39.142253736204516
84.49999999999947,0.6549362305148796,27.889664899500985,0.7157894736842105,0.6679611650485436,0,0.8854609929078014,29,1.5,39.178522195617866
84.59999999999947,0.6551724137931034,27.889664899500985,0.7157894736842105,0.6686046511627907,1,0.885478158205431,29,1.5,39.21463466263295
84.69999999999946,0.6551724137931034,27.889664899500985,0.7157894736842105,0.6686046511627907,0,0.8854952830188679,29,1.5,39.25057594025233
84.79999999999946,0.6554085970713274,27.889664899500985,0.7157894736842105,0.6686046511627907,0,0.8856301531213192,29,1.5,39.28633842225443
84.89999999999945,0.6558809636277751,27.889664899500985,0.7157894736842105,0.6692456479690522,1,0.8855294117647059,28,1.5,39.32385404820712
84.99999999999945,0.6561171469059991,27.889664899500985,0.7157894736842105,0.6692456479690522,1,0.8855464159811985,29,1.5,39.362243674856686
85.09999999999944,0.6563533301842229,27.889664899500985,0.7157894736842105,0.6692456479690522,1,0.8855046948356807,29,1.5,39.40146674777368
85.19999999999943,0.6563533301842229,27.889664899500985,0.7157894736842105,0.6692456479690522,1,0.8855216881594373,29,1.5,39.44148177717223
85.29999999999943,0.6565895134624469,27.889664899500985,0.7157894736842105,0.6692456479690522,0,0.8854215456674474,29,1.5,39.482213867637306
85.39999999999942,0.6565895134624469,27.889664899500985,0.7157894736842105,0.6692456479690522,0,0.8854970760233918,29,1.5,39.523661157656285
85.49999999999942,0.6565895134624469,27.889664899500985,0.7157894736842105,0.6692456479690522,0,0.8855140186915887,29,1.5,39.56582210339606
85.59999999999941,0.6565895134624469,27.889664899500985,0.7157894736842105,0.6692456479690522,1,0.8855309218203034,29,1.5,39.608695517164215
85.6999999999994,0.6565895134624469,29.953905540175,0.6631578947368421,0.6692456479690522,2,0.8855477855477856,29,1.5,39.65228060757435
85.7999999999994,0.6565895134624469,29.953905540175,0.6631578947368421,0.6692456479690522,1,0.8856810244470315,29,1.5,39.69657702067591
85.8999999999994,0.6575342465753424,29.953905540175,0.6631578947368421,0.6692456479690522,0,0.8855813953488372,29,1.5,39.741584881483206
85.99999999999939,0.6575342465753424,29.953905540175,0.6631578947368421,0.6692456479690522,0,0.8855400696864112,29,1.5,39.78833758952929
86.09999999999938,0.6582427964100142,29.953905540175,0.6631578947368421,0.6692160611854685,10,0.8856728538283063,30,1.5,39.84060563066936
86.19999999999938,0.6582427964100142,29.953905540175,0.6631578947368421,0.6692160611854685,0,0.885747392815759,30,1.5,39.89247881874605
86.29999999999937,0.6584789796882381,29.953905540175,0.6631578947368421,0.6692160611854685,1,0.8857060185185185,29,1.5,39.94398831205118
86.39999999999937,0.6587151629664619,29.953905540175,0.6631578947368421,0.6692160611854685,0,0.8856069364161849,28,1.5,39.99487698386118
86.49999999999936,0.6589513462446859,29.953905540175,0.6631578947368421,0.6692160611854685,0,0.8857390300230947,28,1.5,40.044900098839946
86.59999999999935,0.6589513462446859,29.953905540175,0.6631578947368421,0.6692160611854685,1,0.8856401384083045,28,1.5,40.093901081277366
86.69999999999935,0.6591875295229098,29.953905540175,0.6631578947368421,0.6692160611854685,0,0.885483870967742,28,1.5,40.14192072980511
86.79999999999934,0.6596598960793576,29.953905540175,0.6631578947368421,0.6692160611854685,0,0.8855581127733027,29,1.5,40.189195862282155
86.89999999999934,0.6596598960793576,29.953905540175,0.6631578947368421,0.6698473282442748,1,0.8853448275862069,29,1.5,40.23743721390315
86.99999999999933,0.6598960793575814,29.953905540175,0.6631578947368421,0.6698473282442748,1,0.8854190585533869,29,1.5,40.28692880387572
87.09999999999933,0.6601322626358054,29.953905540175,0.6631578947368421,0.6698473282442748,1,0.8853211009174312,29,1.5,40.33565543984002
87.19999999999932,0.6603684459140293,29.953905540175,0.6631578947368421,0.6698473282442748,1,0.8854524627720504,30,1.5,40.38370368473703
87.29999999999932,0.6608408124704771,29.953905540175,0.6631578947368421,0.6698473282442748,0,0.8855263157894737,30,1.5,40.43117523047868
87.39999999999931,0.661076995748701,29.953905540175,0.6631578947368421,0.6698473282442748,0,0.8856,31,1.5,40.47818685499563
87.4999999999993,0.661076995748701,29.953905540175,0.6631578947368421,0.6698473282442748,0,0.8855022831050229,31,1.5,40.52487031551817
87.5999999999993,0.6613131790269249,29.953905540175,0.6631578947368421,0.6704761904761904,1,0.8854047890535918,32,1.5,40.57136324791091
87.69999999999929,0.6613131790269249,29.953905540175,0.6631578947368421,0.6711026615969582,2,0.8854214123006834,32,1.5,40.61777492458767
87.79999999999929,0.6617855455833727,29.295056663494698,0.7,0.6711026615969582,1,0.885551763367463,33,1.5,40.663983236146834
87.89999999999928,0.6617855455833727,29.295056663494698,0.7,0.6711026615969582,0,0.8855113636363636,33,1.5,40.71009284348336
87.99999999999928,0.6617855455833727,29.295056663494698,0.7,0.6711026615969582,0,0.8855845629965948,33,1.5,40.756213365702216
88.09999999999927,0.6622579121398205,29.295056663494698,0.7,0.6754221388367729,10,0.8855442176870748,33,1.5,40.802983007317295
88.19999999999926,0.6627302786962683,29.295056663494698,0.7,0.6754221388367729,0,0.8855039637599094,32,1.5,40.85003440126399
88.29999999999926,0.6632026452527161,29.295056663494698,0.7,0.6760299625468165,1,0.8855203619909502,31,1.5,40.90730712983502
88.39999999999925,0.6632026452527161,29.295056663494698,0.7,0.6760299625468165,0,0.8855367231638418,31,1.5,40.96530965895676
88.49999999999925,0.66343882853094,29.295056663494698,0.7,0.6760299625468165,0,0.8856094808126411,31,1.5,41.023793349948775
88.59999999999924,0.66343882853094,29.295056663494698,0.7,0.6766355140186916,1,0.8856257046223225,31,1.5,41.08210116992262
88.69999999999924,0.6636750118091639,29.295056663494698,0.7,0.6766355140186916,0,0.8856981981981982,32,1.5,41.139949965824165
88.79999999999923,0.6636750118091639,29.295056663494698,0.7,0.6766355140186916,0,0.8856580427446569,32,1.5,41.19715422235805
88.89999999999922,0.6636750118091639,29.295056663494698,0.7,0.6772388059701493,1,0.8856179775280899,32,1.5,41.253592255080186
88.99999999999922,0.6639111950873878,29.295056663494698,0.7,0.6759776536312849,2,0.8856902356902356,32,1.5,41.309671677742706
89.09999999999921,0.6643835616438356,29.295056663494698,0.7,0.6765799256505576,1,0.8856502242152466,31,1.5,41.365920050180215
89.1999999999992,0.6648559282002834,29.295056663494698,0.7,0.6765799256505576,1,0.8856103023516237,32,1.5,41.42161666979587
89.2999999999992,0.6650921114785073,29.295056663494698,0.7,0.6765799256505576,0,0.8856823266219239,31,1.5,41.4768497120613
89.3999999999992,0.6650921114785073,29.295056663494698,0.7,0.6765799256505576,0,0.8856424581005586,31,1.5,41.53171524638928
89.49999999999919,0.6653282947567313,29.295056663494698,0.7,0.6765799256505576,0,0.8856026785714286,32,1.5,41.577512666336474
89.59999999999918,0.6653282947567313,29.295056663494698,0.7,0.6771799628942486,1,0.8855072463768116,32,1.5,41.62286242289173
89.69999999999918,0.665800661313179,29.295056663494698,0.7,0.678373382624769,2,0.8855233853006681,33,1.5,41.66815734755431
89.79999999999917,0.6660368445914029,29.295056663494698,0.7,0.678373382624769,1,0.88559510567297,33,1.5,41.713691067523534
89.89999999999917,0.6660368445914029,29.134503295442833,0.7052631578947368,0.678373382624769,0,0.8856111111111111,33,1.5,41.759598353621605
89.99999999999916,0.6660368445914029,29.134503295442833,0.7052631578947368,0.678373382624769,0,0.8857380688124307,33,1.5,41.805902530604584
90.09999999999916,0.6660368445914029,29.134503295442833,0.7052631578947368,0.6813186813186813,9,0.8857538802660754,33,1.5,41.85069388008437
90.19999999999915,0.6665092111478508,29.134503295442833,0.7052631578947368,0.6813186813186813,0,0.8857696566998893,32,1.5,41.88940559783607
90.29999999999914,0.6669815777042986,29.134503295442833,0.7052631578947368,0.6819012797074955,1,0.8856194690265486,31,1.5,41.928585167821055
90.39999999999914,0.6669815777042986,29.134503295442833,0.7052631578947368,0.6806569343065694,1,0.8856353591160221,31,1.5,41.96873548216306
90.49999999999913,0.6672177609825224,29.134503295442833,0.7052631578947368,0.6806569343065694,0,0.8855960264900662,32,1.5,42.00972169065795
90.59999999999913,0.6681624940954181,29.134503295442833,0.7052631578947368,0.6812386156648452,1,0.8855016538037486,31,1.5,42.051578410385765
90.69999999999912,0.6683986773736419,29.134503295442833,0.7052631578947368,0.6812386156648452,0,0.8854625550660793,31,1.5,42.09400132263534
90.79999999999912,0.6686348606518658,29.134503295442833,0.7052631578947368,0.6812386156648452,0,0.8854235423542354,31,1.5,42.13686284332734
90.89999999999911,0.6686348606518658,29.134503295442833,0.7052631578947368,0.6818181818181818,1,0.8854395604395604,31,1.5,42.18010135596451
90.9999999999991,0.6686348606518658,29.134503295442833,0.7052631578947368,0.6818181818181818,1,0.8854555433589462,31,1.5,42.22354193752346
91.0999999999991,0.6686348606518658,29.134503295442833,0.7052631578947368,0.6823956442831216,1,0.8855263157894737,31,1.5,42.26592282346207
91.1999999999991,0.6688710439300898,29.134503295442833,0.7052631578947368,0.6829710144927537,1,0.8855421686746988,31,1.5,42.30683866516433
91.29999999999909,0.6695795937647615,29.134503295442833,0.7052631578947368,0.6829710144927537,0,0.8855579868708972,31,1.5,42.34653363815836
91.39999999999908,0.6702881435994331,29.134503295442833,0.7052631578947368,0.6829710144927537,0,0.8855191256830601,31,1.5,42.3849550056413
91.49999999999908,0.670760510155881,29.134503295442833,0.7052631578947368,0.6829710144927537,0,0.8854803493449782,32,1.5,42.422069230197856
91.59999999999907,0.6709966934341048,29.134503295442833,0.7052631578947368,0.6835443037974683,1,0.8852235550708834,33,1.5,42.45782862637164
91.69999999999906,0.6709966934341048,29.134503295442833,0.7052631578947368,0.6846846846846847,2,0.8853485838779956,33,1.5,42.49254817441499
91.79999999999906,0.6709966934341048,29.134503295442833,0.7052631578947368,0.6846846846846847,1,0.8853645266594125,33,1.5,42.52723016924726
91.89999999999905,0.6714690599905526,29.134503295442833,0.7052631578947368,0.6846846846846847,0,0.8852717391304348,32,1.5,42.56144875858193
91.99999999999905,0.6714690599905526,28.524628224128612,0.7263157894736842,0.6846846846846847,0,0.8852877307274701,32,1.5,42.59497438857847
92.09999999999904,0.6724137931034483,28.524628224128612,0.7263157894736842,0.6873889875666075,9,0.885412147505423,31,1.5,42.62729497002296
92.19999999999904,0.6726499763816722,28.524628224128612,0.7263157894736842,0.6873889875666075,0,0.8854821235102925,31,1.5,42.65836776978163
92.29999999999903,0.6728861596598961,28.524628224128612,0.7263157894736842,0.6879432624113475,1,0.8852813852813853,32,1.5,42.68812981493598
92.39999999999903,0.6735947094945678,28.524628224128612,0.7263157894736842,0.6867256637168142,1,0.8853513513513513,30,1.5,42.716485225091176
92.49999999999902,0.6738308927727917,28.524628224128612,0.7263157894736842,0.6867256637168142,0,0.8853671706263498,30,1.5,42.7432886810963
92.59999999999901,0.6743032593292395,28.524628224128612,0.7263157894736842,0.6872791519434629,1,0.8852750809061488,30,1.5,42.767703603451544
92.69999999999901,0.6745394426074633,28.524628224128612,0.7263157894736842,0.6872791519434629,0,0.8851831896551724,31,1.5,42.7898816978312
92.799999999999,0.6745394426074633,28.524628224128612,0.7263157894736842,0.6872791519434629,0,0.8852529601722282,31,1.5,42.81201771680396
92.899999999999,0.6747756258856873,28.524628224128612,0.7263157894736842,0.6878306878306878,1,0.8853225806451613,31,1.5,42.83412736433561
92.99999999999899,0.6757203589985828,28.524628224128612,0.7263157894736842,0.6878306878306878,1,0.8853383458646616,31,1.5,42.85532500091169
93.09999999999899,0.6757203589985828,28.524628224128612,0.7263157894736842,0.6883802816901409,1,0.8853540772532189,31,1.5,42.87487988161265
93.19999999999898,0.6759565422768068,28.524628224128612,0.7263157894736842,0.6889279437609842,1,0.8853161843515541,31,1.5,42.89392828474674
93.29999999999897,0.6764289088332546,28.524628224128612,0.7263157894736842,0.6889279437609842,0,0.8852783725910064,30,1.5,42.912667423385
93.39999999999897,0.6771374586679263,28.524628224128612,0.7263157894736842,0.6889279437609842,0,0.885187165775401,29,1.5,42.93072732310757
93.49999999999896,0.6771374586679263,28.524628224128612,0.7263157894736842,0.6889279437609842,0,0.8852029914529914,29,1.5,42.9484679313287
93.59999999999896,0.6773736419461502,28.524628224128612,0.7263157894736842,0.6877192982456141,1,0.8852187833511206,30,1.5,42.965972147379716
93.69999999999895,0.677846008502598,28.524628224128612,0.7263157894736842,0.6870629370629371,2,0.8852345415778251,30,1.5,42.98321308999832
93.79999999999895,0.6787907416154936,28.524628224128612,0.7263157894736842,0.6870629370629371,1,0.8853567625133121,31,1.5,43.00021718077106
93.89999999999894,0.6790269248937175,28.524628224128612,0.7263157894736842,0.6870629370629371,0,0.8853723404255319,31,1.5,43.01723706648409
93.99999999999893,0.6790269248937175,28.524628224128612,0.7263157894736842,0.6870629370629371,0,0.8852284803400637,31,1.5,43.03521194459057
94.09999999999893,0.6790269248937175,31.178937523962112,0.6421052631578947,0.6919104991394148,9,0.885244161358811,31,1.5,43.05355177878314
94.19999999999892,0.6792631081719415,31.178937523962112,0.6421052631578947,0.6919104991394148,0,0.8853128313891835,31,1.5,43.07224485459861
94.29999999999892,0.6792631081719415,31.178937523962112,0.6421052631578947,0.6924398625429553,1,0.8852224576271186,31,1.5,43.090699734253995
94.39999999999891,0.680444024563061,31.178937523962112,0.6421052631578947,0.6924398625429553,1,0.8850793650793651,29,1.5,43.10854663459919
94.4999999999989,0.6806802078412848,31.178937523962112,0.6421052631578947,0.6924398625429553,0,0.8851479915433403,29,1.5,43.12527581969659
94.5999999999989,0.6809163911195087,31.178937523962112,0.6421052631578947,0.6924398625429553,1,0.8850580781414995,29,1.5,43.141059096107924
94.6999999999989,0.6811525743977327,31.178937523962112,0.6421052631578947,0.6924398625429553,0,0.8849683544303798,30,1.5,43.15594190291123
94.79999999999889,0.6811525743977327,31.178937523962112,0.6421052631578947,0.6924398625429553,0,0.8850368809272919,30,1.5,43.16987757588613
94.89999999999888,0.6816249409541805,31.178937523962112,0.6421052631578947,0.6924398625429553,1,0.8850526315789473,30,1.5,43.1828338775968
94.99999999999888,0.6823334907888522,31.178937523962112,0.6421052631578947,0.6924398625429553,1,0.885068349106204,29,1.5,43.194793526750054
95.09999999999887,0.6830420406235238,31.178937523962112,0.6421052631578947,0.692967409948542,1,0.8851890756302521,31,1.5,43.20304938520245
95.19999999999887,0.6830420406235238,31.178937523962112,0.6421052631578947,0.6917808219178082,1,0.8852046169989507,31,1.5,43.20967071049208
95.29999999999886,0.6835144071799717,31.178937523962112,0.6421052631578947,0.6917808219178082,0,0.885167714884696,31,1.5,43.21556627367788
95.39999999999885,0.6837505904581955,31.178937523962112,0.6421052631578947,0.6917808219178082,0,0.885130890052356,30,1.5,43.22072475616631
95.49999999999885,0.684931506849315,31.178937523962112,0.6421052631578947,0.6917808219178082,0,0.8851987447698745,30,1.5,43.22514549633387
95.59999999999884,0.684931506849315,31.178937523962112,0.6421052631578947,0.6923076923076923,1,0.8852664576802508,30,1.5,43.2292208192305
95.69999999999884,0.685167690127539,31.178937523962112,0.6421052631578947,0.6928327645051194,2,0.8852296450939457,29,1.5,43.233782557772464
95.79999999999883,0.6861124232404345,31.178937523962112,0.6421052631578947,0.6928327645051194,1,0.885036496350365,30,1.5,43.23888686764437
95.89999999999883,0.6868209730751063,31.178937523962112,0.6421052631578947,0.6928327645051194,0,0.8848958333333333,32,1.5,43.244474704455016
95.99999999999882,0.687293339631554,31.178937523962112,0.6421052631578947,0.6928327645051194,0,0.8849115504682622,31,1.5,43.250217566039666
96.09999999999881,0.6880018894662258,31.178937523962112,0.6421052631578947,0.6943972835314092,9,0.8849272349272349,31,1.5,43.256088494799236
96.19999999999881,0.6882380727444497,32.00286078035535,0.6368421052631579,0.6943972835314092,0,0.8849428868120457,30,1.5,43.26208169419139
96.2999999999988,0.6884742560226736,32.00286078035535,0.6368421052631579,0.6949152542372882,1,0.8850622406639004,30,1.5,43.26907044252805
96.3999999999988,0.6884742560226736,32.00286078035535,0.6368421052631579,0.6954314720812182,1,0.8850259067357513,30,1.5,43.27664288821928
96.49999999999879,0.6887104393008975,32.00286078035535,0.6368421052631579,0.6954314720812182,0,0.8850931677018633,29,1.5,43.28540527823658
96.59999999999879,0.689891355692017,32.00286078035535,0.6368421052631579,0.6959459459459459,1,0.8852119958634953,31,1.5,43.294643374234404
96.69999999999878,0.6905999055266887,32.00286078035535,0.6368421052631579,0.6959459459459459,0,0.8852789256198347,29,1.5,43.3043699448575
96.79999999999878,0.6915446386395843,32.00286078035535,0.6368421052631579,0.6959459459459459,0,0.8851909184726522,31,1.5,43.31515837758674
96.89999999999877,0.6917808219178082,32.00286078035535,0.6368421052631579,0.6964586846543002,1,0.8852061855670104,31,1.5,43.32847263202674
96.99999999999876,0.6920170051960322,32.00286078035535,0.6368421052631579,0.6952861952861953,2,0.8851699279093718,31,1.5,43.34407429300163
97.09999999999876,0.6924893717524799,32.00286078035535,0.6368421052631579,0.6952861952861953,1,0.885082304526749,32,1.5,43.36129339494743
97.19999999999875,0.6927255550307039,32.00286078035535,0.6368421052631579,0.6952861952861953,1,0.8851490236382322,31,1.5,43.38035417201283
97.29999999999875,0.6931979215871517,32.00286078035535,0.6368421052631579,0.6952861952861953,0,0.885164271047228,32,1.5,43.40122994313496
97.39999999999874,0.6931979215871517,32.00286078035535,0.6368421052631579,0.6952861952861953,0,0.8851282051282051,32,1.5,43.42343312475485
97.49999999999874,0.6941426547000472,32.00286078035535,0.6368421052631579,0.6952861952861953,0,0.8851946721311476,33,1.5,43.4462901016811
97.59999999999873,0.6948512045347189,32.00286078035535,0.6368421052631579,0.6957983193277311,1,0.8852610030706244,33,1.5,43.469189346901075
97.69999999999872,0.6953235710911667,32.00286078035535,0.6368421052631579,0.6963087248322147,2,0.8852249488752556,33,1.5,43.49201436302218
97.79999999999872,0.6953235710911667,32.00286078035535,0.6368421052631579,0.6963087248322147,0,0.885291113381001,33,1.5,43.514791948028304
97.89999999999871,0.6957959376476146,32.00286078035535,0.6368421052631579,0.6963087248322147,0,0.8853571428571428,34,1.5,43.53739532215123
97.9999999999987,0.6962683042040624,32.00286078035535,0.6368421052631579,0.6963087248322147,0,0.8853211009174312,34,1.5,43.55970524459584
98.0999999999987,0.6965044874822862,32.00286078035535,0.6368421052631579,0.6988352745424293,9,0.8852851323828921,34,1.5,43.58186113462589
98.1999999999987,0.6967406707605102,32.00286078035535,0.6368421052631579,0.6988352745424293,0,0.8853509664292981,34,1.5,43.603500259497466
98.29999999999869,0.6967406707605102,31.4432046864392,0.6368421052631579,0.6988352745424293,1,0.8853658536585366,34,1.5,43.624627337640646
98.39999999999868,0.6967406707605102,31.4432046864392,0.6368421052631579,0.6988352745424293,1,0.8853299492385787,34,1.5,43.645131632411484
98.49999999999868,0.6967406707605102,31.4432046864392,0.6368421052631579,0.6976744186046512,1,0.8852941176470588,34,1.5,43.66493737286061
98.59999999999867,0.6969768540387341,31.4432046864392,0.6368421052631579,0.6976744186046512,1,0.8853596757852077,33,1.5,43.68378700321356
98.69999999999867,0.6974492205951819,31.4432046864392,0.6368421052631579,0.6976744186046512,0,0.8853744939271255,32,1.5,43.7014369016983
98.79999999999866,0.6976854038734057,31.4432046864392,0.6368421052631579,0.6976744186046512,0,0.8853387259858443,32,1.5,43.71790500335597
98.89999999999866,0.6979215871516297,31.4432046864392,0.6368421052631579,0.6965174129353234,1,0.8853535353535353,32,1.5,43.73399483047719
98.99999999999865,0.6991025035427492,31.4432046864392,0.6368421052631579,0.6970198675496688,1,0.8853178607467205,32,1.5,43.74952356055797
99.09999999999864,0.6998110533774209,31.4432046864392,0.6368421052631579,0.6963696369636964,2,0.8851814516129032,31,1.5,43.76367019833928
99.19999999999864,0.6998110533774209,31.4432046864392,0.6368421052631579,0.6963696369636964,0,0.8852467270896274,31,1.5,43.77608552177243
99.29999999999863,0.6998110533774209,31.4432046864392,0.6368421052631579,0.6963696369636964,0,0.8853621730382294,31,1.5,43.78655379456386
99.39999999999863,0.7002834199338687,31.4432046864392,0.6368421052631579,0.6963696369636964,0,0.8853768844221106,31,1.5,43.791407305295536
99.49999999999862,0.7005196032120926,31.4432046864392,0.6368421052631579,0.6963696369636964,0,0.8853413654618474,32,1.5,43.793523930264385
99.59999999999862,0.7005196032120926,31.4432046864392,0.6368421052631579,0.6963696369636964,1,0.885456369107322,32,1.5,43.794782232072365
99.69999999999861,0.7007557864903164,31.4432046864392,0.6368421052631579,0.6968698517298187,2,0.8852204408817635,32,1.5,43.79556972413302
99.7999999999986,0.7007557864903164,31.4432046864392,0.6368421052631579,0.6968698517298187,0,0.8851351351351351,32,1.5,43.79541831296798
99.8999999999986,0.7009919697685404,31.4432046864392,0.6368421052631579,0.6973684210526315,1,0.88525,33,1.5,43.79362883108948
99.9999999999986,0.7012281530467643,31.4432046864392,0.6368421052631579,0.6973684210526315,0,0.8852647352647353,33,1.5,43.78953332185745
100.09999999999859,0.701936702881436,31.4432046864392,0.6368421052631579,0.7003257328990228,9,0.8853293413173653,33,1.5,43.78327996750221
100.19999999999858,0.7024090694378838,31.4432046864392,0.6368421052631579,0.7003257328990228,0,0.8853938185443669,33,1.5,43.77436239532995
100.29999999999858,0.7026452527161077,31.4432046864392,0.6368421052631579,0.7003257328990228,1,0.885308764940239,34,1.5,43.76255724599214
100.39999999999857,0.7028814359943316,31.06565554997666,0.6421052631578947,0.7008130081300813,1,0.8851741293532338,34,1.5,43.74713375245752
100.49999999999856,0.7033538025507794,31.06565554997666,0.6421052631578947,0.7008130081300813,0,0.8851888667992047,32,1.5,43.72878417661066
100.59999999999856,0.7040623523854511,31.06565554997666,0.6421052631578947,0.7008130081300813,1,0.8851539225422046,33,1.5,43.707410648108436
100.69999999999855,0.7040623523854511,31.06565554997666,0.6421052631578947,0.7008130081300813,0,0.8851686507936508,33,1.5,43.682943715793286
100.79999999999855,0.7045347189418989,31.06565554997666,0.6421052631578947,0.7008130081300813,0,0.8850842418235877,33,1.5,43.65534292421433
100.89999999999854,0.7050070854983467,31.06565554997666,0.6421052631578947,0.7012987012987013,1,0.8851485148514852,34,1.5,43.62539907957379
100.99999999999854,0.7050070854983467,31.06565554997666,0.6421052631578947,0.7012987012987013,1,0.8851137487636004,34,1.5,43.593323953013424
101.09999999999853,0.7050070854983467,31.06565554997666,0.6421052631578947,0.7006472491909385,2,0.8850790513833993,34,1.5,43.559670439276296
101.19999999999852,0.7050070854983467,31.06565554997666,0.6421052631578947,0.7006472491909385,0,0.8849950641658441,34,1.5,43.52405519688593
101.29999999999852,0.7050070854983467,31.06565554997666,0.6421052631578947,0.7006472491909385,0,0.8850098619329388,34,1.5,43.48744532712355
101.39999999999851,0.7052432687765706,31.06565554997666,0.6421052631578947,0.7006472491909385,0,0.885024630541872,33,1.5,43.44991828280655
101.49999999999851,0.7061880018894662,31.06565554997666,0.6421052631578947,0.7006472491909385,0,0.8851377952755906,33,1.5,43.411564208637046
101.5999999999985,0.7064241851676901,31.06565554997666,0.6421052631578947,0.7006472491909385,1,0.8850049164208457,32,1.5,43.372485383223946
101.6999999999985,0.7066603684459141,31.06565554997666,0.6421052631578947,0.7016129032258065,2,0.8850687622789783,33,1.5,43.33254184487932
101.79999999999849,0.7068965517241379,31.06565554997666,0.6421052631578947,0.7016129032258065,0,0.8850834151128557,33,1.5,43.29189428526889
101.89999999999849,0.7071327350023618,31.06565554997666,0.6421052631578947,0.7016129032258065,1,0.8850490196078431,34,1.5,43.25206452354486
101.99999999999848,0.7076051015588096,31.06565554997666,0.6421052631578947,0.7016129032258065,0,0.8849657198824682,33,1.5,43.21257328115471
102.09999999999847,0.7076051015588096,31.06565554997666,0.6421052631578947,0.7035256410256411,9,0.8849315068493151,33,1.5,43.17389426885441
102.19999999999847,0.7078412848370336,31.06565554997666,0.6421052631578947,0.7035256410256411,0,0.8849951124144673,33,1.5,43.1353952446433
102.29999999999846,0.7083136513934813,31.06565554997666,0.6421052631578947,0.7035256410256411,1,0.88505859375,34,1.5,43.0972396366454
102.39999999999846,0.7085498346717053,31.06565554997666,0.6421052631578947,0.704,1,0.8850731707317073,35,1.5,43.05987799725103
102.49999999999845,0.7085498346717053,29.87993236513968,0.6578947368421053,0.704,0,0.8850389863547758,35,1.5,43.02319681679591
102.59999999999845,0.7085498346717053,29.87993236513968,0.6578947368421053,0.7044728434504792,1,0.8849561830574488,35,1.5,42.986086639390905
102.69999999999844,0.7085498346717053,29.87993236513968,0.6578947368421053,0.7044728434504792,0,0.8849708171206225,35,1.5,42.94853454664967
102.79999999999843,0.7090222012281531,29.87993236513968,0.6578947368421053,0.7044728434504792,0,0.8850340136054422,34,1.5,42.91059512089542
102.89999999999843,0.7092583845063769,29.87993236513968,0.6578947368421053,0.7044728434504792,1,0.8849029126213592,34,1.5,42.872327693230766
102.99999999999842,0.7094945677846008,29.87993236513968,0.6578947368421053,0.7044728434504792,1,0.884917555771096,33,1.5,42.83379649991575
103.09999999999842,0.7099669343410486,29.87993236513968,0.6578947368421053,0.7054140127388535,2,0.8849806201550388,33,1.5,42.79512259307686
103.19999999999841,0.7099669343410486,29.87993236513968,0.6578947368421053,0.7054140127388535,0,0.8849951597289448,33,1.5,42.75589737953802
103.2999999999984,0.7104393008974964,29.87993236513968,0.6578947368421053,0.7054140127388535,0,0.8850580270793037,32,1.5,42.716161203860295
103.3999999999984,0.7106754841757204,29.87993236513968,0.6578947368421053,0.7054140127388535,0,0.885024154589372,32,1.5,42.67596290024095
103.4999999999984,0.7111478507321681,29.87993236513968,0.6578947368421053,0.7054140127388535,0,0.8849903474903474,31,1.5,42.6353602606905
103.59999999999839,0.7113840340103921,29.87993236513968,0.6578947368421053,0.7054140127388535,1,0.8849566055930569,31,1.5,42.59441998652282
103.69999999999838,0.711620217288616,29.87993236513968,0.6578947368421053,0.7063492063492064,2,0.8848747591522158,31,1.5,42.552459703165376
103.79999999999838,0.7123287671232876,29.87993236513968,0.6578947368421053,0.7063492063492064,0,0.8848893166506256,33,1.5,42.50957737419388
103.89999999999837,0.7123287671232876,29.87993236513968,0.6578947368421053,0.7063492063492064,1,0.8849038461538462,33,1.5,42.46588396028646
103.99999999999837,0.7123287671232876,29.87993236513968,0.6578947368421053,0.7063492063492064,0,0.8848703170028819,33,1.5,42.421502288930824
104.09999999999836,0.7128011336797355,29.87993236513968,0.6578947368421053,0.7100313479623824,9,0.8848368522072937,32,1.5,42.374074675488465
104.19999999999835,0.7130373169579594,29.87993236513968,0.6578947368421053,0.7100313479623824,0,0.8848513902205177,32,1.5,42.32423283821314
104.29999999999835,0.7137458667926311,29.87993236513968,0.6578947368421053,0.7104851330203443,1,0.8849137931034483,31,1.5,42.27139610247833
104.39999999999834,0.713982050070855,29.87993236513968,0.6578947368421053,0.7109375,1,0.884976076555024,31,1.5,42.21495308549986
104.49999999999834,0.7142182333490789,29.87993236513968,0.6578947368421053,0.7109375,0,0.8849904397705545,32,1.5,42.155294084495004
104.59999999999833,0.7142182333490789,31.640491615071756,0.6368421052631579,0.7113884555382215,1,0.8850525310410697,32,1.5,42.093529177410645
104.69999999999833,0.7146905999055266,31.640491615071756,0.6368421052631579,0.7113884555382215,0,0.8849713740458015,31,1.5,42.02992676705193
104.79999999999832,0.7149267831837506,31.640491615071756,0.6368421052631579,0.7113884555382215,0,0.8848903717826502,31,1.5,41.9647965265101
104.89999999999831,0.7151629664619745,31.640491615071756,0.6368421052631579,0.7118380062305296,1,0.8849047619047619,30,1.5,41.89741472771855
104.99999999999831,0.7156353330184223,31.640491615071756,0.6368421052631579,0.7118380062305296,1,0.884919124643197,31,1.5,41.82794358803187
105.0999999999983,0.7158715162966462,31.640491615071756,0.6368421052631579,0.7118380062305296,2,0.8846958174904943,31,1.5,41.75740643324243
105.1999999999983,0.7165800661313179,31.640491615071756,0.6368421052631579,0.7118380062305296,0,0.8847578347578348,32,1.5,41.685633581002335
105.29999999999829,0.7165800661313179,31.640491615071756,0.6368421052631579,0.7118380062305296,0,0.8847722960151803,32,1.5,41.61280012272895
105.39999999999829,0.7165800661313179,31.640491615071756,0.6368421052631579,0.7118380062305296,0,0.8848341232227488,32,1.5,41.5384920771395
105.49999999999828,0.7170524326877658,31.640491615071756,0.6368421052631579,0.7118380062305296,0,0.8848958333333333,31,1.5,41.46237798897986
105.59999999999827,0.7170524326877658,31.640491615071756,0.6368421052631579,0.7118380062305296,1,0.8848628192999054,31,1.5,41.38465660891175
105.69999999999827,0.7170524326877658,31.640491615071756,0.6368421052631579,0.7127329192546584,2,0.8847826086956522,31,1.5,41.305302874264676
105.79999999999826,0.7175247992442135,31.640491615071756,0.6368421052631579,0.7127329192546584,0,0.8848914069877243,31,1.5,41.22497652832253
105.89999999999826,0.7177609825224374,31.640491615071756,0.6368421052631579,0.7127329192546584,1,0.8849056603773585,32,1.5,41.144422112416166
105.99999999999825,0.7179971658006613,31.640491615071756,0.6368421052631579,0.7127329192546584,0,0.8849198868991518,32,1.5,41.06400793974805
106.09999999999825,0.7179971658006613,31.640491615071756,0.6368421052631579,0.7147239263803681,9,0.8849811676082863,32,1.5,40.984095538472886
106.19999999999824,0.7179971658006613,31.640491615071756,0.6368421052631579,0.7147239263803681,0,0.8849952963311383,32,1.5,40.90521843640244
106.29999999999824,0.7184695323571091,31.640491615071756,0.6368421052631579,0.7151607963246555,1,0.8850093984962406,31,1.5,40.827412513240034
106.39999999999823,0.7189418989135569,31.640491615071756,0.6368421052631579,0.7151607963246555,1,0.8848826291079812,31,1.5,40.75080922569479
106.49999999999822,0.7198866320264525,31.640491615071756,0.6368421052631579,0.7151607963246555,0,0.8848499061913696,30,1.5,40.67561325911716
106.59999999999822,0.7198866320264525,31.640491615071756,0.6368421052631579,0.7151607963246555,1,0.8848641049671977,30,1.5,40.6020261460448
106.69999999999821,0.7203589985829003,33.06817062552551,0.5789473684210527,0.7140672782874617,1,0.8847846441947566,30,1.5,40.52919140748292
106.7999999999982,0.7205951818611243,33.06817062552551,0.5789473684210527,0.7140672782874617,0,0.884798877455566,30,1.5,40.45735128467422
106.8999999999982,0.721067548417572,33.06817062552551,0.5789473684210527,0.7140672782874617,1,0.8847663551401869,29,1.5,40.386656584381846
106.9999999999982,0.7220122815304676,33.06817062552551,0.5789473684210527,0.7140672782874617,0,0.8847338935574229,28,1.5,40.31697888348028
107.09999999999819,0.7224846480869155,33.06817062552551,0.5789473684210527,0.7129770992366412,2,0.8846548507462687,28,1.5,40.24934974195356
107.19999999999818,0.7229570146433633,33.06817062552551,0.5789473684210527,0.7129770992366412,0,0.8846691519105312,29,1.5,40.18420385011692
107.29999999999818,0.7231931979215872,33.06817062552551,0.5789473684210527,0.7129770992366412,0,0.884729981378026,30,1.5,40.12158964704635
107.39999999999817,0.723429381199811,33.06817062552551,0.5789473684210527,0.7129770992366412,0,0.8848372093023256,30,1.5,40.06173146932492
107.49999999999817,0.723665564478035,33.06817062552551,0.5789473684210527,0.7129770992366412,0,0.8848048327137547,29,1.5,40.004589693760515
107.59999999999816,0.7239017477562588,33.06817062552551,0.5789473684210527,0.7129770992366412,1,0.8848653667595172,29,1.5,39.94944899759499
107.69999999999816,0.7241379310344828,33.06817062552551,0.5789473684210527,0.7138508371385084,2,0.8847866419294991,29,1.5,39.8966125084939
107.79999999999815,0.7243741143127067,33.06817062552551,0.5789473684210527,0.7138508371385084,0,0.884708063021316,28,1.5,39.84585258397503
107.89999999999814,0.7253188474256023,33.06817062552551,0.5789473684210527,0.7138508371385084,1,0.8847222222222222,28,1.5,39.79672264277255
107.99999999999814,0.7255550307038262,33.06817062552551,0.5789473684210527,0.7138508371385084,0,0.8846438482886216,28,1.5,39.74909775700836
108.09999999999813,0.726027397260274,33.06817062552551,0.5789473684210527,0.7168674698795181,9,0.8846118299445471,27,1.5,39.7045438911822
108.19999999999813,0.7264997638167218,33.06817062552551,0.5789473684210527,0.7168674698795181,0,0.8846260387811634,28,1.5,39.66275612827588
108.29999999999812,0.7269721303731695,33.06817062552551,0.5789473684210527,0.7168674698795181,1,0.8846863468634686,27,1.5,39.62262252435357
108.39999999999812,0.7274444969296174,33.06817062552551,0.5789473684210527,0.7172932330827068,1,0.8847465437788018,26,1.5,39.582754501198494
108.49999999999811,0.7276806802078413,33.06817062552551,0.5789473684210527,0.7172932330827068,0,0.8847145488029466,26,1.5,39.5431021082997
108.5999999999981,0.7279168634860652,33.06817062552551,0.5789473684210527,0.7172932330827068,1,0.8847746090156394,27,1.5,39.50349408560048
108.6999999999981,0.7286254133207369,33.06817062552551,0.5789473684210527,0.7172932330827068,1,0.8846966911764705,27,1.5,39.46377587977995
108.7999999999981,0.7288615965989608,32.155136885413505,0.631578947368421,0.7172932330827068,0,0.8847566574839302,28,1.5,39.42396916050823
108.89999999999809,0.7288615965989608,32.155136885413505,0.631578947368421,0.7177177177177178,1,0.8847706422018349,28,1.5,39.38293706975255
108.99999999999808,0.7288615965989608,32.155136885413505,0.631578947368421,0.7177177177177178,0,0.8847846012832264,28,1.5,39.34069588033612
109.09999999999808,0.7288615965989608,32.155136885413505,0.631578947368421,0.7181409295352323,2,0.8848443223443223,28,1.5,39.29707272519132
109.19999999999807,0.7290977798771847,32.155136885413505,0.631578947368421,0.7181409295352323,0,0.8848124428179323,27,1.5,39.252323957343314
109.29999999999806,0.7290977798771847,32.155136885413505,0.631578947368421,0.7181409295352323,0,0.884780621572212,27,1.5,39.2065168417102
109.39999999999806,0.7298063297118564,32.155136885413505,0.631578947368421,0.7181409295352323,0,0.8847945205479452,25,1.5,39.15973463371899
109.49999999999805,0.7298063297118564,32.155136885413505,0.631578947368421,0.7181409295352323,0,0.8847627737226277,25,1.5,39.11207594929837
109.59999999999805,0.7300425129900803,32.155136885413505,0.631578947368421,0.7181409295352323,1,0.8847766636280766,25,1.5,39.063654049946656
109.69999999999804,0.730514879546528,32.155136885413505,0.631578947368421,0.718562874251497,2,0.8846994535519126,26,1.5,39.01402773995336
109.79999999999804,0.730514879546528,32.155136885413505,0.631578947368421,0.718562874251497,0,0.8847133757961784,26,1.5,38.96329251636704
109.89999999999803,0.730514879546528,32.155136885413505,0.631578947368421,0.71898355754858,1,0.8848181818181818,26,1.5,38.91041598153211
109.99999999999802,0.730514879546528,32.155136885413505,0.631578947368421,0.71898355754858,0,0.884786557674841,26,1.5,38.8555620233787
110.09999999999802,0.730751062824752,32.155136885413505,0.631578947368421,0.7206537890044576,9,0.8848457350272232,25,1.5,38.797503417712925
110.19999999999801,0.7309872461029759,32.155136885413505,0.631578947368421,0.7206537890044576,0,0.884768812330009,25,1.5,38.73713203603694
110.29999999999801,0.7309872461029759,32.155136885413505,0.631578947368421,0.7206537890044576,1,0.8848731884057971,25,1.5,38.67500435308354
110.399999999998,0.7309872461029759,32.155136885413505,0.631578947368421,0.7206537890044576,1,0.884841628959276,25,1.5,38.611175114670054
110.499999999998,0.7309872461029759,32.155136885413505,0.631578947368421,0.7206537890044576,0,0.8848553345388789,25,1.5,38.545659047320164
110.59999999999799,0.7309872461029759,32.155136885413505,0.631578947368421,0.7206537890044576,1,0.8847786811201446,25,1.5,38.478497494380946
110.69999999999798,0.7309872461029759,32.155136885413505,0.631578947368421,0.7195845697329377,1,0.8846119133574007,25,1.5,38.40981616891331
110.79999999999798,0.7309872461029759,32.155136885413505,0.631578947368421,0.7195845697329377,0,0.8846257889990983,25,1.5,38.33979805659267
110.89999999999797,0.7309872461029759,29.01706612875773,0.6789473684210526,0.7195845697329377,1,0.8846846846846846,25,1.5,38.26864808529667
110.99999999999797,0.7309872461029759,29.01706612875773,0.6789473684210526,0.72,1,0.8846984698469847,25,1.5,38.19778289896807
111.09999999999796,0.7312234293811998,29.01706612875773,0.6789473684210526,0.72,1,0.8845773381294963,25,1.5,38.127478587325534
111.19999999999796,0.7312234293811998,29.01706612875773,0.6789473684210526,0.72,0,0.8846361185983828,25,1.5,38.05800714913144
111.29999999999795,0.7312234293811998,29.01706612875773,0.6789473684210526,0.72,0,0.8846947935368044,25,1.5,37.98909805483029
111.39999999999795,0.7312234293811998,29.01706612875773,0.6789473684210526,0.72,0,0.8847533632286996,25,1.5,37.9214759403867
111.49999999999794,0.7312234293811998,29.01706612875773,0.6789473684210526,0.72,0,0.8848566308243727,25,1.5,37.855175845503936
111.59999999999793,0.7312234293811998,29.01706612875773,0.6789473684210526,0.72,1,0.8849149507609668,25,1.5,37.790252446290644
111.69999999999793,0.7312234293811998,29.01706612875773,0.6789473684210526,0.72,2,0.8848837209302326,25,1.5,37.726763965980744
111.79999999999792,0.7312234293811998,29.01706612875773,0.6789473684210526,0.72,0,0.8848525469168901,25,1.5,37.66477035680248
111.89999999999792,0.7314596126594237,29.01706612875773,0.6789473684210526,0.7204142011834319,1,0.8848214285714285,25,1.5,37.60445716341953
111.99999999999791,0.7314596126594237,29.01706612875773,0.6789473684210526,0.7204142011834319,0,0.8848349687778769,25,1.5,37.54596612872435
112.0999999999979,0.7316957959376477,29.01706612875773,0.6789473684210526,0.7220588235294118,9,0.8848039215686274,25,1.5,37.488983846330406
112.1999999999979,0.7316957959376477,29.01706612875773,0.6789473684210526,0.7220588235294118,0,0.8847729296527159,25,1.5,37.43349953639835
112.2999999999979,0.7316957959376477,29.01706612875773,0.6789473684210526,0.7220588235294118,1,0.8848754448398577,25,1.5,37.37973625448789
112.39999999999789,0.7316957959376477,29.01706612875773,0.6789473684210526,0.7220588235294118,1,0.8848444444444444,25,1.5,37.32748061151997
112.49999999999788,0.7316957959376477,29.01706612875773,0.6789473684210526,0.7220588235294118,0,0.8849467140319716,25,1.5,37.27661415178119
112.59999999999788,0.7316957959376477,29.01706612875773,0.6789473684210526,0.7220588235294118,1,0.8849600709849157,25,1.5,37.23327611723718
112.69999999999787,0.7316957959376477,29.01706612875773,0.6789473684210526,0.7220588235294118,1,0.8848847517730496,25,1.5,37.19267324675252
112.79999999999787,0.7316957959376477,29.01706612875773,0.6789473684210526,0.7220588235294118,0,0.8848538529672276,25,1.5,37.15268405911436
112.89999999999786,0.7319319792158715,29.01706612875773,0.6789473684210526,0.7220588235294118,1,0.8848672566371681,25,1.5,37.113081969342936
112.99999999999785,0.7319319792158715,29.61249691150486,0.6842105263157895,0.7224669603524229,1,0.8849248452696729,25,1.5,37.07383768856861
113.09999999999785,0.7319319792158715,29.61249691150486,0.6842105263157895,0.7224669603524229,1,0.8849381625441696,25,1.5,37.03496118967305
113.19999999999784,0.7319319792158715,29.61249691150486,0.6842105263157895,0.7224669603524229,0,0.8848190644307149,25,1.5,36.996436346426485
113.29999999999784,0.7319319792158715,29.61249691150486,0.6842105263157895,0.7224669603524229,0,0.8848324514991182,25,1.5,36.95825088588565
113.39999999999783,0.7319319792158715,29.61249691150486,0.6842105263157895,0.7224669603524229,0,0.8849339207048458,25,1.5,36.92039626902208
113.49999999999783,0.7319319792158715,29.61249691150486,0.6842105263157895,0.7224669603524229,0,0.8848591549295775,25,1.5,36.882867659619414
113.59999999999782,0.7319319792158715,29.61249691150486,0.6842105263157895,0.7224669603524229,1,0.8848284960422164,25,1.5,36.84566394146532
113.69999999999781,0.7319319792158715,29.61249691150486,0.6842105263157895,0.7228739002932552,2,0.884841827768014,25,1.5,36.808977553134234
113.79999999999781,0.7319319792158715,29.61249691150486,0.6842105263157895,0.7228739002932552,0,0.884811237928007,25,1.5,36.772869761301784
113.8999999999978,0.7319319792158715,29.61249691150486,0.6842105263157895,0.7232796486090776,1,0.8846929824561404,25,1.5,36.737046361569305
113.9999999999978,0.7319319792158715,29.61249691150486,0.6842105263157895,0.7232796486090776,0,0.8847940403155127,25,1.5,36.70167017531467
114.09999999999779,0.7321681624940954,29.61249691150486,0.6842105263157895,0.7244897959183674,9,0.8847635726795097,23,1.5,36.66658795224841
114.19999999999779,0.7321681624940954,29.61249691150486,0.6842105263157895,0.7244897959183674,0,0.8848206474190726,23,1.5,36.631787962144976
114.29999999999778,0.7321681624940954,29.61249691150486,0.6842105263157895,0.7248908296943232,1,0.8847902097902098,23,1.5,36.59731124944347
114.39999999999777,0.7321681624940954,29.61249691150486,0.6842105263157895,0.7238372093023255,1,0.884759825327511,23,1.5,36.563289676522864
114.49999999999777,0.7321681624940954,29.61249691150486,0.6842105263157895,0.7238372093023255,0,0.8846422338568936,23,1.5,36.53022906065109
114.59999999999776,0.7321681624940954,29.61249691150486,0.6842105263157895,0.7242380261248186,1,0.8846992153443767,23,1.5,36.49839325890939
114.69999999999776,0.7321681624940954,29.61249691150486,0.6842105263157895,0.7242380261248186,1,0.884712543554007,23,1.5,36.4679501802303
114.79999999999775,0.7324043457723193,29.61249691150486,0.6842105263157895,0.7242380261248186,0,0.8848128807658834,23,1.5,36.43891364988632
114.89999999999775,0.7324043457723193,29.61249691150486,0.6842105263157895,0.7246376811594203,1,0.8847826086956522,23,1.5,36.41045553978932
114.99999999999774,0.7324043457723193,29.61249691150486,0.6842105263157895,0.7246376811594203,1,0.8847958297132927,23,1.5,36.38265992122398
115.09999999999773,0.7326405290505432,29.687008880197066,0.6736842105263158,0.7246376811594203,1,0.884765625,23,1.5,36.35561264275933
115.19999999999773,0.7328767123287672,29.687008880197066,0.6736842105263158,0.7246376811594203,0,0.8848655680832611,23,1.5,36.329400652811806
115.29999999999772,0.7328767123287672,29.687008880197066,0.6736842105263158,0.7246376811594203,0,0.8849220103986135,23,1.5,36.30411126000495
115.39999999999772,0.7328767123287672,29.687008880197066,0.6736842105263158,0.7246376811594203,0,0.8847619047619047,23,1.5,36.27983134308311
115.49999999999771,0.7328767123287672,29.687008880197066,0.6736842105263158,0.7246376811594203,0,0.8847318339100346,23,1.5,36.256646524539455
115.5999999999977,0.7333490788852149,29.687008880197066,0.6736842105263158,0.7246376811594203,1,0.8847018150388937,23,1.5,36.234640324120356
115.6999999999977,0.7333490788852149,29.687008880197066,0.6736842105263158,0.7250361794500724,2,0.8847582037996545,23,1.5,36.21446901990585
115.7999999999977,0.7333490788852149,29.687008880197066,0.6736842105263158,0.7250361794500724,0,0.8848144952545298,23,1.5,36.19810480402449
115.89999999999769,0.7333490788852149,29.687008880197066,0.6736842105263158,0.7254335260115607,1,0.8847844827586206,23,1.5,36.18504049024563
115.99999999999768,0.7333490788852149,29.687008880197066,0.6736842105263158,0.7254335260115607,0,0.8848406546080965,23,1.5,36.17335675159819
116.09999999999768,0.7333490788852149,29.687008880197066,0.6736842105263158,0.727403156384505,9,0.8848106712564544,23,1.5,36.16228525223622
116.19999999999767,0.7335852621634388,29.687008880197066,0.6736842105263158,0.727403156384505,0,0.8848667239896818,23,1.5,36.15200175763315
116.29999999999767,0.7338214454416627,29.687008880197066,0.6736842105263158,0.7277936962750716,1,0.8848367697594501,24,1.5,36.14319309329246
116.39999999999766,0.7338214454416627,29.687008880197066,0.6736842105263158,0.7281831187410587,1,0.884892703862661,24,1.5,36.13577132576214
116.49999999999766,0.7340576287198867,29.687008880197066,0.6736842105263158,0.7281831187410587,0,0.8849056603773585,25,1.5,36.12917894179885
116.59999999999765,0.7340576287198867,29.687008880197066,0.6736842105263158,0.7281831187410587,1,0.8848757497857755,25,1.5,36.123257936341425
116.69999999999764,0.7340576287198867,29.687008880197066,0.6736842105263158,0.7285714285714285,1,0.8848030821917808,25,1.5,36.11796867429963
116.79999999999764,0.7340576287198867,29.687008880197066,0.6736842105263158,0.7285714285714285,0,0.8847733105218135,25,1.5,36.11304075366686
116.89999999999763,0.7342938119981105,29.687008880197066,0.6736842105263158,0.7289586305278174,1,0.8847863247863248,24,1.5,36.108279234479355
116.99999999999763,0.7347661785545584,29.687008880197066,0.6736842105263158,0.7293447293447294,1,0.8847566182749786,24,1.5,36.10330566447878
117.09999999999762,0.7347661785545584,29.687008880197066,0.6736842105263158,0.7293447293447294,1,0.8847269624573378,24,1.5,36.09775437609904
117.19999999999762,0.7350023618327822,29.92856157363341,0.6631578947368421,0.7293447293447294,0,0.8846973572037511,24,1.5,36.091327840866676
117.29999999999761,0.7350023618327822,29.92856157363341,0.6631578947368421,0.7293447293447294,0,0.884710391822828,24,1.5,36.083742887885066
117.3999999999976,0.7350023618327822,29.92856157363341,0.6631578947368421,0.7293447293447294,0,0.8848085106382979,24,1.5,36.074744242407675
117.4999999999976,0.73547472838923,29.92856157363341,0.6631578947368421,0.7293447293447294,0,0.8848639455782313,23,1.5,36.06487033309258
117.59999999999759,0.73547472838923,29.92856157363341,0.6631578947368421,0.7293447293447294,1,0.8848768054375531,23,1.5,36.0556373116205
117.69999999999759,0.735710911667454,29.92856157363341,0.6631578947368421,0.7293447293447294,2,0.8847623089983022,24,1.5,36.04502021478473
117.79999999999758,0.735710911667454,29.92856157363341,0.6631578947368421,0.7293447293447294,0,0.8846904156064461,24,1.5,36.03266514240351
117.89999999999758,0.735710911667454,29.92856157363341,0.6631578947368421,0.7293447293447294,1,0.8847033898305084,24,1.5,36.01886931646578
117.99999999999757,0.735710911667454,29.92856157363341,0.6631578947368421,0.7293447293447294,0,0.8847586790855207,24,1.5,36.00365355851608
118.09999999999756,0.7361832782239017,29.92856157363341,0.6631578947368421,0.7301136363636364,9,0.8847715736040609,23,1.5,35.987605625519855
118.19999999999756,0.7364194615021257,29.92856157363341,0.6631578947368421,0.7301136363636364,0,0.8847421808960271,23,1.5,35.97080569771652
118.29999999999755,0.7364194615021257,29.92856157363341,0.6631578947368421,0.7304964539007093,1,0.8846706081081082,23,1.5,35.953634672932886
118.39999999999755,0.7364194615021257,29.92856157363341,0.6631578947368421,0.7308781869688386,1,0.8846835443037975,23,1.5,35.936027263850214
118.49999999999754,0.7364194615021257,29.92856157363341,0.6631578947368421,0.7308781869688386,0,0.8847807757166948,23,1.5,35.917939855091056
118.59999999999754,0.7364194615021257,29.92856157363341,0.6631578947368421,0.7312588401697313,1,0.884709351305813,23,1.5,35.89828889284461
118.69999999999753,0.7364194615021257,29.92856157363341,0.6631578947368421,0.730225988700565,1,0.8846801346801347,23,1.5,35.8778316274022
118.79999999999752,0.7364194615021257,29.92856157363341,0.6631578947368421,0.730225988700565,0,0.8846930193439866,23,1.5,35.85656800878256
118.89999999999752,0.7364194615021257,29.92856157363341,0.6631578947368421,0.7306064880112835,1,0.8847058823529412,23,1.5,35.83441145047275
118.99999999999751,0.7364194615021257,29.92856157363341,0.6631578947368421,0.7309859154929578,1,0.8847607052896725,23,1.5,35.81171689737392
119.09999999999751,0.7364194615021257,29.92856157363341,0.6631578947368421,0.7313642756680732,1,0.8847315436241611,23,1.5,35.78837365749782
119.1999999999975,0.7364194615021257,29.92856157363341,0.6631578947368421,0.7313642756680732,0,0.8847024308466052,23,1.5,35.76462822415601
119.2999999999975,0.7364194615021257,31.309002735994202,0.6421052631578947,0.7313642756680732,0,0.8847571189279732,23,1.5,35.73612075167199
119.39999999999749,0.7364194615021257,31.309002735994202,0.6421052631578947,0.7313642756680732,0,0.8847698744769874,23,1.5,35.70639938177489
119.49999999999748,0.7364194615021257,31.309002735994202,0.6421052631578947,0.7313642756680732,0,0.8847408026755853,23,1.5,35.67585067180205
119.59999999999748,0.7364194615021257,31.309002735994202,0.6421052631578947,0.7313642756680732,1,0.8847953216374269,23,1.5,35.64543027079231
119.69999999999747,0.7364194615021257,31.309002735994202,0.6421052631578947,0.7317415730337079,2,0.8847245409015025,23,1.5,35.61580742069704
119.79999999999747,0.7364194615021257,31.309002735994202,0.6421052631578947,0.7317415730337079,0,0.8846955796497081,23,1.5,35.58712978778273
119.89999999999746,0.7364194615021257,31.309002735994202,0.6421052631578947,0.7321178120617111,1,0.8847083333333333,23,1.5,35.55932944617816
119.99999999999746,0.7364194615021257,31.309002735994202,0.6421052631578947,0.7321178120617111,0,0.8846794338051623,23,1.5,35.53266954023568
120.09999999999745,0.7364194615021257,31.309002735994202,0.6421052631578947,0.7315716272600834,9,0.8847337770382695,23,1.5,35.50345922642284
