time_s,explored_fraction,mean_target_separation,mission_overlap_fraction,frontier_reuse_frequency,target_reassignment_count,revisit_ratio,active_frontier_count,mean_speed,mean_pairwise_distance
0.1,0.06518658478979689,28.551401437735326,0.7111111111111111,0.0,10,0.5,23,1.5,28.004248581166788
0.2,0.06660368445914029,28.551401437735326,0.7111111111111111,0.0,0,0.6666666666666666,25,1.5,28.001824493442403
0.30000000000000004,0.0675484175720359,28.551401437735326,0.7111111111111111,0.0,0,0.725,24,1.5,27.997772229092714
0.4,0.0687293339631554,28.551401437735326,0.7111111111111111,0.0,0,0.76,24,1.5,27.992038737960286
0.5,0.07085498346717052,28.551401437735326,0.7111111111111111,0.0,0,0.7833333333333333,20,1.5,27.984608544371394
0.6,0.07250826641473784,28.551401437735326,0.7111111111111111,0.0,0,0.8,25,1.5,27.97550124861233
0.7,0.07345299952763344,28.551401437735326,0.7111111111111111,0.0,0,0.825,25,1.5,27.964768133044455
0.7999999999999999,0.07487009919697686,28.551401437735326,0.7111111111111111,0.0,0,0.8333333333333334,23,1.5,27.951206605815038
0.8999999999999999,0.07628719886632027,28.551401437735326,0.7111111111111111,0.0,0,0.82,23,1.5,27.934245309372933
0.9999999999999999,0.07675956542276807,28.551401437735326,0.7111111111111111,0.0,0,0.8090909090909091,23,1.5,27.913956441533642
1.0999999999999999,0.07770429853566367,28.551401437735326,0.7111111111111111,0.0,0,0.825,24,1.5,27.891122380926692
1.2,0.07982994803967879,28.551401437735326,0.7111111111111111,0.0,0,0.8307692307692308,25,1.5,27.866671421369063
1.3,0.0805384978743505,28.551401437735326,0.7111111111111111,0.0,0,0.8142857142857143,24,1.5,27.841582073866146
1.4000000000000001,0.0812470477090222,28.551401437735326,0.7111111111111111,0.0,0,0.8066666666666666,24,1.5,27.81571478303699
1.5000000000000002,0.0821917808219178,28.551401437735326,0.7111111111111111,0.0,0,0.81875,23,1.5,27.788929723462807
1.6000000000000003,0.08408124704770903,28.551401437735326,0.7111111111111111,0.0,0,0.8294117647058824,22,1.5,27.7610870144232
1.7000000000000004,0.08478979688238072,28.551401437735326,0.7111111111111111,0.0,0,0.8277777777777777,23,1.5,27.732047360841893
1.8000000000000005,0.08573452999527634,28.551401437735326,0.7111111111111111,0.0,0,0.8368421052631579,24,1.5,27.701673095225132
1.9000000000000006,0.08691544638639584,28.551401437735326,0.7111111111111111,0.0,0,0.84,23,1.5,27.669829573266913
2.0000000000000004,0.08786017949929145,28.551401437735326,0.7111111111111111,0.0,0,0.8428571428571429,23,1.5,27.636387222274443
2.1000000000000005,0.08927727916863486,26.922692974176318,0.7555555555555555,0.0,10,0.8409090909090909,22,1.5,27.605056478325192
2.2000000000000006,0.09093056211620218,26.922692974176318,0.7555555555555555,0.0,0,0.8478260869565217,19,1.5,27.576374000973377
2.3000000000000007,0.09258384506376949,26.922692974176318,0.7555555555555555,0.0,0,0.8458333333333333,21,1.5,27.550641185521616
2.400000000000001,0.0932923948984412,26.922692974176318,0.7555555555555555,0.0,0,0.848,22,1.5,27.528128037874637
2.500000000000001,0.0947094945677846,26.922692974176318,0.7555555555555555,0.0,0,0.8538461538461538,23,1.5,27.509073472416517
2.600000000000001,0.09541804440245631,26.922692974176318,0.7555555555555555,0.0,0,0.8592592592592593,23,1.5,27.49368633150816
2.700000000000001,0.09612659423712801,26.922692974176318,0.7555555555555555,0.0,0,0.8571428571428571,24,1.5,27.48214705394418
2.800000000000001,0.09659896079357581,26.922692974176318,0.7555555555555555,0.0,0,0.8551724137931035,23,1.5,27.47460986230596
2.9000000000000012,0.09754369390647143,26.922692974176318,0.7555555555555555,0.0,0,0.86,24,1.5,27.471205286473225
3.0000000000000013,0.09896079357581483,26.922692974176318,0.7555555555555555,0.0,0,0.8580645161290322,24,1.5,27.472042802380443
3.1000000000000014,0.09966934341048654,26.922692974176318,0.7555555555555555,0.0,0,0.859375,23,1.5,27.47721334800107
3.2000000000000015,0.10014170996693435,26.922692974176318,0.7555555555555555,0.0,0,0.8636363636363636,22,1.5,27.489553124313606
3.3000000000000016,0.10179499291450166,26.922692974176318,0.7555555555555555,0.0,0,0.8676470588235294,22,1.5,27.508995815811705
3.4000000000000017,0.10297590930562116,26.922692974176318,0.7555555555555555,0.0,1,0.8685714285714285,25,1.5,27.532847691958764
3.5000000000000018,0.10392064241851677,26.922692974176318,0.7555555555555555,0.0,0,0.8694444444444445,27,1.5,27.56083720969912
3.600000000000002,0.10462919225318848,26.922692974176318,0.7555555555555555,0.0,0,0.8675675675675676,27,1.5,27.591923057624808
3.700000000000002,0.10510155880963627,26.922692974176318,0.7555555555555555,0.0,0,0.868421052631579,27,1.5,27.624720011179438
3.800000000000002,0.10557392536608408,26.922692974176318,0.7555555555555555,0.0,0,0.8692307692307693,27,1.5,27.65858178177304
3.900000000000002,0.10604629192253189,26.922692974176318,0.7555555555555555,0.0,0,0.8675,27,1.5,27.693448498908733
4.000000000000002,0.1069910250354275,26.922692974176318,0.7555555555555555,0.0,1,0.8682926829268293,24,1.5,27.727571136639835
4.100000000000001,0.1079357581483231,23.893741473219144,0.9111111111111111,0.125,8,0.8690476190476191,23,1.5,27.757981034539085
4.200000000000001,0.10888049126121871,23.893741473219144,0.9111111111111111,0.125,0,0.8674418604651163,23,1.5,27.784685736109655
4.300000000000001,0.11006140765233821,23.893741473219144,0.9111111111111111,0.125,0,0.8704545454545455,21,1.5,27.807898517747812
4.4,0.11124232404345773,23.893741473219144,0.9111111111111111,0.125,0,0.8688888888888889,20,1.5,27.82790767679321
4.5,0.11289560699102504,23.893741473219144,0.9111111111111111,0.125,0,0.8695652173913043,22,1.5,27.845066296413364
4.6,0.11360415682569674,23.893741473219144,0.9111111111111111,0.125,0,0.8702127659574468,22,1.5,27.859776349904436
4.699999999999999,0.11431270666036844,23.893741473219144,0.9111111111111111,0.125,0,0.8708333333333333,22,1.5,27.8724679272937
4.799999999999999,0.11478507321681625,23.893741473219144,0.9111111111111111,0.125,0,0.8693877551020408,21,1.5,27.883869964381383
4.899999999999999,0.11525743977326405,23.893741473219144,0.9111111111111111,0.125,0,0.868,23,1.5,27.89576726171346
4.999999999999998,0.11549362305148796,23.893741473219144,0.9111111111111111,0.125,0,0.8666666666666667,23,1.5,27.907891626556662
5.099999999999998,0.11643835616438356,23.893741473219144,0.9111111111111111,0.125,0,0.8692307692307693,21,1.5,27.919541697680316
5.1999999999999975,0.11667453944260746,23.893741473219144,0.9111111111111111,0.11764705882352941,1,0.8716981132075472,22,1.5,27.93114570497899
5.299999999999997,0.11809163911195088,23.893741473219144,0.9111111111111111,0.11764705882352941,0,0.8740740740740741,22,1.5,27.94122581527427
5.399999999999997,0.11832782239017478,23.893741473219144,0.9111111111111111,0.16666666666666666,1,0.8727272727272727,22,1.5,27.94995360397232
5.4999999999999964,0.11880018894662257,23.893741473219144,0.9111111111111111,0.16666666666666666,0,0.8696428571428572,21,1.5,27.957495064164508
5.599999999999996,0.11974492205951819,23.893741473219144,0.9111111111111111,0.16666666666666666,0,0.8701754385964913,21,1.5,27.964018884742448
5.699999999999996,0.1206896551724138,23.893741473219144,0.9111111111111111,0.16666666666666666,0,0.8706896551724138,22,1.5,27.969704738831965
5.799999999999995,0.12116202172886159,23.893741473219144,0.9111111111111111,0.16666666666666666,0,0.8711864406779661,23,1.5,27.97474981589318
5.899999999999995,0.1216343882853094,23.893741473219144,0.9111111111111111,0.16666666666666666,0,0.8733333333333333,22,1.5,27.97937284712663
5.999999999999995,0.1218705715635333,23.893741473219144,0.9111111111111111,0.21052631578947367,1,0.8672131147540983,21,1.5,27.983342595128352
6.099999999999994,0.12257912139820501,23.893741473219144,0.9111111111111111,0.24,7,0.867741935483871,23,1.5,27.987048750842664
6.199999999999994,0.1232876712328767,23.200690793740943,0.9111111111111111,0.24,0,0.8698412698412699,22,1.5,27.989676851655485
6.299999999999994,0.12423240434577232,23.200690793740943,0.9111111111111111,0.24,0,0.8703125,25,1.5,27.991769545322274
6.399999999999993,0.12470477090222012,23.200690793740943,0.9111111111111111,0.24,0,0.8723076923076923,24,1.5,27.99343736691589
6.499999999999993,0.12494095418044403,23.200690793740943,0.9111111111111111,0.24,0,0.8712121212121212,24,1.5,27.99480281931223
6.5999999999999925,0.12612187057156354,23.200690793740943,0.9111111111111111,0.24,0,0.8701492537313433,26,1.5,27.99599858988861
6.699999999999992,0.12706660368445913,23.200690793740943,0.9111111111111111,0.24,0,0.8705882352941177,23,1.5,27.997165739248707
6.799999999999992,0.12801133679735474,23.200690793740943,0.9111111111111111,0.23076923076923078,1,0.8695652173913043,24,1.5,27.997062307171323
6.8999999999999915,0.12824752007557866,23.200690793740943,0.9111111111111111,0.23076923076923078,0,0.87,24,1.5,27.99736945438893
6.999999999999991,0.12895606991025035,23.200690793740943,0.9111111111111111,0.23076923076923078,0,0.8690140845070422,26,1.5,27.998286525060117
7.099999999999991,0.12919225318847424,23.200690793740943,0.9111111111111111,0.23076923076923078,0,0.8694444444444445,25,1.5,27.999826725045335
7.19999999999999,0.12990080302314597,23.200690793740943,0.9111111111111111,0.23076923076923078,0,0.8671232876712329,25,1.5,28.00175426467252
7.29999999999999,0.13013698630136986,23.200690793740943,0.9111111111111111,0.23076923076923078,0,0.8689189189189189,25,1.5,28.00383587235566
7.39999999999999,0.13108171941426547,23.200690793740943,0.9111111111111111,0.23076923076923078,1,0.8706666666666667,25,1.5,28.005842704854977
7.499999999999989,0.13202645252716108,23.200690793740943,0.9111111111111111,0.23076923076923078,0,0.8710526315789474,25,1.5,28.0075523379208
7.599999999999989,0.1329711856400567,23.200690793740943,0.9111111111111111,0.23076923076923078,0,0.8714285714285714,23,1.5,28.01292079201841
7.699999999999989,0.13438828530940009,23.200690793740943,0.9111111111111111,0.23076923076923078,0,0.8705128205128205,21,1.5,28.021114069700246
7.799999999999988,0.13556920170051961,23.200690793740943,0.9111111111111111,0.23076923076923078,0,0.8696202531645569,21,1.5,28.027988366106502
7.899999999999988,0.1362777515351913,23.200690793740943,0.9111111111111111,0.23076923076923078,0,0.87125,21,1.5,28.033360440680838
7.999999999999988,0.1365139348134152,23.200690793740943,0.9111111111111111,0.2222222222222222,1,0.8728395061728395,21,1.5,28.037104882385783
8.099999999999987,0.13722248464808692,23.200690793740943,0.9111111111111111,0.21212121212121213,7,0.8731707317073171,22,1.5,28.044695935617412
8.199999999999987,0.13769485120453473,23.200690793740943,0.9111111111111111,0.21212121212121213,0,0.8734939759036144,21,1.5,28.0556379489276
8.299999999999986,0.13911195087387812,25.27048346199206,0.8444444444444444,0.21212121212121213,0,0.8714285714285714,22,1.5,28.069245967550355
8.399999999999986,0.14029286726499765,25.27048346199206,0.8444444444444444,0.21212121212121213,0,0.8729411764705882,24,1.5,28.08529719599674
8.499999999999986,0.14029286726499765,25.27048346199206,0.8444444444444444,0.21212121212121213,0,0.8732558139534884,24,1.5,28.103030988165184
8.599999999999985,0.14052905054322154,25.27048346199206,0.8444444444444444,0.21212121212121213,0,0.8735632183908046,23,1.5,28.12257862443042
8.699999999999985,0.14123760037789324,25.27048346199206,0.8444444444444444,0.21212121212121213,0,0.8738636363636364,21,1.5,28.144053667154886
8.799999999999985,0.14265470004723665,25.27048346199206,0.8444444444444444,0.20588235294117646,1,0.8730337078651685,21,1.5,28.170355689312924
8.899999999999984,0.14383561643835616,25.27048346199206,0.8444444444444444,0.20588235294117646,0,0.8744444444444445,20,1.5,28.201543711332967
8.999999999999984,0.14407179971658007,25.27048346199206,0.8444444444444444,0.20588235294117646,0,0.8736263736263736,20,1.5,28.23762037024263
9.099999999999984,0.14430798299480396,25.27048346199206,0.8444444444444444,0.20588235294117646,0,0.875,20,1.5,28.278530902937618
9.199999999999983,0.14548889938592346,25.27048346199206,0.8444444444444444,0.20588235294117646,0,0.875268817204301,23,1.5,28.325412729982002
9.299999999999983,0.146669815777043,25.27048346199206,0.8444444444444444,0.20588235294117646,0,0.875531914893617,24,1.5,28.378429406782693
9.399999999999983,0.14761454888993858,25.27048346199206,0.8444444444444444,0.2,1,0.8747368421052631,23,1.5,28.435808897666032
9.499999999999982,0.1483230987246103,25.27048346199206,0.8444444444444444,0.2,0,0.8739583333333333,25,1.5,28.497602511918615
9.599999999999982,0.1485592820028342,25.27048346199206,0.8444444444444444,0.2,0,0.8742268041237113,24,1.5,28.56387465007782
9.699999999999982,0.149031648559282,25.27048346199206,0.8444444444444444,0.2,0,0.8755102040816326,25,1.5,28.63470196470438
9.799999999999981,0.14974019839395372,25.27048346199206,0.8444444444444444,0.2,0,0.8737373737373737,24,1.5,28.710174806454955
9.89999999999998,0.1511572980632971,25.27048346199206,0.8444444444444444,0.2,0,0.873,23,1.5,28.79069625201816
9.99999999999998,0.15233821445441662,25.27048346199206,0.8444444444444444,0.19444444444444445,1,0.8742574257425743,21,1.5,28.87450408004199
10.09999999999998,0.15328294756731223,25.27048346199206,0.8444444444444444,0.21428571428571427,7,0.8754901960784314,22,1.5,28.964914328690774
10.19999999999998,0.15470004723665565,25.27048346199206,0.8444444444444444,0.21428571428571427,0,0.8766990291262136,24,1.5,29.06127200189584
10.29999999999998,0.15517241379310345,25.27048346199206,0.8444444444444444,0.21428571428571427,0,0.8769230769230769,24,1.5,29.16284028337225
10.399999999999979,0.15635333018422296,29.689189024619008,0.6444444444444445,0.21428571428571427,0,0.8761904761904762,23,1.5,29.2688543947481
10.499999999999979,0.15706188001889465,29.689189024619008,0.6444444444444445,0.21428571428571427,0,0.8754716981132076,23,1.5,29.378440036766616
10.599999999999978,0.15777042985356637,29.689189024619008,0.6444444444444445,0.21428571428571427,0,0.8757009345794392,23,1.5,29.49028125075288
10.699999999999978,0.15918752952290977,29.689189024619008,0.6444444444444445,0.21428571428571427,0,0.8759259259259259,22,1.5,29.60426781948788
10.799999999999978,0.1598960793575815,29.689189024619008,0.6444444444444445,0.20930232558139536,1,0.8733944954128441,23,1.5,29.719824953733376
10.899999999999977,0.161076995748701,29.689189024619008,0.6444444444444445,0.20930232558139536,0,0.8718181818181818,23,1.5,29.83514143113697
10.999999999999977,0.1620217288615966,29.689189024619008,0.6444444444444445,0.20930232558139536,0,0.8729729729729729,24,1.5,29.94934115881462
11.099999999999977,0.1624940954180444,29.689189024619008,0.6444444444444445,0.20930232558139536,0,0.8741071428571429,24,1.5,30.062038134998474
11.199999999999976,0.1627302786962683,29.689189024619008,0.6444444444444445,0.20930232558139536,0,0.8743362831858407,24,1.5,30.1735696332435
11.299999999999976,0.16414737836561172,29.689189024619008,0.6444444444444445,0.20930232558139536,0,0.874561403508772,23,1.5,30.283591224587077
11.399999999999975,0.1648559282002834,29.689189024619008,0.6444444444444445,0.22727272727272727,1,0.8747826086956522,21,1.5,30.390988991345978
11.499999999999975,0.16698157770429853,29.689189024619008,0.6444444444444445,0.22727272727272727,0,0.875,20,1.5,30.49562665006677
11.599999999999975,0.16769012753897025,29.689189024619008,0.6444444444444445,0.22727272727272727,0,0.8752136752136752,21,1.5,30.59739254069846
11.699999999999974,0.16839867737364195,29.689189024619008,0.6444444444444445,0.22727272727272727,0,0.8745762711864407,23,1.5,30.69620003290235
11.799999999999974,0.16863486065186584,29.689189024619008,0.6444444444444445,0.22727272727272727,0,0.8739495798319328,24,1.5,30.791987749231613
11.899999999999974,0.16934341048653756,29.689189024619008,0.6444444444444445,0.22727272727272727,0,0.8725,22,1.5,30.88471961783518
11.999999999999973,0.17005196032120926,29.689189024619008,0.6444444444444445,0.2391304347826087,2,0.8735537190082645,23,1.5,30.975241476603095
12.099999999999973,0.17028814359943317,29.689189024619008,0.6444444444444445,0.25,6,0.8745901639344262,24,1.5,31.063797923129187
12.199999999999973,0.17146905999055267,29.689189024619008,0.6444444444444445,0.25,0,0.875609756097561,23,1.5,31.150190153198526
12.299999999999972,0.17288615965989607,29.689189024619008,0.6444444444444445,0.25,0,0.875,19,1.5,31.23392197192051
12.399999999999972,0.17383089277279168,29.689189024619008,0.6444444444444445,0.25,0,0.876,21,1.5,31.31451991024587
12.499999999999972,0.1757203589985829,25.716301001808535,0.8,0.25,0,0.8761904761904762,20,1.5,31.391537158175378
12.599999999999971,0.1764289088332546,25.716301001808535,0.8,0.25,0,0.8771653543307086,20,1.5,31.464557294058658
12.69999999999997,0.1773736419461502,25.716301001808535,0.8,0.25,0,0.875,20,1.5,31.533197767316
12.79999999999997,0.17855455833726971,25.716301001808535,0.8,0.2641509433962264,1,0.8744186046511628,21,1.5,31.597336324109623
12.89999999999997,0.17997165800661313,25.716301001808535,0.8,0.2641509433962264,0,0.8738461538461538,23,1.5,31.6577535151093
12.99999999999997,0.18044402456306094,25.716301001808535,0.8,0.2641509433962264,0,0.8740458015267175,23,1.5,31.715073450784576
13.09999999999997,0.18115257439773264,25.716301001808535,0.8,0.2641509433962264,0,0.8742424242424243,24,1.5,31.76829402397686
13.199999999999969,0.18209730751062825,25.716301001808535,0.8,0.2641509433962264,0,0.8751879699248121,24,1.5,31.81726655821061
13.299999999999969,0.18280585734529994,25.716301001808535,0.8,0.2641509433962264,0,0.8753731343283582,22,1.5,31.861883399010512
13.399999999999968,0.18327822390174775,25.716301001808535,0.8,0.2777777777777778,1,0.8748148148148148,23,1.5,31.90207886014898
13.499999999999968,0.18469532357109117,25.716301001808535,0.8,0.2777777777777778,0,0.875,23,1.5,31.93782980277936
13.599999999999968,0.18493150684931506,25.716301001808535,0.8,0.2777777777777778,0,0.8759124087591241,23,1.5,31.969155829163753
13.699999999999967,0.1861124232404346,25.716301001808535,0.8,0.2777777777777778,0,0.8753623188405797,24,1.5,31.996119073988233
13.799999999999967,0.18705715635333017,25.716301001808535,0.8,0.2777777777777778,0,0.8755395683453238,24,1.5,32.01798513996543
13.899999999999967,0.18800188946622579,25.716301001808535,0.8,0.2777777777777778,0,0.8742857142857143,24,1.5,32.03387013773171
13.999999999999966,0.1882380727444497,25.716301001808535,0.8,0.26785714285714285,2,0.875177304964539,23,1.5,32.04591917674949
14.099999999999966,0.1887104393008975,25.716301001808535,0.8,0.2786885245901639,6,0.8760563380281691,23,1.5,32.05477329353946
14.199999999999966,0.1891828058573453,25.716301001808535,0.8,0.2786885245901639,0,0.8762237762237762,23,1.5,32.06140013395586
14.299999999999965,0.189891355692017,25.716301001808535,0.8,0.2786885245901639,0,0.8756944444444444,24,1.5,32.066016986001955
14.399999999999965,0.1901275389702409,25.716301001808535,0.8,0.2786885245901639,0,0.8751724137931034,23,1.5,32.06886407597205
14.499999999999964,0.19154463863958432,25.716301001808535,0.8,0.2786885245901639,0,0.876027397260274,24,1.5,32.070202930763806
14.599999999999964,0.19225318847425601,23.637248640516034,0.8444444444444444,0.2786885245901639,0,0.8761904761904762,23,1.5,32.07031434181909
14.699999999999964,0.19367028814359943,23.637248640516034,0.8444444444444444,0.2786885245901639,0,0.8756756756756757,26,1.5,32.070154338297726
14.799999999999963,0.19390647142182332,23.637248640516034,0.8444444444444444,0.27419354838709675,1,0.876510067114094,25,1.5,32.07223741315869
14.899999999999963,0.19485120453471894,23.637248640516034,0.8444444444444444,0.27419354838709675,0,0.876,26,1.5,32.07668965638473
14.999999999999963,0.19650448748228624,23.637248640516034,0.8444444444444444,0.27419354838709675,0,0.876158940397351,23,1.5,32.083620783686264
15.099999999999962,0.19697685403873405,23.637248640516034,0.8444444444444444,0.27419354838709675,0,0.8756578947368421,24,1.5,32.09312208231303
15.199999999999962,0.19792158715162966,23.637248640516034,0.8444444444444444,0.27419354838709675,0,0.8764705882352941,25,1.5,32.10526446402058
15.299999999999962,0.19863013698630136,23.637248640516034,0.8444444444444444,0.27419354838709675,0,0.8766233766233766,23,1.5,32.120096714096974
15.399999999999961,0.19933868682097308,23.637248640516034,0.8444444444444444,0.2698412698412698,1,0.8767741935483871,21,1.5,32.13955237871018
15.499999999999961,0.20075578649031647,23.637248640516034,0.8444444444444444,0.2698412698412698,0,0.8762820512820513,21,1.5,32.163574276677686
15.59999999999996,0.2014643363249882,23.637248640516034,0.8444444444444444,0.2698412698412698,0,0.8770700636942675,22,1.5,32.192063261642815
15.69999999999996,0.2024090694378838,23.637248640516034,0.8444444444444444,0.2698412698412698,0,0.8759493670886076,21,1.5,32.224878333080675
15.79999999999996,0.2033538025507794,23.637248640516034,0.8444444444444444,0.2698412698412698,0,0.8754716981132076,23,1.5,32.26183750463103
15.89999999999996,0.2038261691072272,23.637248640516034,0.8444444444444444,0.2698412698412698,0,0.875625,22,1.5,32.30271949108409
15.99999999999996,0.2047709022201228,23.637248640516034,0.8444444444444444,0.2923076923076923,2,0.8751552795031056,23,1.5,32.34521769908156
16.09999999999996,0.20595181861124232,23.637248640516034,0.8444444444444444,0.2857142857142857,6,0.8759259259259259,23,1.5,32.38928534948646
16.19999999999996,0.20642418516769012,23.637248640516034,0.8444444444444444,0.2857142857142857,0,0.8760736196319019,24,1.5,32.43455643049742
16.29999999999996,0.20713273500236185,23.637248640516034,0.8444444444444444,0.2857142857142857,0,0.876219512195122,24,1.5,32.480658456555574
16.399999999999963,0.20831365139348135,23.637248640516034,0.8444444444444444,0.2857142857142857,0,0.8757575757575757,22,1.5,32.52749498312155
16.499999999999964,0.20949456778460085,23.637248640516034,0.8444444444444444,0.2857142857142857,0,0.8759036144578313,21,1.5,32.57476033407613
16.599999999999966,0.20973075106282474,23.69038051744571,0.8666666666666667,0.2857142857142857,0,0.8760479041916168,21,1.5,32.62222361689658
16.699999999999967,0.21114785073216816,23.69038051744571,0.8666666666666667,0.2857142857142857,0,0.8767857142857143,22,1.5,32.6695188237715
16.79999999999997,0.21162021728861596,23.69038051744571,0.8666666666666667,0.2857142857142857,1,0.8757396449704142,22,1.5,32.716335316230726
16.89999999999997,0.21185640056683988,23.69038051744571,0.8666666666666667,0.2857142857142857,0,0.8758823529411764,22,1.5,32.76237949417412
16.99999999999997,0.21280113367973547,23.69038051744571,0.8666666666666667,0.2857142857142857,0,0.8760233918128655,21,1.5,32.80737034086723
17.099999999999973,0.21374586679263108,23.69038051744571,0.8666666666666667,0.2857142857142857,0,0.8767441860465116,23,1.5,32.85104170953045
17.199999999999974,0.21445441662730277,23.69038051744571,0.8666666666666667,0.2857142857142857,0,0.876878612716763,23,1.5,32.89314426206515
17.299999999999976,0.21445441662730277,23.69038051744571,0.8666666666666667,0.2857142857142857,0,0.8770114942528736,23,1.5,32.93344709903554
17.399999999999977,0.2151629664619745,23.69038051744571,0.8666666666666667,0.2857142857142857,1,0.8771428571428571,24,1.5,32.98924591695098
17.49999999999998,0.2168162494095418,23.69038051744571,0.8666666666666667,0.2857142857142857,0,0.8772727272727273,21,1.5,33.04735982547143
17.59999999999998,0.21776098252243742,23.69038051744571,0.8666666666666667,0.2857142857142857,0,0.8774011299435028,19,1.5,33.104843105688936
17.69999999999998,0.21870571563533303,23.69038051744571,0.8666666666666667,0.2857142857142857,0,0.8780898876404495,20,1.5,33.16159513547362
17.799999999999983,0.21941426547000473,23.69038051744571,0.8666666666666667,0.2857142857142857,0,0.8787709497206704,21,1.5,33.21752537893114
17.899999999999984,0.22012281530467642,23.69038051744571,0.8666666666666667,0.2857142857142857,0,0.8783333333333333,23,1.5,33.272551418728405
17.999999999999986,0.22130373169579592,23.69038051744571,0.8666666666666667,0.3055555555555556,2,0.8790055248618784,23,1.5,33.32672872587695
18.099999999999987,0.22201228153046765,23.69038051744571,0.8666666666666667,0.3076923076923077,6,0.8785714285714286,25,1.5,33.378812685799296
18.19999999999999,0.22201228153046765,23.69038051744571,0.8666666666666667,0.3076923076923077,0,0.8786885245901639,25,1.5,33.42862834991477
18.29999999999999,0.22248464808691545,23.69038051744571,0.8666666666666667,0.3076923076923077,0,0.8793478260869565,24,1.5,33.475997737676174
18.39999999999999,0.22342938119981107,23.69038051744571,0.8666666666666667,0.3076923076923077,0,0.8794594594594595,25,1.5,33.52266183577317
18.499999999999993,0.22437411431270665,23.69038051744571,0.8666666666666667,0.3076923076923077,0,0.8801075268817204,26,1.5,33.56822852856204
18.599999999999994,0.22437411431270665,25.830745600568193,0.8,0.3076923076923077,0,0.8796791443850267,26,1.5,33.61214684836197
18.699999999999996,0.22555503070382618,25.830745600568193,0.8,0.3076923076923077,0,0.8803191489361702,26,1.5,33.65418096835379
18.799999999999997,0.22649976381672177,25.830745600568193,0.8,0.31645569620253167,1,0.8809523809523809,26,1.5,33.69353229754068
18.9,0.22744449692961738,25.830745600568193,0.8,0.31645569620253167,0,0.8805263157894737,26,1.5,33.730983305029014
19.0,0.2276806802078413,25.830745600568193,0.8,0.31645569620253167,0,0.8806282722513089,25,1.5,33.76693150554416
19.1,0.228389230042513,25.830745600568193,0.8,0.31645569620253167,0,0.8807291666666667,25,1.5,33.801023077780414
19.200000000000003,0.2298063297118564,25.830745600568193,0.8,0.31645569620253167,0,0.8797927461139896,28,1.5,33.833623326131345
19.300000000000004,0.23027869626830422,25.830745600568193,0.8,0.31645569620253167,0,0.8798969072164948,28,1.5,33.8644644101416
19.400000000000006,0.2305148795465281,25.830745600568193,0.8,0.31645569620253167,1,0.8805128205128205,28,1.5,33.893287664738644
19.500000000000007,0.230751062824752,25.830745600568193,0.8,0.31645569620253167,0,0.8806122448979592,27,1.5,33.91984407342459
19.60000000000001,0.2312234293811998,25.830745600568193,0.8,0.31645569620253167,0,0.8807106598984772,27,1.5,33.94389468649586
19.70000000000001,0.23145961265942372,25.830745600568193,0.8,0.31645569620253167,0,0.8808080808080808,27,1.5,33.96521105795388
19.80000000000001,0.2328767123287671,25.830745600568193,0.8,0.31645569620253167,0,0.8814070351758794,24,1.5,33.983575794501455
19.900000000000013,0.23405762871988664,25.830745600568193,0.8,0.31645569620253167,0,0.8815,25,1.5,33.99878332935406
20.000000000000014,0.23452999527633445,25.830745600568193,0.8,0.3333333333333333,2,0.881592039800995,25,1.5,34.010314768535295
20.100000000000016,0.23547472838923003,25.830745600568193,0.8,0.34523809523809523,6,0.8821782178217822,26,1.5,34.02106344772439
20.200000000000017,0.23736419461502126,25.830745600568193,0.8,0.34523809523809523,0,0.8827586206896552,28,1.5,34.03062382172349
20.30000000000002,0.23783656117146906,25.830745600568193,0.8,0.34523809523809523,0,0.8818627450980392,27,1.5,34.03841535210723
20.40000000000002,0.23878129428436468,25.830745600568193,0.8,0.34523809523809523,0,0.8824390243902439,28,1.5,34.044561948744494
20.50000000000002,0.23948984411903637,25.830745600568193,0.8,0.34523809523809523,0,0.8825242718446602,28,1.5,34.0485424319352
20.600000000000023,0.23996221067548418,28.928711859804046,0.6888888888888889,0.34523809523809523,0,0.8826086956521739,28,1.5,34.050090448306946
20.700000000000024,0.24019839395370807,28.928711859804046,0.6888888888888889,0.34523809523809523,0,0.8826923076923077,29,1.5,34.04923913981409
20.800000000000026,0.2409069437883798,28.928711859804046,0.6888888888888889,0.35294117647058826,1,0.8827751196172249,29,1.5,34.04590066123252
20.900000000000027,0.2425602267359471,28.928711859804046,0.6888888888888889,0.35294117647058826,0,0.8819047619047619,28,1.5,34.04000197182554
21.00000000000003,0.2430325932923949,28.928711859804046,0.6888888888888889,0.35294117647058826,0,0.8815165876777251,29,1.5,34.02811523384442
21.10000000000003,0.2432687765706188,28.928711859804046,0.6888888888888889,0.35294117647058826,0,0.8816037735849057,28,1.5,34.00825237120187
21.20000000000003,0.2435049598488427,28.928711859804046,0.6888888888888889,0.35294117647058826,0,0.8816901408450705,28,1.5,33.98674946554272
21.300000000000033,0.2442135096835144,28.928711859804046,0.6888888888888889,0.35294117647058826,0,0.8817757009345795,27,1.5,33.96400147558548
21.400000000000034,0.2446858762399622,28.928711859804046,0.6888888888888889,0.3488372093023256,1,0.8823255813953489,26,1.5,33.93961589494959
21.500000000000036,0.24563060935285783,28.928711859804046,0.6888888888888889,0.3488372093023256,0,0.8814814814814815,24,1.5,33.91432125732651
21.600000000000037,0.2465753424657534,28.928711859804046,0.6888888888888889,0.3448275862068966,1,0.8820276497695853,24,1.5,33.88959442297078
21.70000000000004,0.24728389230042513,28.928711859804046,0.6888888888888889,0.3448275862068966,0,0.8821100917431193,25,1.5,33.86600029999956
21.80000000000004,0.24799244213509683,28.928711859804046,0.6888888888888889,0.3448275862068966,0,0.8821917808219178,25,1.5,33.844067197257445
21.90000000000004,0.24822862541332075,28.928711859804046,0.6888888888888889,0.3448275862068966,0,0.8822727272727273,24,1.5,33.82193531344578
22.000000000000043,0.24846480869154464,28.928711859804046,0.6888888888888889,0.3595505617977528,2,0.8823529411764706,24,1.5,33.799978840732635
22.100000000000044,0.24917335852621633,28.928711859804046,0.6888888888888889,0.3804347826086957,5,0.8815315315315315,24,1.5,33.77579140218449
22.200000000000045,0.24988190836088806,28.928711859804046,0.6888888888888889,0.3804347826086957,0,0.8811659192825112,24,1.5,33.749939131225474
22.300000000000047,0.24988190836088806,28.928711859804046,0.6888888888888889,0.3804347826086957,0,0.8816964285714286,24,1.5,33.72209386218911
22.40000000000005,0.25035427491733586,28.928711859804046,0.6888888888888889,0.3804347826086957,0,0.8817777777777778,26,1.5,33.69199964787735
22.50000000000005,0.25082664147378364,28.928711859804046,0.6888888888888889,0.3804347826086957,0,0.881858407079646,25,1.5,33.65952017569574
22.60000000000005,0.25153519130845536,30.741330761935078,0.6,0.3804347826086957,0,0.8823788546255507,24,1.5,33.6245421845029
22.700000000000053,0.25177137458667925,30.741330761935078,0.6,0.3804347826086957,0,0.8824561403508772,24,1.5,33.58697687315235
22.800000000000054,0.25200755786490314,30.741330761935078,0.6,0.3763440860215054,1,0.8829694323144105,24,1.5,33.546548618331535
22.900000000000055,0.252479924421351,30.741330761935078,0.6,0.3763440860215054,0,0.8830434782608696,24,1.5,33.50343435915566
23.000000000000057,0.25295229097779875,30.741330761935078,0.6,0.3763440860215054,0,0.8826839826839827,24,1.5,33.457837144285634
23.10000000000006,0.2534246575342466,30.741330761935078,0.6,0.3763440860215054,0,0.8823275862068966,26,1.5,33.41160013757859
23.20000000000006,0.2536608408124705,30.741330761935078,0.6,0.3763440860215054,0,0.8824034334763948,26,1.5,33.36526149691677
23.30000000000006,0.25413320736891826,30.741330761935078,0.6,0.3763440860215054,0,0.8824786324786325,25,1.5,33.319179761739505
23.400000000000063,0.25413320736891826,30.741330761935078,0.6,0.3829787234042553,1,0.8825531914893617,25,1.5,33.27210325695192
23.500000000000064,0.2553141237600378,30.741330761935078,0.6,0.3829787234042553,0,0.8826271186440678,25,1.5,33.22438451109132
23.600000000000065,0.2553141237600378,30.741330761935078,0.6,0.37894736842105264,1,0.8831223628691983,25,1.5,33.17808696693306
23.700000000000067,0.2560226735947095,30.741330761935078,0.6,0.37894736842105264,0,0.8836134453781512,26,1.5,33.133446331103954
23.800000000000068,0.2560226735947095,30.741330761935078,0.6,0.37894736842105264,0,0.8836820083682009,26,1.5,33.090684382499354
23.90000000000007,0.2567312234293812,30.741330761935078,0.6,0.37894736842105264,0,0.8833333333333333,25,1.5,33.050007412938385
24.00000000000007,0.2569674067076051,30.741330761935078,0.6,0.3917525773195876,2,0.8838174273858921,24,1.5,33.01104505733292
24.100000000000072,0.25743977326405293,30.741330761935078,0.6,0.3838383838383838,5,0.8842975206611571,24,1.5,32.974633971752276
24.200000000000074,0.25743977326405293,30.741330761935078,0.6,0.3838383838383838,0,0.8847736625514403,24,1.5,32.94110267486066
24.300000000000075,0.2581483230987246,30.741330761935078,0.6,0.3838383838383838,0,0.8848360655737705,24,1.5,32.91075887907466
24.400000000000077,0.25862068965517243,30.741330761935078,0.6,0.3838383838383838,0,0.8848979591836734,26,1.5,32.88360712070228
24.500000000000078,0.2590930562116202,30.741330761935078,0.6,0.3838383838383838,0,0.8841463414634146,24,1.5,32.85992531079228
24.60000000000008,0.2600377893245158,30.00520566948365,0.6444444444444445,0.3838383838383838,0,0.8842105263157894,23,1.5,32.839835556353826
24.70000000000008,0.2600377893245158,30.00520566948365,0.6444444444444445,0.3838383838383838,0,0.8846774193548387,23,1.5,32.823395576445144
24.800000000000082,0.2600377893245158,30.00520566948365,0.6444444444444445,0.39,1,0.885140562248996,23,1.5,32.80612704419841
24.900000000000084,0.2605101558809636,30.00520566948365,0.6444444444444445,0.39,0,0.8852,23,1.5,32.788076747482464
25.000000000000085,0.26074633915918755,30.00520566948365,0.6444444444444445,0.39,0,0.8852589641434263,22,1.5,32.75992448708223
25.100000000000087,0.26098252243741143,30.00520566948365,0.6444444444444445,0.39,0,0.8849206349206349,21,1.5,32.72688167736
25.200000000000088,0.2612187057156353,30.00520566948365,0.6444444444444445,0.39,0,0.8853754940711462,21,1.5,32.69751539531618
25.30000000000009,0.2614548889938592,30.00520566948365,0.6444444444444445,0.39,0,0.8858267716535433,21,1.5,32.67181358315753
25.40000000000009,0.26169107227208316,30.00520566948365,0.6444444444444445,0.38613861386138615,1,0.8858823529411765,22,1.5,32.645872596829186
25.500000000000092,0.26216343882853094,30.00520566948365,0.6444444444444445,0.38613861386138615,0,0.885546875,21,1.5,32.619510559429166
25.600000000000094,0.2623996221067548,30.00520566948365,0.6444444444444445,0.38613861386138615,1,0.8856031128404669,22,1.5,32.59227535797569
25.700000000000095,0.26310817194142655,30.00520566948365,0.6444444444444445,0.38613861386138615,0,0.8856589147286822,23,1.5,32.562921229800544
25.800000000000097,0.26358053849787433,30.00520566948365,0.6444444444444445,0.38613861386138615,0,0.8861003861003861,25,1.5,32.53185309384609
25.900000000000098,0.26405290505432216,30.00520566948365,0.6444444444444445,0.38613861386138615,0,0.8865384615384615,25,1.5,32.50082357935533
26.0000000000001,0.26405290505432216,30.00520566948365,0.6444444444444445,0.38235294117647056,2,0.8865900383141763,25,1.5,32.47023606951735
26.1000000000001,0.26428908833254605,30.00520566948365,0.6444444444444445,0.37735849056603776,5,0.8862595419847328,24,1.5,32.44202984398003
26.200000000000102,0.2649976381672178,30.00520566948365,0.6444444444444445,0.37735849056603776,0,0.8859315589353612,23,1.5,32.41648915051224
26.300000000000104,0.26570618800188944,30.00520566948365,0.6444444444444445,0.37735849056603776,0,0.8859848484848485,22,1.5,32.39367019454174
26.400000000000105,0.26570618800188944,30.00520566948365,0.6444444444444445,0.37735849056603776,0,0.8860377358490567,22,1.5,32.37361444666262
26.500000000000107,0.26570618800188944,30.00520566948365,0.6444444444444445,0.37383177570093457,1,0.8860902255639098,22,1.5,32.357790153373195
26.600000000000108,0.26641473783656117,27.896956199325587,0.7777777777777778,0.37383177570093457,0,0.8861423220973783,22,1.5,32.34529542882691
26.70000000000011,0.2671232876712329,27.896956199325587,0.7777777777777778,0.37383177570093457,0,0.8858208955223881,20,1.5,32.336290267673135
26.80000000000011,0.26783183750590456,27.896956199325587,0.7777777777777778,0.37962962962962965,1,0.8862453531598513,19,1.5,32.33100334250438
26.900000000000112,0.2685403873405763,27.896956199325587,0.7777777777777778,0.37962962962962965,0,0.8866666666666667,19,1.5,32.33073221404775
27.000000000000114,0.2694851204534719,27.896956199325587,0.7777777777777778,0.37962962962962965,0,0.8867158671586716,19,1.5,32.334806640397865
27.100000000000115,0.2697213037316958,27.896956199325587,0.7777777777777778,0.37962962962962965,0,0.8867647058823529,20,1.5,32.34257836247467
27.200000000000117,0.26995748700991967,27.896956199325587,0.7777777777777778,0.37962962962962965,0,0.884981684981685,20,1.5,32.35408297834401
27.300000000000118,0.2706660368445914,27.896956199325587,0.7777777777777778,0.37962962962962965,0,0.8846715328467153,21,1.5,32.36932132531618
27.40000000000012,0.2709022201228153,27.896956199325587,0.7777777777777778,0.3853211009174312,1,0.885090909090909,22,1.5,32.38647909484601
27.50000000000012,0.2713745866792631,27.896956199325587,0.7777777777777778,0.3853211009174312,0,0.8855072463768116,23,1.5,32.40555731989764
27.600000000000122,0.2713745866792631,27.896956199325587,0.7777777777777778,0.3853211009174312,1,0.8859205776173286,23,1.5,32.42654328960859
27.700000000000124,0.2720831365139348,27.896956199325587,0.7777777777777778,0.3853211009174312,0,0.8852517985611511,23,1.5,32.44941370713044
27.800000000000125,0.2725555030703826,27.896956199325587,0.7777777777777778,0.3853211009174312,0,0.8853046594982079,22,1.5,32.474137498198964
27.900000000000126,0.2730278696268304,27.896956199325587,0.7777777777777778,0.3853211009174312,0,0.8857142857142857,22,1.5,32.50067799776188
28.000000000000128,0.27350023618327823,27.896956199325587,0.7777777777777778,0.3963963963963964,2,0.8861209964412812,22,1.5,32.52988351991517
28.10000000000013,0.27444496929617385,27.896956199325587,0.7777777777777778,0.40350877192982454,4,0.8861702127659574,23,1.5,32.56092965237316
28.20000000000013,0.27444496929617385,27.896956199325587,0.7777777777777778,0.40350877192982454,0,0.8858657243816255,23,1.5,32.593794772052235
28.300000000000132,0.2751535191308455,27.896956199325587,0.7777777777777778,0.40350877192982454,0,0.8855633802816901,21,1.5,32.6291637031023
28.400000000000134,0.2760982522437411,27.896956199325587,0.7777777777777778,0.40350877192982454,0,0.8859649122807017,20,1.5,32.66708728648324
28.500000000000135,0.27657061880018896,27.896956199325587,0.7777777777777778,0.40869565217391307,1,0.8863636363636364,21,1.5,32.70692953128488
28.600000000000136,0.27680680207841285,24.675049877045907,0.8666666666666667,0.40869565217391307,0,0.8867595818815331,21,1.5,32.74834213865033
28.700000000000138,0.27727916863486063,24.675049877045907,0.8666666666666667,0.40869565217391307,0,0.8868055555555555,20,1.5,32.79120711946644
28.80000000000014,0.27775153519130846,24.675049877045907,0.8666666666666667,0.40869565217391307,1,0.8868512110726644,20,1.5,32.83540758813899
28.90000000000014,0.2784600850259802,24.675049877045907,0.8666666666666667,0.40869565217391307,0,0.886551724137931,20,1.5,32.88018227968209
29.000000000000142,0.27893245158242796,24.675049877045907,0.8666666666666667,0.40869565217391307,0,0.8859106529209622,20,1.5,32.924208209598184
29.100000000000144,0.28011336797354747,24.675049877045907,0.8666666666666667,0.40869565217391307,0,0.885958904109589,21,1.5,32.967456411221555
29.200000000000145,0.28034955125177136,24.675049877045907,0.8666666666666667,0.40869565217391307,0,0.8856655290102389,20,1.5,33.00969457806917
29.300000000000146,0.28129428436466697,24.675049877045907,0.8666666666666667,0.40869565217391307,0,0.8857142857142857,21,1.5,33.05075267771969
29.400000000000148,0.28129428436466697,24.675049877045907,0.8666666666666667,0.41379310344827586,1,0.8854237288135594,21,1.5,33.09047334498336
29.50000000000015,0.2817666509211148,24.675049877045907,0.8666666666666667,0.41025641025641024,1,0.885472972972973,21,1.5,33.13059362617352
29.60000000000015,0.2822390174775626,24.675049877045907,0.8666666666666667,0.41025641025641024,0,0.8858585858585859,19,1.5,33.17142008928726
29.700000000000152,0.2827113840340104,24.675049877045907,0.8666666666666667,0.41025641025641024,0,0.886241610738255,18,1.5,33.21401633120268
29.800000000000153,0.2834199338686821,24.675049877045907,0.8666666666666667,0.41025641025641024,0,0.8862876254180602,19,1.5,33.25812148698687
29.900000000000155,0.2841284837033538,24.675049877045907,0.8666666666666667,0.41025641025641024,0,0.8863333333333333,18,1.5,33.30344820438937
30.000000000000156,0.2853094000944733,24.675049877045907,0.8666666666666667,0.42016806722689076,2,0.8867109634551495,20,1.5,33.35070516411928
30.100000000000158,0.2857817666509211,24.675049877045907,0.8666666666666667,0.43089430894308944,4,0.8867549668874172,21,1.5,33.40153972238406
30.20000000000016,0.2864903164855928,24.675049877045907,0.8666666666666667,0.43089430894308944,0,0.8861386138613861,23,1.5,33.45558817338015
30.30000000000016,0.2874350495984884,24.675049877045907,0.8666666666666667,0.43089430894308944,0,0.8855263157894737,23,1.5,33.51240343845929
30.400000000000162,0.2876712328767123,24.675049877045907,0.8666666666666667,0.43089430894308944,0,0.8852459016393442,24,1.5,33.57136446236822
30.500000000000163,0.28790741615493626,24.675049877045907,0.8666666666666667,0.4274193548387097,1,0.8852941176470588,24,1.5,33.63383008787202
30.600000000000165,0.28837978271138404,29.652226748182375,0.6444444444444445,0.4274193548387097,0,0.8856677524429968,23,1.5,33.69703535814931
30.700000000000166,0.2888521492678318,29.652226748182375,0.6444444444444445,0.4274193548387097,0,0.8857142857142857,22,1.5,33.74385614670008
30.800000000000168,0.28956069910250354,29.652226748182375,0.6444444444444445,0.432,1,0.8857605177993527,21,1.5,33.79107420911324
30.90000000000017,0.2897968823807274,29.652226748182375,0.6444444444444445,0.432,0,0.8858064516129033,21,1.5,33.838401813505556
31.00000000000017,0.29050543221539915,29.652226748182375,0.6444444444444445,0.432,0,0.8861736334405145,23,1.5,33.885426510133186
31.100000000000172,0.2912139820500709,29.652226748182375,0.6444444444444445,0.432,0,0.8865384615384615,23,1.5,33.93171057454252
31.200000000000173,0.2923948984411904,29.652226748182375,0.6444444444444445,0.432,0,0.8865814696485623,22,1.5,33.976742390113145
31.300000000000175,0.2935758148323099,29.652226748182375,0.6444444444444445,0.432,0,0.8869426751592356,22,1.5,34.01992822756486
31.400000000000176,0.29404818138875766,29.652226748182375,0.6444444444444445,0.4365079365079365,1,0.886984126984127,22,1.5,34.0590191017532
31.500000000000178,0.29499291450165327,29.652226748182375,0.6444444444444445,0.4330708661417323,1,0.8863924050632911,21,1.5,34.09341174820309
31.60000000000018,0.2954652810581011,29.652226748182375,0.6444444444444445,0.4330708661417323,0,0.886435331230284,22,1.5,34.12271210220679
31.70000000000018,0.29617383089277277,29.652226748182375,0.6444444444444445,0.4330708661417323,0,0.8864779874213836,23,1.5,34.150289271344725
31.800000000000182,0.2964100141709967,29.652226748182375,0.6444444444444445,0.4330708661417323,0,0.8862068965517241,24,1.5,34.18044165689515
31.900000000000183,0.2964100141709967,29.652226748182375,0.6444444444444445,0.4330708661417323,0,0.8865625,24,1.5,34.204536345633
32.000000000000185,0.2973547472838923,29.652226748182375,0.6444444444444445,0.4330708661417323,2,0.8862928348909658,24,1.5,34.22241452118452
32.100000000000186,0.2973547472838923,29.652226748182375,0.6444444444444445,0.4461538461538462,4,0.886335403726708,24,1.5,34.23419976787271
32.20000000000019,0.298063297118564,29.652226748182375,0.6444444444444445,0.4461538461538462,0,0.8860681114551083,24,1.5,34.240110365808654
32.30000000000019,0.2987718469532357,29.652226748182375,0.6444444444444445,0.4461538461538462,0,0.8858024691358025,22,1.5,34.24023151871818
32.40000000000019,0.29971658006613133,29.652226748182375,0.6444444444444445,0.4461538461538462,0,0.8861538461538462,22,1.5,34.23441676573766
32.50000000000019,0.3001889466225791,29.652226748182375,0.6444444444444445,0.4461538461538462,1,0.8861963190184049,22,1.5,34.222868143225234
32.60000000000019,0.30089749645725083,32.56744133490842,0.6,0.4461538461538462,0,0.8859327217125382,24,1.5,34.20577779859513
32.700000000000195,0.3011336797354747,32.56744133490842,0.6,0.4461538461538462,0,0.8859756097560976,25,1.5,34.18329548428089
32.800000000000196,0.30160604629192256,32.56744133490842,0.6,0.45038167938931295,1,0.886322188449848,24,1.5,34.155532717676714
32.9000000000002,0.3023145961265942,32.56744133490842,0.6,0.45038167938931295,0,0.8854545454545455,24,1.5,34.122598881743535
33.0000000000002,0.3025507794048181,32.56744133490842,0.6,0.45038167938931295,0,0.8851963746223565,24,1.5,34.08464947122223
33.1000000000002,0.30278696268304206,32.56744133490842,0.6,0.45038167938931295,0,0.8852409638554217,24,1.5,34.0417113507652
33.2000000000002,0.30302314596126595,32.56744133490842,0.6,0.45038167938931295,0,0.884984984984985,24,1.5,33.993844342262925
33.3000000000002,0.30325932923948984,32.56744133490842,0.6,0.45038167938931295,0,0.8850299401197604,25,1.5,33.94117479737092
33.400000000000205,0.30325932923948984,32.56744133490842,0.6,0.45454545454545453,1,0.8850746268656716,25,1.5,33.88388822337297
33.500000000000206,0.30349551251771373,32.56744133490842,0.6,0.45454545454545453,1,0.8851190476190476,25,1.5,33.82222080480961
33.60000000000021,0.30396787907416156,32.56744133490842,0.6,0.45454545454545453,0,0.885459940652819,24,1.5,33.75645122383968
33.70000000000021,0.30396787907416156,32.56744133490842,0.6,0.45454545454545453,0,0.8855029585798817,24,1.5,33.68749731620634
33.80000000000021,0.30396787907416156,32.56744133490842,0.6,0.45454545454545453,0,0.8852507374631269,24,1.5,33.61715174574192
33.90000000000021,0.30396787907416156,32.56744133490842,0.6,0.45454545454545453,0,0.8855882352941177,24,1.5,33.54519048175491
34.00000000000021,0.3049126121870572,32.56744133490842,0.6,0.4626865671641791,2,0.8853372434017596,24,1.5,33.46975880868346
34.100000000000215,0.3058573452999528,32.56744133490842,0.6,0.4744525547445255,4,0.8853801169590644,24,1.5,33.39091759085949
34.200000000000216,0.3058573452999528,32.56744133490842,0.6,0.4744525547445255,0,0.8854227405247813,24,1.5,33.30859083589543
34.30000000000022,0.30656589513462446,32.56744133490842,0.6,0.4744525547445255,0,0.8854651162790698,24,1.5,33.22287698421529
34.40000000000022,0.30656589513462446,32.56744133490842,0.6,0.4744525547445255,0,0.8857971014492754,24,1.5,33.13382416559677
34.50000000000022,0.30656589513462446,32.56744133490842,0.6,0.4744525547445255,1,0.8858381502890174,24,1.5,33.04235248063178
34.60000000000022,0.3072744449692962,31.132579721342694,0.6,0.4744525547445255,0,0.8861671469740634,25,1.5,32.95193401454638
34.70000000000022,0.30751062824752007,31.132579721342694,0.6,0.4744525547445255,0,0.8859195402298851,25,1.5,32.862852013525725
34.800000000000225,0.3079829948039679,31.132579721342694,0.6,0.4782608695652174,1,0.8859598853868195,25,1.5,32.77397896744559
34.900000000000226,0.3082191780821918,31.132579721342694,0.6,0.4782608695652174,0,0.886,26,1.5,32.68572877493118
35.00000000000023,0.3084553613604157,31.132579721342694,0.6,0.4782608695652174,0,0.886039886039886,26,1.5,32.59851083398283
35.10000000000023,0.3084553613604157,31.132579721342694,0.6,0.4782608695652174,0,0.8860795454545455,26,1.5,32.51272617420396
35.20000000000023,0.30869154463863957,31.132579721342694,0.6,0.4782608695652174,0,0.8855524079320113,25,1.5,32.42863376609649
35.30000000000023,0.30892772791686346,31.132579721342694,0.6,0.4782608695652174,0,0.885593220338983,25,1.5,32.3465920501573
35.40000000000023,0.30892772791686346,31.132579721342694,0.6,0.48201438848920863,1,0.8853521126760563,25,1.5,32.26363379154623
35.500000000000234,0.30892772791686346,31.132579721342694,0.6,0.48201438848920863,1,0.8856741573033707,25,1.5,32.1788567285189
35.600000000000236,0.3091639111950874,31.132579721342694,0.6,0.48201438848920863,0,0.8859943977591036,25,1.5,32.092415647110826
35.70000000000024,0.3096362777515352,31.132579721342694,0.6,0.48201438848920863,0,0.8860335195530726,25,1.5,32.00574802348439
35.80000000000024,0.3103448275862069,31.132579721342694,0.6,0.48201438848920863,0,0.8857938718662952,25,1.5,31.919363639174247
35.90000000000024,0.3105810108644308,31.132579721342694,0.6,0.48201438848920863,0,0.8861111111111111,24,1.5,31.83344278958515
36.00000000000024,0.3108171941426547,31.132579721342694,0.6,0.48201438848920863,2,0.8864265927977839,23,1.5,31.748164614345534
36.10000000000024,0.31105337742087863,31.132579721342694,0.6,0.48226950354609927,4,0.8867403314917127,24,1.5,31.666734179375535
36.200000000000244,0.3112895606991025,31.132579721342694,0.6,0.48226950354609927,0,0.8870523415977961,24,1.5,31.587898521305213
36.300000000000246,0.3117619272555503,31.132579721342694,0.6,0.48226950354609927,0,0.8865384615384615,24,1.5,31.510215203578678
36.40000000000025,0.3119981105337742,31.132579721342694,0.6,0.48226950354609927,0,0.8865753424657534,23,1.5,31.43192725786838
36.50000000000025,0.31223429381199813,31.132579721342694,0.6,0.4788732394366197,1,0.8866120218579235,23,1.5,31.35061088512463
36.60000000000025,0.312470477090222,28.16390128000343,0.7111111111111111,0.4788732394366197,0,0.8866485013623978,23,1.5,31.26630106722756
36.70000000000025,0.3129428436466698,28.16390128000343,0.7111111111111111,0.4788732394366197,0,0.8866847826086957,23,1.5,31.179058955347468
36.80000000000025,0.31317902692489374,28.16390128000343,0.7111111111111111,0.4755244755244755,1,0.886720867208672,23,1.5,31.09051723669904
36.900000000000254,0.31341521020311763,28.16390128000343,0.7111111111111111,0.4755244755244755,0,0.8867567567567568,22,1.5,31.00194237815367
37.000000000000256,0.3136513934813415,28.16390128000343,0.7111111111111111,0.4755244755244755,0,0.8870619946091645,22,1.5,30.914437433596387
37.10000000000026,0.3141237600377893,28.16390128000343,0.7111111111111111,0.4755244755244755,0,0.8873655913978494,22,1.5,30.82819118925213
37.20000000000026,0.3150684931506849,28.16390128000343,0.7111111111111111,0.4755244755244755,0,0.8873994638069705,24,1.5,30.74338862761428
37.30000000000026,0.3150684931506849,28.16390128000343,0.7111111111111111,0.4755244755244755,0,0.8874331550802139,24,1.5,30.66020915066996
37.40000000000026,0.3150684931506849,28.16390128000343,0.7111111111111111,0.4791666666666667,1,0.8874666666666666,24,1.5,30.58056127045944
37.50000000000026,0.31554085970713275,28.16390128000343,0.7111111111111111,0.47586206896551725,1,0.8875,25,1.5,30.502828333101004
37.600000000000264,0.31554085970713275,28.16390128000343,0.7111111111111111,0.47586206896551725,0,0.8872679045092838,25,1.5,30.42746386744851
37.700000000000266,0.31577704298535664,28.16390128000343,0.7111111111111111,0.47586206896551725,0,0.8875661375661376,24,1.5,30.354969685185136
37.80000000000027,0.3162494095418044,28.16390128000343,0.7111111111111111,0.47586206896551725,0,0.8875989445910291,23,1.5,30.285875955701425
37.90000000000027,0.31648559282002836,28.16390128000343,0.7111111111111111,0.47586206896551725,0,0.8876315789473684,22,1.5,30.220786568565067
38.00000000000027,0.31672177609825225,28.16390128000343,0.7111111111111111,0.48299319727891155,2,0.8876640419947507,22,1.5,30.161454180413973
38.10000000000027,0.31695795937647614,28.16390128000343,0.7111111111111111,0.49333333333333335,4,0.887434554973822,22,1.5,30.106923105057437
38.20000000000027,0.31719414265470003,28.16390128000343,0.7111111111111111,0.49333333333333335,0,0.887467362924282,22,1.5,30.05602626527431
38.300000000000274,0.31719414265470003,28.16390128000343,0.7111111111111111,0.49333333333333335,0,0.8872395833333333,22,1.5,30.008730481507406
38.400000000000276,0.31766650921114786,28.16390128000343,0.7111111111111111,0.49333333333333335,0,0.8875324675324675,21,1.5,29.96477718299847
38.50000000000028,0.31790269248937175,28.16390128000343,0.7111111111111111,0.49333333333333335,1,0.8878238341968911,21,1.5,29.92388745595429
38.60000000000028,0.31837505904581953,27.780764869991952,0.7777777777777778,0.49333333333333335,0,0.8878552971576228,22,1.5,29.885305165808695
38.70000000000028,0.3186112423240435,27.780764869991952,0.7777777777777778,0.49333333333333335,0,0.8878865979381443,22,1.5,29.848907288475303
38.80000000000028,0.3186112423240435,27.780764869991952,0.7777777777777778,0.4966887417218543,1,0.8881748071979434,22,1.5,29.81458416913707
38.90000000000028,0.3186112423240435,27.780764869991952,0.7777777777777778,0.4966887417218543,0,0.8884615384615384,22,1.5,29.782224280233397
39.000000000000284,0.31884742560226736,27.780764869991952,0.7777777777777778,0.4966887417218543,0,0.8884910485933504,22,1.5,29.751716693763164
39.100000000000286,0.31884742560226736,27.780764869991952,0.7777777777777778,0.4966887417218543,0,0.888265306122449,22,1.5,29.72295317404708
39.20000000000029,0.31884742560226736,27.780764869991952,0.7777777777777778,0.4966887417218543,0,0.8880407124681934,22,1.5,29.69582987975502
39.30000000000029,0.31884742560226736,27.780764869991952,0.7777777777777778,0.4966887417218543,0,0.8880710659898478,22,1.5,29.670187875950155
39.40000000000029,0.31884742560226736,27.780764869991952,0.7777777777777778,0.4966887417218543,1,0.8883544303797468,22,1.5,29.64585658154601
39.50000000000029,0.31884742560226736,27.780764869991952,0.7777777777777778,0.5,2,0.8886363636363637,22,1.5,29.62068749622985
39.60000000000029,0.31884742560226736,27.780764869991952,0.7777777777777778,0.5,0,0.8889168765743073,22,1.5,29.594646683575515
39.700000000000294,0.31884742560226736,27.780764869991952,0.7777777777777778,0.5,0,0.8889447236180904,22,1.5,29.567723723096567
39.800000000000296,0.31884742560226736,27.780764869991952,0.7777777777777778,0.5,0,0.8892230576441102,22,1.5,29.539929974178268
39.9000000000003,0.31884742560226736,27.780764869991952,0.7777777777777778,0.5,0,0.8895,22,1.5,29.511295762131088
40.0000000000003,0.31884742560226736,27.780764869991952,0.7777777777777778,0.5064935064935064,2,0.8892768079800498,22,1.5,29.482327133016817
40.1000000000003,0.31884742560226736,27.780764869991952,0.7777777777777778,0.5095541401273885,4,0.8893034825870647,22,1.5,29.451929753104924
40.2000000000003,0.31908360888049125,27.780764869991952,0.7777777777777778,0.5095541401273885,0,0.8895781637717122,21,1.5,29.420224223705127
40.3000000000003,0.31908360888049125,27.780764869991952,0.7777777777777778,0.5095541401273885,0,0.8893564356435644,21,1.5,29.38834610008778
40.400000000000304,0.3195559754369391,27.780764869991952,0.7777777777777778,0.5095541401273885,0,0.8893827160493827,20,1.5,29.356610333137905
40.500000000000306,0.319792158715163,27.780764869991952,0.7777777777777778,0.5095541401273885,0,0.8896551724137931,20,1.5,29.325175025343697
40.60000000000031,0.319792158715163,29.200457580878112,0.7777777777777778,0.5095541401273885,0,0.88992628992629,20,1.5,29.294270070201364
40.70000000000031,0.319792158715163,29.200457580878112,0.7777777777777778,0.5095541401273885,0,0.8897058823529411,20,1.5,29.265885097242382
40.80000000000031,0.319792158715163,29.200457580878112,0.7777777777777778,0.5126582278481012,1,0.8899755501222494,20,1.5,29.240178715124532
40.90000000000031,0.319792158715163,29.200457580878112,0.7777777777777778,0.5126582278481012,0,0.89,20,1.5,29.217287740840575
41.00000000000031,0.32002834199338687,29.200457580878112,0.7777777777777778,0.5126582278481012,0,0.8902676399026764,20,1.5,29.197324207737353
41.100000000000314,0.32002834199338687,29.200457580878112,0.7777777777777778,0.5126582278481012,0,0.8902912621359224,20,1.5,29.180372834641148
41.200000000000315,0.32026452527161076,29.200457580878112,0.7777777777777778,0.5126582278481012,0,0.8905569007263923,20,1.5,29.16648915370656
41.30000000000032,0.32026452527161076,29.200457580878112,0.7777777777777778,0.5126582278481012,0,0.8905797101449275,20,1.5,29.155698459068844
41.40000000000032,0.32050070854983465,29.200457580878112,0.7777777777777778,0.5094339622641509,1,0.8903614457831325,20,1.5,29.14613999993787
41.50000000000032,0.32050070854983465,29.200457580878112,0.7777777777777778,0.5125,2,0.890625,20,1.5,29.137262623833884
41.60000000000032,0.32050070854983465,29.200457580878112,0.7777777777777778,0.5125,0,0.8908872901678657,20,1.5,29.12888456801725
41.70000000000032,0.32050070854983465,29.200457580878112,0.7777777777777778,0.5125,0,0.8901913875598086,20,1.5,29.12092726961773
41.800000000000324,0.32050070854983465,29.200457580878112,0.7777777777777778,0.5125,0,0.8902147971360382,20,1.5,29.11350338316451
41.900000000000325,0.3207368918280586,29.200457580878112,0.7777777777777778,0.5125,0,0.8904761904761904,20,1.5,29.108139070497387
42.00000000000033,0.3207368918280586,29.200457580878112,0.7777777777777778,0.5185185185185185,2,0.8907363420427553,20,1.5,29.105097041832703
42.10000000000033,0.3207368918280586,29.200457580878112,0.7777777777777778,0.5212121212121212,4,0.8907582938388625,20,1.5,29.102912626053303
42.20000000000033,0.3207368918280586,29.200457580878112,0.7777777777777778,0.5212121212121212,0,0.891016548463357,20,1.5,29.10260276673214
42.30000000000033,0.3209730751062825,29.200457580878112,0.7777777777777778,0.5212121212121212,0,0.8910377358490567,20,1.5,29.104664234031848
42.40000000000033,0.3209730751062825,29.200457580878112,0.7777777777777778,0.5212121212121212,0,0.8910588235294118,20,1.5,29.10891506595648
42.500000000000334,0.32120925838450637,29.200457580878112,0.7777777777777778,0.5212121212121212,0,0.8910798122065727,20,1.5,29.114765102577625
42.600000000000335,0.3216816249409542,30.993565538632815,0.6,0.5212121212121212,0,0.8913348946135832,20,1.5,29.12043443815352
42.70000000000034,0.3216816249409542,30.993565538632815,0.6,0.5212121212121212,0,0.8913551401869159,20,1.5,29.12565289640215
42.80000000000034,0.3219178082191781,30.993565538632815,0.6,0.5240963855421686,1,0.8909090909090909,20,1.5,29.132026116442336
42.90000000000034,0.3219178082191781,30.993565538632815,0.6,0.5240963855421686,0,0.8911627906976745,20,1.5,29.13973068588568
43.00000000000034,0.3219178082191781,30.993565538632815,0.6,0.5240963855421686,0,0.891415313225058,20,1.5,29.14719689321646
43.10000000000034,0.3219178082191781,30.993565538632815,0.6,0.5240963855421686,0,0.8914351851851852,20,1.5,29.153911432408364
43.200000000000344,0.3219178082191781,30.993565538632815,0.6,0.5240963855421686,0,0.8914549653579676,20,1.5,29.159723534433592
43.300000000000345,0.3219178082191781,30.993565538632815,0.6,0.5240963855421686,0,0.8914746543778802,20,1.5,29.164496543918894
43.40000000000035,0.3219178082191781,30.993565538632815,0.6,0.5269461077844312,1,0.8914942528735632,20,1.5,29.166313324494407
43.50000000000035,0.3219178082191781,30.993565538632815,0.6,0.5266272189349113,2,0.8917431192660551,20,1.5,29.166342923020895
43.60000000000035,0.322153991497402,30.993565538632815,0.6,0.5266272189349113,0,0.8917620137299771,20,1.5,29.16473885656512
43.70000000000035,0.32262635805384976,30.993565538632815,0.6,0.5266272189349113,0,0.8917808219178082,19,1.5,29.162715078626874
43.80000000000035,0.32262635805384976,30.993565538632815,0.6,0.5266272189349113,0,0.8917995444191344,19,1.5,29.160968214711527
43.900000000000354,0.32262635805384976,30.993565538632815,0.6,0.5266272189349113,0,0.8918181818181818,19,1.5,29.159624624708066
44.000000000000355,0.3228625413320737,30.993565538632815,0.6,0.5294117647058824,2,0.8918367346938776,20,1.5,29.158292666754914
44.10000000000036,0.3230987246102976,30.993565538632815,0.6,0.5260115606936416,4,0.8918552036199096,20,1.5,29.155603791482328
44.20000000000036,0.3233349078885215,30.993565538632815,0.6,0.5260115606936416,0,0.8918735891647855,20,1.5,29.151553439745747
44.30000000000036,0.3235710911667454,30.993565538632815,0.6,0.5260115606936416,0,0.8918918918918919,20,1.5,29.146155304267076
44.40000000000036,0.3235710911667454,30.993565538632815,0.6,0.5260115606936416,0,0.891685393258427,20,1.5,29.139437979259615
44.50000000000036,0.3238072744449693,30.993565538632815,0.6,0.5260115606936416,0,0.8917040358744395,20,1.5,29.1314405343669
44.600000000000364,0.3238072744449693,28.99777317083244,0.7333333333333333,0.5260115606936416,0,0.8917225950782998,20,1.5,29.122207474724433
44.700000000000365,0.3238072744449693,28.99777317083244,0.7333333333333333,0.5260115606936416,0,0.8919642857142858,20,1.5,29.111742499623976
44.80000000000037,0.3238072744449693,28.99777317083244,0.7333333333333333,0.5287356321839081,1,0.8917594654788419,20,1.5,29.101252889128233
44.90000000000037,0.3240434577231932,28.99777317083244,0.7333333333333333,0.5287356321839081,0,0.8917777777777778,20,1.5,29.0895217243262
45.00000000000037,0.3242796410014171,28.99777317083244,0.7333333333333333,0.5287356321839081,0,0.8920177383592017,20,1.5,29.074721654339122
45.10000000000037,0.3242796410014171,28.99777317083244,0.7333333333333333,0.5287356321839081,0,0.8920353982300885,20,1.5,29.056950000515094
45.20000000000037,0.32475200755786493,28.99777317083244,0.7333333333333333,0.5287356321839081,0,0.8920529801324504,20,1.5,29.036505043777883
45.300000000000374,0.3249881908360888,28.99777317083244,0.7333333333333333,0.5287356321839081,0,0.8918502202643172,20,1.5,29.013828075343923
45.400000000000375,0.3249881908360888,28.99777317083244,0.7333333333333333,0.5314285714285715,1,0.8914285714285715,20,1.5,28.987859619406972
45.50000000000038,0.3249881908360888,28.99777317083244,0.7333333333333333,0.536723163841808,2,0.8912280701754386,20,1.5,28.958297742697084
45.60000000000038,0.3249881908360888,28.99777317083244,0.7333333333333333,0.536723163841808,0,0.8912472647702407,20,1.5,28.92497471675829
45.70000000000038,0.3249881908360888,28.99777317083244,0.7333333333333333,0.536723163841808,0,0.8912663755458515,20,1.5,28.88815821753578
45.80000000000038,0.3249881908360888,28.99777317083244,0.7333333333333333,0.536723163841808,0,0.8915032679738563,20,1.5,28.84803327812141
45.90000000000038,0.3249881908360888,28.99777317083244,0.7333333333333333,0.536723163841808,0,0.8915217391304348,20,1.5,28.804837977986274
46.000000000000384,0.3249881908360888,28.99777317083244,0.7333333333333333,0.5393258426966292,2,0.8917570498915401,20,1.5,28.75891451702459
46.100000000000385,0.3249881908360888,28.99777317083244,0.7333333333333333,0.5494505494505495,4,0.891991341991342,20,1.5,28.711847873338936
46.20000000000039,0.3249881908360888,28.99777317083244,0.7333333333333333,0.5494505494505495,0,0.8922246220302376,20,1.5,28.66404029242293
46.30000000000039,0.3249881908360888,28.99777317083244,0.7333333333333333,0.5494505494505495,0,0.8924568965517241,20,1.5,28.6159851195795
46.40000000000039,0.3249881908360888,28.99777317083244,0.7333333333333333,0.5494505494505495,0,0.8920430107526882,20,1.5,28.569436683424126
46.50000000000039,0.3249881908360888,28.99777317083244,0.7333333333333333,0.5494505494505495,0,0.8916309012875536,20,1.5,28.525328373528705
46.60000000000039,0.3249881908360888,27.26470576801033,0.7333333333333333,0.5494505494505495,0,0.8916488222698072,20,1.5,28.48404535694014
46.700000000000394,0.3249881908360888,27.26470576801033,0.7333333333333333,0.5494505494505495,0,0.8918803418803419,20,1.5,28.444786852455987
46.800000000000395,0.3249881908360888,27.26470576801033,0.7333333333333333,0.5519125683060109,1,0.8918976545842218,20,1.5,28.40718118389934
46.9000000000004,0.3249881908360888,27.26470576801033,0.7333333333333333,0.5519125683060109,0,0.892127659574468,20,1.5,28.371455243426766
47.0000000000004,0.3249881908360888,27.26470576801033,0.7333333333333333,0.5519125683060109,0,0.8921443736730361,20,1.5,28.33782450714387
47.1000000000004,0.3249881908360888,27.26470576801033,0.7333333333333333,0.5519125683060109,0,0.8921610169491525,20,1.5,28.30650130630469
47.2000000000004,0.3249881908360888,27.26470576801033,0.7333333333333333,0.5519125683060109,0,0.8917547568710359,20,1.5,28.277693795714697
47.3000000000004,0.3249881908360888,27.26470576801033,0.7333333333333333,0.5519125683060109,0,0.8917721518987342,20,1.5,28.251604609737992
47.400000000000404,0.3249881908360888,27.26470576801033,0.7333333333333333,0.5489130434782609,1,0.892,20,1.5,28.226245697629988
47.500000000000405,0.3249881908360888,27.26470576801033,0.7333333333333333,0.5513513513513514,2,0.8918067226890757,20,1.5,28.205313114565303
47.600000000000406,0.3249881908360888,27.26470576801033,0.7333333333333333,0.5513513513513514,0,0.8916142557651991,20,1.5,28.197226575892085
47.70000000000041,0.3249881908360888,27.26470576801033,0.7333333333333333,0.5513513513513514,0,0.8916317991631799,20,1.5,28.19143923688031
47.80000000000041,0.3252243741143127,27.26470576801033,0.7333333333333333,0.5513513513513514,0,0.8916492693110647,21,1.5,28.189206396380687
47.90000000000041,0.3252243741143127,27.26470576801033,0.7333333333333333,0.5513513513513514,0,0.891875,21,1.5,28.1908134222724
48.00000000000041,0.3252243741143127,27.26470576801033,0.7333333333333333,0.553763440860215,2,0.8918918918918919,21,1.5,28.195727551302106
48.10000000000041,0.3252243741143127,27.26470576801033,0.7333333333333333,0.5631578947368421,4,0.8917012448132781,21,1.5,28.2011607576788
48.200000000000415,0.3252243741143127,27.26470576801033,0.7333333333333333,0.5631578947368421,0,0.8917184265010352,21,1.5,28.208142968223225
48.300000000000416,0.3254605573925366,27.26470576801033,0.7333333333333333,0.5631578947368421,0,0.8919421487603306,20,1.5,28.21666976250273
48.40000000000042,0.3254605573925366,27.26470576801033,0.7333333333333333,0.5631578947368421,0,0.8921649484536083,20,1.5,28.226463728158862
48.50000000000042,0.3254605573925366,27.26470576801033,0.7333333333333333,0.5631578947368421,0,0.8921810699588477,20,1.5,28.237187814692934
48.60000000000042,0.3254605573925366,26.46152422581088,0.8,0.5631578947368421,0,0.8919917864476387,20,1.5,28.248509626202885
48.70000000000042,0.3256967406707605,26.46152422581088,0.8,0.5631578947368421,0,0.8915983606557377,21,1.5,28.260105580953702
48.80000000000042,0.3256967406707605,26.46152422581088,0.8,0.5631578947368421,1,0.8916155419222904,21,1.5,28.265477633567116
48.900000000000425,0.3256967406707605,26.46152422581088,0.8,0.5631578947368421,0,0.8918367346938776,21,1.5,28.264742104170605
49.000000000000426,0.3256967406707605,26.46152422581088,0.8,0.5631578947368421,0,0.8920570264765784,21,1.5,28.263946820486208
49.10000000000043,0.3256967406707605,26.46152422581088,0.8,0.5631578947368421,0,0.8920731707317073,21,1.5,28.262925976824196
49.20000000000043,0.3256967406707605,26.46152422581088,0.8,0.5631578947368421,0,0.8920892494929006,21,1.5,28.261426182600438
49.30000000000043,0.3256967406707605,26.46152422581088,0.8,0.5631578947368421,0,0.8923076923076924,21,1.5,28.25930347983849
49.40000000000043,0.3264052905054322,26.46152422581088,0.8,0.5602094240837696,1,0.8923232323232323,21,1.5,28.257100136795636
49.50000000000043,0.3264052905054322,26.46152422581088,0.8,0.5572916666666666,2,0.8925403225806452,21,1.5,28.254813160517376
49.600000000000435,0.3266414737836561,26.46152422581088,0.8,0.5572916666666666,0,0.8921529175050302,21,1.5,28.25244337398778
49.700000000000436,0.3266414737836561,26.46152422581088,0.8,0.5572916666666666,0,0.8919678714859438,21,1.5,28.24999468390637
49.80000000000044,0.3266414737836561,26.46152422581088,0.8,0.5572916666666666,0,0.892184368737475,21,1.5,28.24747369267542
49.90000000000044,0.3266414737836561,26.46152422581088,0.8,0.5572916666666666,0,0.892,21,1.5,28.24488965669234
50.00000000000044,0.3266414737836561,26.46152422581088,0.8,0.5618556701030928,2,0.8922155688622755,21,1.5,28.241912245619258
50.10000000000044,0.3266414737836561,26.46152422581088,0.8,0.5618556701030928,4,0.8922310756972112,21,1.5,28.23890788303221
50.20000000000044,0.3266414737836561,26.46152422581088,0.8,0.5618556701030928,0,0.8920477137176939,21,1.5,28.23579058200886
50.300000000000445,0.3266414737836561,26.46152422581088,0.8,0.5618556701030928,0,0.8922619047619048,21,1.5,28.232480260905554
50.400000000000446,0.32687765706188004,26.46152422581088,0.8,0.5618556701030928,0,0.8922772277227723,22,1.5,28.22890536060308
50.50000000000045,0.32687765706188004,26.46152422581088,0.8,0.5618556701030928,0,0.892490118577075,22,1.5,28.22500512329811
50.60000000000045,0.32711384034010393,34.5445206037979,0.5555555555555556,0.5618556701030928,0,0.8923076923076924,21,1.5,28.22073140702526
50.70000000000045,0.32711384034010393,34.5445206037979,0.5555555555555556,0.558974358974359,1,0.8921259842519685,21,1.5,28.219549910173768
50.80000000000045,0.32711384034010393,34.5445206037979,0.5555555555555556,0.5561224489795918,2,0.8921414538310413,21,1.5,28.224658814753496
50.90000000000045,0.3273500236183278,34.5445206037979,0.5555555555555556,0.5561224489795918,0,0.8921568627450981,20,1.5,28.23612415540794
51.000000000000455,0.3273500236183278,34.5445206037979,0.5555555555555556,0.5561224489795918,0,0.8923679060665362,20,1.5,28.254669658073272
51.100000000000456,0.3273500236183278,34.5445206037979,0.5555555555555556,0.5561224489795918,0,0.892578125,20,1.5,28.28038025231637
51.20000000000046,0.3275862068965517,34.5445206037979,0.5555555555555556,0.5561224489795918,0,0.8923976608187134,21,1.5,28.31256095567928
51.30000000000046,0.3275862068965517,34.5445206037979,0.5555555555555556,0.5561224489795918,0,0.8924124513618678,21,1.5,28.35082617968935
51.40000000000046,0.3275862068965517,34.5445206037979,0.5555555555555556,0.5561224489795918,1,0.8924271844660194,21,1.5,28.39512116085502
51.50000000000046,0.3278223901747756,34.5445206037979,0.5555555555555556,0.5561224489795918,0,0.8924418604651163,20,1.5,28.44534298859836
51.60000000000046,0.32805857345299955,34.5445206037979,0.5555555555555556,0.5561224489795918,0,0.8924564796905222,20,1.5,28.50134216402578
51.700000000000465,0.32805857345299955,34.5445206037979,0.5555555555555556,0.5561224489795918,0,0.892084942084942,20,1.5,28.562924681494405
51.800000000000466,0.32805857345299955,34.5445206037979,0.5555555555555556,0.5561224489795918,0,0.8921001926782274,20,1.5,28.62985456278467
51.90000000000047,0.32829475673122344,34.5445206037979,0.5555555555555556,0.5561224489795918,0,0.8919230769230769,19,1.5,28.701856772135105
52.00000000000047,0.32923948984411905,34.5445206037979,0.5555555555555556,0.5555555555555556,2,0.8921305182341651,19,1.5,28.77993706633156
52.10000000000047,0.32947567312234294,34.5445206037979,0.5555555555555556,0.56,4,0.8921455938697318,19,1.5,28.863751837003722
52.20000000000047,0.3297118564005668,34.5445206037979,0.5555555555555556,0.56,0,0.8923518164435946,19,1.5,28.952920054416026
52.30000000000047,0.3297118564005668,34.5445206037979,0.5555555555555556,0.56,0,0.892557251908397,19,1.5,29.04365529930734
52.400000000000475,0.33018422295701466,34.5445206037979,0.5555555555555556,0.56,0,0.8923809523809524,20,1.5,29.122698098086047
52.500000000000476,0.33042040623523855,34.5445206037979,0.5555555555555556,0.56,0,0.8925855513307985,20,1.5,29.204312460062308
52.60000000000048,0.33065658951346244,36.656408873390475,0.5555555555555556,0.56,0,0.8924098671726756,20,1.5,29.285994062382933
52.70000000000048,0.33065658951346244,36.656408873390475,0.5555555555555556,0.56,1,0.8922348484848485,20,1.5,29.367327875283824
52.80000000000048,0.33065658951346244,36.656408873390475,0.5555555555555556,0.5594059405940595,2,0.8922495274102079,20,1.5,29.44581573344327
52.90000000000048,0.33065658951346244,36.656408873390475,0.5555555555555556,0.5594059405940595,0,0.8922641509433962,20,1.5,29.52125654255871
53.00000000000048,0.3311289560699103,36.656408873390475,0.5555555555555556,0.5594059405940595,0,0.892467043314501,20,1.5,29.59534073156891
53.100000000000485,0.33160132262635805,36.656408873390475,0.5555555555555556,0.5594059405940595,0,0.8926691729323308,22,1.5,29.6682564471833
53.200000000000486,0.33160132262635805,36.656408873390475,0.5555555555555556,0.5594059405940595,0,0.8926829268292683,22,1.5,29.73990584533577
53.30000000000049,0.33183750590458194,36.656408873390475,0.5555555555555556,0.5594059405940595,0,0.8928838951310861,22,1.5,29.81046971878001
53.40000000000049,0.33183750590458194,36.656408873390475,0.5555555555555556,0.5594059405940595,1,0.8928971962616823,22,1.5,29.88081220442204
53.50000000000049,0.33207368918280583,36.656408873390475,0.5555555555555556,0.5594059405940595,0,0.8927238805970149,22,1.5,29.951750182282122
53.60000000000049,0.33207368918280583,36.656408873390475,0.5555555555555556,0.5594059405940595,0,0.8927374301675978,22,1.5,30.023427524448717
53.70000000000049,0.3323098724610298,36.656408873390475,0.5555555555555556,0.5594059405940595,0,0.8921933085501859,21,1.5,30.096151202964197
53.800000000000495,0.33254605573925367,36.656408873390475,0.5555555555555556,0.5594059405940595,0,0.8922077922077922,21,1.5,30.16994636036594
53.900000000000496,0.33254605573925367,36.656408873390475,0.5555555555555556,0.5594059405940595,0,0.8922222222222222,21,1.5,30.244826780868188
54.0000000000005,0.33254605573925367,36.656408873390475,0.5555555555555556,0.5615763546798029,2,0.8924214417744917,21,1.5,30.321979158410315
54.1000000000005,0.3332546055739254,36.656408873390475,0.5555555555555556,0.5658536585365853,4,0.8924354243542435,21,1.5,30.400598754775455
54.2000000000005,0.3334907888521493,36.656408873390475,0.5555555555555556,0.5658536585365853,0,0.892633517495396,21,1.5,30.481486492673277
54.3000000000005,0.3334907888521493,36.656408873390475,0.5555555555555556,0.5658536585365853,0,0.8928308823529412,21,1.5,30.564673399200498
54.4000000000005,0.33372697213037317,36.656408873390475,0.5555555555555556,0.5658536585365853,0,0.8930275229357798,22,1.5,30.650149599406827
54.500000000000504,0.33372697213037317,36.656408873390475,0.5555555555555556,0.5658536585365853,0,0.8926739926739927,22,1.5,30.737891851589318
54.600000000000506,0.33396315540859706,34.658213890644014,0.5777777777777777,0.5658536585365853,0,0.8926873857404022,22,1.5,30.827863552560114
54.70000000000051,0.33419933868682095,34.658213890644014,0.5777777777777777,0.5658536585365853,1,0.8923357664233577,22,1.5,30.920015150560214
54.80000000000051,0.33419933868682095,34.658213890644014,0.5777777777777777,0.5652173913043478,2,0.8925318761384335,22,1.5,31.012828945894114
54.90000000000051,0.33419933868682095,34.658213890644014,0.5777777777777777,0.5652173913043478,0,0.8923636363636364,22,1.5,31.106018496405554
55.00000000000051,0.33419933868682095,34.658213890644014,0.5777777777777777,0.5652173913043478,0,0.8925589836660617,22,1.5,31.199304393594165
55.10000000000051,0.33419933868682095,34.658213890644014,0.5777777777777777,0.5652173913043478,0,0.8925724637681159,22,1.5,31.29241819752402
55.200000000000514,0.33419933868682095,34.658213890644014,0.5777777777777777,0.5652173913043478,0,0.8927667269439421,22,1.5,31.385106358550654
55.300000000000516,0.3346717052432688,34.658213890644014,0.5777777777777777,0.5652173913043478,0,0.8927797833935018,21,1.5,31.477976393873444
55.40000000000052,0.33490788852149267,34.658213890644014,0.5777777777777777,0.5673076923076923,1,0.892972972972973,21,1.5,31.571331994300945
55.50000000000052,0.33514407179971656,34.658213890644014,0.5777777777777777,0.5673076923076923,0,0.8928057553956834,21,1.5,31.66480013447459
55.60000000000052,0.3353802550779405,34.658213890644014,0.5777777777777777,0.5673076923076923,0,0.892818671454219,20,1.5,31.758190938372213
55.70000000000052,0.3356164383561644,34.658213890644014,0.5777777777777777,0.569377990430622,1,0.892831541218638,20,1.5,31.849050000708043
55.80000000000052,0.3358526216343883,34.658213890644014,0.5777777777777777,0.569377990430622,0,0.8928443649373882,21,1.5,31.937195212014213
55.900000000000524,0.3358526216343883,34.658213890644014,0.5777777777777777,0.569377990430622,0,0.8928571428571429,21,1.5,32.022474241894734
56.000000000000526,0.3358526216343883,34.658213890644014,0.5777777777777777,0.5714285714285714,1,0.8928698752228164,21,1.5,32.105254564693816
56.10000000000053,0.3358526216343883,34.658213890644014,0.5777777777777777,0.5734597156398105,4,0.8928825622775801,21,1.5,32.18467111365169
56.20000000000053,0.33608880491261217,34.658213890644014,0.5777777777777777,0.5734597156398105,0,0.8928952042628775,21,1.5,32.260423529371835
56.30000000000053,0.3363249881908361,34.658213890644014,0.5777777777777777,0.5734597156398105,0,0.8929078014184397,20,1.5,32.33238456332183
56.40000000000053,0.33656117146906,34.658213890644014,0.5777777777777777,0.5734597156398105,0,0.8930973451327434,20,1.5,32.40046203845368
56.50000000000053,0.33656117146906,34.658213890644014,0.5777777777777777,0.5734597156398105,0,0.8931095406360424,20,1.5,32.464599813901685
56.600000000000534,0.3367973547472839,34.96969692061323,0.5777777777777777,0.5734597156398105,0,0.8929453262786596,20,1.5,32.524778640641486
56.700000000000536,0.3367973547472839,34.96969692061323,0.5777777777777777,0.5734597156398105,1,0.8929577464788733,20,1.5,32.58101690307663
56.80000000000054,0.3372697213037317,34.96969692061323,0.5777777777777777,0.5754716981132075,2,0.893145869947276,20,1.5,32.6354322508907
56.90000000000054,0.3377420878601795,34.96969692061323,0.5777777777777777,0.5754716981132075,0,0.8933333333333333,20,1.5,32.68796060044637
57.00000000000054,0.3377420878601795,34.96969692061323,0.5777777777777777,0.5754716981132075,0,0.8933450087565674,20,1.5,32.73875104938017
57.10000000000054,0.3377420878601795,34.96969692061323,0.5777777777777777,0.5754716981132075,0,0.8931818181818182,20,1.5,32.78817605351408
57.20000000000054,0.3379782711384034,34.96969692061323,0.5777777777777777,0.5754716981132075,0,0.893368237347295,21,1.5,32.8362862790341
57.300000000000544,0.33845063769485123,34.96969692061323,0.5777777777777777,0.5754716981132075,0,0.893205574912892,19,1.5,32.88315065622649
57.400000000000546,0.3386868209730751,34.96969692061323,0.5777777777777777,0.5754716981132075,1,0.8932173913043479,19,1.5,32.928856096435695
57.50000000000055,0.3386868209730751,34.96969692061323,0.5777777777777777,0.5754716981132075,0,0.8932291666666666,19,1.5,32.97350699939817
57.60000000000055,0.3386868209730751,34.96969692061323,0.5777777777777777,0.5754716981132075,0,0.8930675909878683,19,1.5,33.01722457821131
57.70000000000055,0.3391591875295229,34.96969692061323,0.5777777777777777,0.5754716981132075,1,0.8927335640138409,18,1.5,33.060146024952275
57.80000000000055,0.3391591875295229,34.96969692061323,0.5777777777777777,0.5754716981132075,0,0.8927461139896373,18,1.5,33.10242353486412
57.90000000000055,0.3393953708077468,34.96969692061323,0.5777777777777777,0.5754716981132075,0,0.8929310344827586,18,1.5,33.14422320224504
58.000000000000554,0.33963155408597073,34.96969692061323,0.5777777777777777,0.5774647887323944,1,0.8929432013769363,18,1.5,33.1860464679028
58.100000000000556,0.33963155408597073,34.96969692061323,0.5777777777777777,0.5833333333333334,4,0.8931271477663231,18,1.5,33.22807871117633
58.20000000000056,0.3401039206424185,34.96969692061323,0.5777777777777777,0.5833333333333334,0,0.8933104631217839,18,1.5,33.27080954146
58.30000000000056,0.3403401039206424,34.96969692061323,0.5777777777777777,0.5833333333333334,0,0.8933219178082191,17,1.5,33.31491665080098
58.40000000000056,0.34057628719886635,34.96969692061323,0.5777777777777777,0.5833333333333334,0,0.8931623931623932,18,1.5,33.35984949187134
58.50000000000056,0.34057628719886635,34.96969692061323,0.5777777777777777,0.5833333333333334,0,0.893344709897611,18,1.5,33.4053381666762
58.60000000000056,0.34057628719886635,34.23954555527749,0.6444444444444445,0.5833333333333334,0,0.8933560477001704,18,1.5,33.45122480656779
58.700000000000564,0.341284837033538,34.23954555527749,0.6444444444444445,0.5806451612903226,1,0.8930272108843538,20,1.5,33.497338056299455
58.800000000000566,0.3415210203117619,34.23954555527749,0.6444444444444445,0.5825688073394495,2,0.8930390492359932,20,1.5,33.545215147536034
58.90000000000057,0.34175720358998585,34.23954555527749,0.6444444444444445,0.5825688073394495,0,0.8930508474576271,20,1.5,33.5953997004978
59.00000000000057,0.34199338686820974,34.23954555527749,0.6444444444444445,0.5825688073394495,0,0.8928934010152284,20,1.5,33.64717190240705
59.10000000000057,0.34199338686820974,34.23954555527749,0.6444444444444445,0.5772727272727273,2,0.8930743243243243,20,1.5,33.70026800122082
59.20000000000057,0.3422295701464336,34.23954555527749,0.6444444444444445,0.5772727272727273,0,0.8929173693086003,21,1.5,33.75509129940231
59.30000000000057,0.34270193670288146,34.23954555527749,0.6444444444444445,0.5772727272727273,0,0.8929292929292929,20,1.5,33.81187666288448
59.400000000000574,0.34317430325932924,34.23954555527749,0.6444444444444445,0.579185520361991,1,0.8929411764705882,20,1.5,33.870020683568676
59.500000000000576,0.34317430325932924,34.23954555527749,0.6444444444444445,0.579185520361991,0,0.8929530201342282,20,1.5,33.93051032802797
59.60000000000058,0.343646669815777,34.23954555527749,0.6444444444444445,0.579185520361991,0,0.892964824120603,20,1.5,33.9938046657956
59.70000000000058,0.343646669815777,34.23954555527749,0.6444444444444445,0.579185520361991,1,0.892809364548495,20,1.5,34.060208775073136
59.80000000000058,0.343646669815777,34.23954555527749,0.6444444444444445,0.579185520361991,0,0.8926544240400668,20,1.5,34.13001988582503
59.90000000000058,0.34388285309400096,34.23954555527749,0.6444444444444445,0.579185520361991,0,0.8926666666666667,20,1.5,34.20350942330901
60.00000000000058,0.34411903637222485,34.23954555527749,0.6444444444444445,0.579185520361991,1,0.8928452579034942,20,1.5,34.280902756402504
60.100000000000584,0.34459140292867263,34.23954555527749,0.6444444444444445,0.581081081081081,3,0.8926910299003322,18,1.5,34.36161096048694
60.200000000000585,0.34506376948512046,34.23954555527749,0.6444444444444445,0.581081081081081,0,0.8928689883913764,19,1.5,34.44568098180714
60.30000000000059,0.34529995276334435,34.23954555527749,0.6444444444444445,0.581081081081081,0,0.8928807947019868,18,1.5,34.533069931870486
60.40000000000059,0.3460085025980161,34.23954555527749,0.6444444444444445,0.581081081081081,0,0.8928925619834711,20,1.5,34.62335247625231
60.50000000000059,0.3460085025980161,34.23954555527749,0.6444444444444445,0.581081081081081,0,0.8930693069306931,20,1.5,34.716585288768684
60.60000000000059,0.34624468587623997,32.85835949316831,0.6444444444444445,0.581081081081081,0,0.8929159802306426,20,1.5,34.81273153054206
60.70000000000059,0.34648086915446386,32.85835949316831,0.6444444444444445,0.57847533632287,1,0.8927631578947368,21,1.5,34.909549810266
60.800000000000594,0.34671705243268774,32.85835949316831,0.6444444444444445,0.57847533632287,1,0.8926108374384236,21,1.5,35.006923656954974
60.900000000000595,0.3469532357109117,32.85835949316831,0.6444444444444445,0.57847533632287,0,0.8926229508196721,21,1.5,35.104736741533145
61.0000000000006,0.3471894189891356,32.85835949316831,0.6444444444444445,0.57847533632287,0,0.8926350245499182,20,1.5,35.20287388758314
61.1000000000006,0.3471894189891356,32.85835949316831,0.6444444444444445,0.5803571428571429,2,0.8926470588235295,20,1.5,35.30122211854849
61.2000000000006,0.34742560226735947,32.85835949316831,0.6444444444444445,0.5803571428571429,0,0.8924959216965742,21,1.5,35.39967173215871
61.3000000000006,0.3483703353802551,32.85835949316831,0.6444444444444445,0.5803571428571429,0,0.8925081433224755,19,1.5,35.498117390374844
61.4000000000006,0.34884270193670286,32.85835949316831,0.6444444444444445,0.5822222222222222,1,0.8926829268292683,20,1.5,35.597334672928476
61.500000000000604,0.3490788852149268,32.85835949316831,0.6444444444444445,0.5822222222222222,0,0.8928571428571429,21,1.5,35.69670144398989
61.600000000000605,0.3493150684931507,32.85835949316831,0.6444444444444445,0.5822222222222222,0,0.8928687196110211,21,1.5,35.79578612288969
61.70000000000061,0.3495512517713746,32.85835949316831,0.6444444444444445,0.5796460176991151,1,0.8928802588996764,20,1.5,35.89611907517692
61.80000000000061,0.34978743504959847,32.85835949316831,0.6444444444444445,0.5796460176991151,0,0.8925686591276252,20,1.5,35.9976951159553
61.90000000000061,0.3500236183278224,32.85835949316831,0.6444444444444445,0.5796460176991151,0,0.8924193548387097,20,1.5,36.100504461396625
62.00000000000061,0.3502598016060463,32.85835949316831,0.6444444444444445,0.5796460176991151,1,0.8925925925925926,19,1.5,36.204533317238685
62.10000000000061,0.3507321681624941,32.85835949316831,0.6444444444444445,0.5833333333333334,3,0.8924437299035369,19,1.5,36.30980999905101
62.200000000000614,0.3514407179971658,32.85835949316831,0.6444444444444445,0.5833333333333334,0,0.8922953451043338,18,1.5,36.41628799218028
62.300000000000615,0.3519130845536136,32.85835949316831,0.6444444444444445,0.5833333333333334,0,0.8924679487179488,17,1.5,36.52382239475858
62.40000000000062,0.3523854511100614,32.85835949316831,0.6444444444444445,0.5833333333333334,0,0.89232,19,1.5,36.631759745976915
62.50000000000062,0.3528578176665092,32.85835949316831,0.6444444444444445,0.5833333333333334,0,0.8924920127795527,18,1.5,36.740089420703484
62.60000000000062,0.3530940009447331,32.350527109282275,0.6,0.5807860262008734,1,0.8925039872408294,18,1.5,36.84817763582952
62.70000000000062,0.3530940009447331,32.350527109282275,0.6,0.5807860262008734,1,0.892515923566879,18,1.5,36.956069744909776
62.80000000000062,0.3535663675011809,32.350527109282275,0.6,0.5826086956521739,1,0.8926868044515104,17,1.5,37.065698908173935
62.900000000000624,0.3535663675011809,32.350527109282275,0.6,0.5826086956521739,0,0.8923809523809524,17,1.5,37.17623978521899
63.000000000000625,0.3538025507794048,32.350527109282275,0.6,0.5826086956521739,0,0.8920760697305864,17,1.5,37.28704838213783
63.10000000000063,0.35427491733585265,32.350527109282275,0.6,0.5844155844155844,1,0.8920886075949367,17,1.5,37.39808540303245
63.20000000000063,0.3547472838923004,32.350527109282275,0.6,0.5844155844155844,0,0.891785150078989,16,1.5,37.509307402594324
63.30000000000063,0.3552196504487482,32.350527109282275,0.6,0.5844155844155844,0,0.8919558359621451,16,1.5,37.620667993234576
63.40000000000063,0.3552196504487482,32.350527109282275,0.6,0.5862068965517241,1,0.8919685039370079,16,1.5,37.73132285857952
63.50000000000063,0.35569201700519604,32.350527109282275,0.6,0.5862068965517241,0,0.8919811320754717,18,1.5,37.84186247330302
63.600000000000634,0.35569201700519604,32.350527109282275,0.6,0.5862068965517241,0,0.8921507064364207,18,1.5,37.95240196045686
63.700000000000635,0.35663675011809165,32.350527109282275,0.6,0.5879828326180258,1,0.8920062695924765,17,1.5,38.0613503674089
63.80000000000064,0.35687293339631554,32.350527109282275,0.6,0.5879828326180258,0,0.892018779342723,16,1.5,38.167549184350555
63.90000000000064,0.35687293339631554,32.350527109282275,0.6,0.5879828326180258,0,0.89203125,16,1.5,38.270877776655645
64.00000000000064,0.35710911667453943,32.350527109282275,0.6,0.5879828326180258,1,0.8917316692667707,17,1.5,38.37124549987681
64.10000000000063,0.35758148323098726,32.350527109282275,0.6,0.5889830508474576,3,0.8919003115264797,18,1.5,38.46993355736491
64.20000000000063,0.35805384978743504,32.350527109282275,0.6,0.5889830508474576,0,0.8919129082426127,17,1.5,38.56664493549174
64.30000000000062,0.35805384978743504,32.350527109282275,0.6,0.5889830508474576,0,0.8919254658385093,17,1.5,38.66110450982267
64.40000000000062,0.35805384978743504,32.350527109282275,0.6,0.5889830508474576,0,0.892093023255814,17,1.5,38.753060790335915
64.50000000000061,0.35876239962210676,32.350527109282275,0.6,0.5907172995780591,1,0.8922600619195047,17,1.5,38.84498030035805
64.6000000000006,0.35923476617855454,32.350527109282275,0.6,0.5907172995780591,1,0.8922720247295208,18,1.5,38.93731971845443
64.7000000000006,0.3597071327350024,32.885073912441726,0.6666666666666666,0.5907172995780591,0,0.8918209876543209,18,1.5,39.02996316996525
64.8000000000006,0.35994331601322627,32.885073912441726,0.6666666666666666,0.592436974789916,1,0.8919876733436055,19,1.5,39.12195541980694
64.90000000000059,0.35994331601322627,32.885073912441726,0.6666666666666666,0.592436974789916,0,0.8921538461538462,19,1.5,39.214210684155915
65.00000000000058,0.35994331601322627,32.885073912441726,0.6666666666666666,0.592436974789916,0,0.8920122887864823,19,1.5,39.30746579674992
65.10000000000058,0.35994331601322627,32.885073912441726,0.6666666666666666,0.592436974789916,1,0.8917177914110429,19,1.5,39.40226268982538
65.20000000000057,0.36017949929145016,32.885073912441726,0.6666666666666666,0.592436974789916,0,0.8917304747320062,18,1.5,39.499957138389306
65.30000000000057,0.3615965989607936,32.885073912441726,0.6666666666666666,0.592436974789916,0,0.8918960244648318,16,1.5,39.600565821338016
65.40000000000056,0.3615965989607936,32.885073912441726,0.6666666666666666,0.592436974789916,1,0.8920610687022901,16,1.5,39.70383800680891
65.50000000000055,0.3620689655172414,32.885073912441726,0.6666666666666666,0.592436974789916,0,0.8922256097560975,16,1.5,39.80957606212931
65.60000000000055,0.36230514879546527,32.885073912441726,0.6666666666666666,0.592436974789916,0,0.8922374429223744,17,1.5,39.91769742128101
65.70000000000054,0.3627775153519131,32.885073912441726,0.6666666666666666,0.592436974789916,1,0.89209726443769,16,1.5,40.02810373891595
65.80000000000054,0.3632498819083609,32.885073912441726,0.6666666666666666,0.5941422594142259,1,0.8921092564491654,16,1.5,40.14018893730894
65.90000000000053,0.3632498819083609,32.885073912441726,0.6666666666666666,0.5941422594142259,0,0.891969696969697,16,1.5,40.253654892225555
66.00000000000053,0.3632498819083609,32.885073912441726,0.6666666666666666,0.5941422594142259,0,0.891981845688351,16,1.5,40.36866432957391
66.10000000000052,0.3634860651865848,32.885073912441726,0.6666666666666666,0.5933609958506224,3,0.8919939577039275,16,1.5,40.48623400717584
66.20000000000051,0.3639584317430326,32.885073912441726,0.6666666666666666,0.5933609958506224,0,0.8921568627450981,16,1.5,40.60590961946706
66.30000000000051,0.3641946150212565,32.885073912441726,0.6666666666666666,0.5933609958506224,0,0.8921686746987951,17,1.5,40.72722751650304
66.4000000000005,0.3646669815777043,32.885073912441726,0.6666666666666666,0.5933609958506224,0,0.8921804511278195,16,1.5,40.849178120198985
66.5000000000005,0.3651393481341521,32.885073912441726,0.6666666666666666,0.5950413223140496,1,0.8920420420420421,17,1.5,40.97194641759602
66.60000000000049,0.36584789796882383,32.885073912441726,0.6666666666666666,0.5950413223140496,1,0.8920539730134932,18,1.5,41.09506629095414
66.70000000000049,0.3660840812470477,32.885073912441726,0.6666666666666666,0.5950413223140496,0,0.892065868263473,18,1.5,41.218076792420675
66.80000000000048,0.3660840812470477,36.54934893292086,0.5777777777777777,0.5967078189300411,1,0.8920777279521674,18,1.5,41.341861411580716
66.90000000000047,0.3663202645252716,36.54934893292086,0.5777777777777777,0.5967078189300411,0,0.8920895522388059,19,1.5,41.465187769268795
67.00000000000047,0.3672649976381672,36.54934893292086,0.5777777777777777,0.5967078189300411,0,0.8921013412816692,18,1.5,41.58709080077925
67.10000000000046,0.3672649976381672,36.54934893292086,0.5777777777777777,0.5983606557377049,1,0.8922619047619048,18,1.5,41.70530168002392
67.20000000000046,0.367737364194615,36.54934893292086,0.5777777777777777,0.5959183673469388,1,0.8921248142644874,18,1.5,41.82024245770193
67.30000000000045,0.36797354747283895,36.54934893292086,0.5777777777777777,0.5959183673469388,0,0.8919881305637982,19,1.5,41.93113079846666
67.40000000000045,0.3686820973075106,36.54934893292086,0.5777777777777777,0.5975609756097561,1,0.8921481481481481,18,1.5,42.038411646516224
67.50000000000044,0.3696268304204062,36.54934893292086,0.5777777777777777,0.5975609756097561,0,0.8921597633136095,18,1.5,42.14253233990033
67.60000000000043,0.37033538025507795,36.54934893292086,0.5777777777777777,0.5975609756097561,0,0.8923190546528803,19,1.5,42.24328209541555
67.70000000000043,0.37033538025507795,36.54934893292086,0.5777777777777777,0.5975609756097561,1,0.8924778761061947,19,1.5,42.340414514628534
67.80000000000042,0.37080774681152573,36.54934893292086,0.5777777777777777,0.5975609756097561,1,0.8921944035346098,19,1.5,42.43371199917815
67.90000000000042,0.37151629664619745,36.54934893292086,0.5777777777777777,0.5975609756097561,0,0.8922058823529412,20,1.5,42.52298710353064
68.00000000000041,0.37151629664619745,36.54934893292086,0.5777777777777777,0.5975609756097561,0,0.8920704845814978,20,1.5,42.60808374886892
68.1000000000004,0.3722248464808692,36.54934893292086,0.5777777777777777,0.5983935742971888,3,0.8922287390029325,17,1.5,42.69389384210666
68.2000000000004,0.3722248464808692,36.54934893292086,0.5777777777777777,0.5983935742971888,0,0.8922401171303075,17,1.5,42.78037240469067
68.3000000000004,0.37269721303731695,36.54934893292086,0.5777777777777777,0.5983935742971888,0,0.8922514619883041,18,1.5,42.86734618339629
68.40000000000039,0.3731695795937648,36.54934893292086,0.5777777777777777,0.5983935742971888,0,0.8921167883211679,18,1.5,42.9544730352755
68.50000000000038,0.3745866792631082,36.54934893292086,0.5777777777777777,0.6,1,0.8922740524781341,18,1.5,43.0414088373889
68.60000000000038,0.37505904581955596,36.54934893292086,0.5777777777777777,0.6,0,0.8921397379912663,18,1.5,43.12781012182576
68.70000000000037,0.37505904581955596,36.54934893292086,0.5777777777777777,0.6,0,0.892296511627907,18,1.5,43.213524209293666
68.80000000000037,0.3755314123760038,36.54934893292086,0.5777777777777777,0.601593625498008,1,0.8923076923076924,18,1.5,43.29876323214464
68.90000000000036,0.37600377893245157,36.91771023859438,0.6222222222222222,0.601593625498008,0,0.8923188405797101,18,1.5,43.38437379321603
69.00000000000036,0.3764761454888994,36.91771023859438,0.6222222222222222,0.601593625498008,0,0.8921852387843705,18,1.5,43.470137059680475
69.10000000000035,0.3767123287671233,36.91771023859438,0.6222222222222222,0.6031746031746031,1,0.8923410404624278,18,1.5,43.556437988494196
69.20000000000034,0.377420878601795,36.91771023859438,0.6222222222222222,0.6023622047244095,2,0.8923520923520923,18,1.5,43.6412328057227
69.30000000000034,0.3778932451582428,36.91771023859438,0.6222222222222222,0.6023622047244095,0,0.8922190201729107,18,1.5,43.72390587693898
69.40000000000033,0.3778932451582428,36.91771023859438,0.6222222222222222,0.6039215686274509,1,0.8923741007194245,18,1.5,43.808006409375764
69.50000000000033,0.3781294284364667,36.91771023859438,0.6222222222222222,0.6039215686274509,0,0.8922413793103449,19,1.5,43.89296641416068
69.60000000000032,0.3786017949929145,36.91771023859438,0.6222222222222222,0.6039215686274509,0,0.8923959827833573,20,1.5,43.97914594256044
69.70000000000032,0.37954652810581013,36.91771023859438,0.6222222222222222,0.6039215686274509,1,0.8925501432664756,20,1.5,44.06639071388053
69.80000000000031,0.3804912612187057,36.91771023859438,0.6222222222222222,0.6039215686274509,0,0.89241773962804,21,1.5,44.15423461364419
69.9000000000003,0.38072744449692963,36.91771023859438,0.6222222222222222,0.6039215686274509,0,0.8922857142857142,20,1.5,44.24221147929206
70.0000000000003,0.3809636277751535,36.91771023859438,0.6222222222222222,0.6039215686274509,0,0.8922967189728959,20,1.5,44.31966783456511
70.10000000000029,0.3809636277751535,36.91771023859438,0.6222222222222222,0.6085271317829457,3,0.8924501424501424,20,1.5,44.391892815253215
70.20000000000029,0.38190836088804914,36.91771023859438,0.6222222222222222,0.6085271317829457,0,0.8923186344238976,20,1.5,44.46356622695157
70.30000000000028,0.38190836088804914,36.91771023859438,0.6222222222222222,0.6085271317829457,0,0.8923295454545455,20,1.5,44.534558608629304
70.40000000000028,0.3826169107227208,36.91771023859438,0.6222222222222222,0.6085271317829457,0,0.8921985815602836,19,1.5,44.60474679174816
70.50000000000027,0.38308927727916864,36.91771023859438,0.6222222222222222,0.6061776061776062,1,0.8922096317280453,20,1.5,44.67593306387818
70.60000000000026,0.3835616438356164,36.91771023859438,0.6222222222222222,0.6061776061776062,0,0.8922206506364923,19,1.5,44.74785941154267
70.70000000000026,0.38427019367028814,36.91771023859438,0.6222222222222222,0.6061776061776062,0,0.892090395480226,19,1.5,44.82026249578658
70.80000000000025,0.384742560226736,36.91771023859438,0.6222222222222222,0.6076923076923076,1,0.8922425952045134,21,1.5,44.89294735881067
70.90000000000025,0.38521492678318375,36.91771023859438,0.6222222222222222,0.6076923076923076,0,0.8923943661971832,20,1.5,44.96651865364983
71.00000000000024,0.38568729333963153,36.45830957641103,0.6,0.6076923076923076,0,0.8919831223628693,20,1.5,45.040541688901676
71.10000000000024,0.38639584317430326,36.45830957641103,0.6,0.6076923076923076,1,0.8921348314606742,20,1.5,45.11294363166336
71.20000000000023,0.38757675956542276,36.45830957641103,0.6,0.6091954022988506,2,0.8921458625525946,21,1.5,45.18141364642484
71.30000000000022,0.3882853094000945,36.45830957641103,0.6,0.6091954022988506,0,0.892296918767507,20,1.5,45.24519045430668
71.40000000000022,0.38875767595654226,36.45830957641103,0.6,0.6106870229007634,1,0.8924475524475525,22,1.5,45.30426622804482
71.50000000000021,0.389466225791214,36.45830957641103,0.6,0.6106870229007634,0,0.8924581005586593,20,1.5,45.35867377962167
71.60000000000021,0.3906471421823335,36.45830957641103,0.6,0.6106870229007634,0,0.892329149232915,19,1.5,45.40848610667443
71.7000000000002,0.3913556920170052,36.45830957641103,0.6,0.6106870229007634,1,0.8922005571030641,21,1.5,45.45376870414378
71.8000000000002,0.3930089749645725,36.45830957641103,0.6,0.6106870229007634,0,0.8920723226703755,24,1.5,45.49438511681837
71.90000000000019,0.3930089749645725,36.45830957641103,0.6,0.6106870229007634,0,0.8920833333333333,24,1.5,45.530500703171064
72.00000000000018,0.3934813415210203,36.45830957641103,0.6,0.6106870229007634,0,0.8918169209431346,24,1.5,45.562320116633884
72.10000000000018,0.394189891355692,36.45830957641103,0.6,0.6113207547169811,3,0.8918282548476454,22,1.5,45.59264899407337
72.20000000000017,0.3946622579121398,36.45830957641103,0.6,0.6113207547169811,0,0.8919778699861688,21,1.5,45.62367197918037
72.30000000000017,0.39560699102503544,36.45830957641103,0.6,0.6113207547169811,0,0.8921270718232044,22,1.5,45.65499283339387
72.40000000000016,0.3963155408597071,36.45830957641103,0.6,0.6113207547169811,0,0.8922758620689655,21,1.5,45.685651736277606
72.50000000000016,0.3963155408597071,36.45830957641103,0.6,0.6090225563909775,1,0.8924242424242425,21,1.5,45.71456579582283
72.60000000000015,0.39773264052905055,36.45830957641103,0.6,0.6090225563909775,0,0.8922971114167813,19,1.5,45.74292703367796
72.70000000000014,0.39820500708549833,36.45830957641103,0.6,0.6090225563909775,0,0.8921703296703297,19,1.5,45.770798687406014
72.80000000000014,0.3996221067548418,36.45830957641103,0.6,0.6090225563909775,1,0.8921810699588477,17,1.5,45.7984687470978
72.90000000000013,0.40009447331128956,36.45830957641103,0.6,0.6090225563909775,0,0.8920547945205479,18,1.5,45.82660068757715
73.00000000000013,0.40103920642418517,36.45830957641103,0.6,0.6090225563909775,0,0.892202462380301,18,1.5,45.855219567516684
73.10000000000012,0.40151157298063295,34.770119597653505,0.6444444444444445,0.6044776119402985,2,0.8919398907103825,18,1.5,45.88737531759115
73.20000000000012,0.40245630609352856,34.770119597653505,0.6444444444444445,0.6059479553903345,1,0.8918144611186903,18,1.5,45.92285648616709
73.30000000000011,0.4029286726499764,34.770119597653505,0.6444444444444445,0.6059479553903345,0,0.8919618528610355,19,1.5,45.96144378304325
73.4000000000001,0.40363722248464806,34.770119597653505,0.6444444444444445,0.6037037037037037,1,0.8921088435374149,19,1.5,46.004831507301795
73.5000000000001,0.4043457723193198,34.770119597653505,0.6444444444444445,0.6037037037037037,0,0.8922554347826087,18,1.5,46.05265782262239
73.6000000000001,0.4052905054322154,34.770119597653505,0.6444444444444445,0.6037037037037037,0,0.8921302578018996,19,1.5,46.10452721852088
73.70000000000009,0.4055266887104393,34.770119597653505,0.6444444444444445,0.6037037037037037,1,0.891869918699187,18,1.5,46.160013496256255
73.80000000000008,0.4067076051015588,34.770119597653505,0.6444444444444445,0.6037037037037037,0,0.8917456021650879,18,1.5,46.21866305095679
73.90000000000008,0.4076523382144544,34.770119597653505,0.6444444444444445,0.6037037037037037,0,0.8917567567567568,18,1.5,46.279902604808285
74.00000000000007,0.40812470477090224,34.770119597653505,0.6444444444444445,0.6037037037037037,0,0.8919028340080971,18,1.5,46.34317453906286
74.10000000000007,0.4083608880491261,34.770119597653505,0.6444444444444445,0.6014760147601476,3,0.8919137466307278,18,1.5,46.41013316242168
74.20000000000006,0.4095418044402456,34.770119597653505,0.6444444444444445,0.6029411764705882,1,0.8919246298788694,16,1.5,46.47943123788063
74.30000000000005,0.41072272083136513,34.770119597653505,0.6444444444444445,0.6029411764705882,0,0.8916666666666667,17,1.5,46.55030467031441
74.40000000000005,0.41190363722248463,34.770119597653505,0.6444444444444445,0.6029411764705882,0,0.8918120805369127,19,1.5,46.62322135602792
74.50000000000004,0.41261218705715635,34.770119597653505,0.6444444444444445,0.6007326007326007,1,0.8918230563002681,19,1.5,46.699402019915446
74.60000000000004,0.4133207368918281,34.770119597653505,0.6444444444444445,0.6007326007326007,0,0.8919678714859438,17,1.5,46.77839170773783
74.70000000000003,0.41473783656117147,34.770119597653505,0.6444444444444445,0.6007326007326007,0,0.8918449197860963,17,1.5,46.85974020000004
74.80000000000003,0.41521020311761925,34.770119597653505,0.6444444444444445,0.5985401459854015,2,0.8917222963951936,17,1.5,46.94297009218853
74.90000000000002,0.4163911195087388,34.770119597653505,0.6444444444444445,0.5985401459854015,0,0.8916,20,1.5,47.02809365934432
75.00000000000001,0.4175720358998583,34.770119597653505,0.6444444444444445,0.6,1,0.8916111850865512,22,1.5,47.115626575834796
75.10000000000001,0.4180444024563061,34.770119597653505,0.6444444444444445,0.6,1,0.8916223404255319,22,1.5,47.20507163090935
75.2,0.4189891355692017,37.5198546683351,0.5777777777777777,0.6,1,0.8916334661354581,23,1.5,47.29587702115516
75.3,0.4199338686820973,37.5198546683351,0.5777777777777777,0.6,0,0.8917771883289125,25,1.5,47.387903111021295
75.39999999999999,0.4220595181861124,37.5198546683351,0.5777777777777777,0.5978260869565217,1,0.8917880794701987,22,1.5,47.48112971825578
75.49999999999999,0.42371280113367976,37.5198546683351,0.5777777777777777,0.5978260869565217,0,0.8917989417989418,20,1.5,47.57521469033707
75.59999999999998,0.42418516769012754,37.5198546683351,0.5777777777777777,0.5978260869565217,0,0.8916776750330251,19,1.5,47.66981340787572
75.69999999999997,0.4246575342465753,37.5198546683351,0.5777777777777777,0.5978260869565217,0,0.89155672823219,20,1.5,47.764581250801854
75.79999999999997,0.42560226735947093,37.5198546683351,0.5777777777777777,0.5978260869565217,0,0.8915678524374177,19,1.5,47.85942360762206
75.89999999999996,0.42631081719414265,37.5198546683351,0.5777777777777777,0.5978260869565217,0,0.891578947368421,20,1.5,47.95384330876257
75.99999999999996,0.4270193670288144,37.5198546683351,0.5777777777777777,0.5978260869565217,0,0.8917214191852825,22,1.5,48.04773050775371
76.09999999999995,0.4282002834199339,37.5198546683351,0.5777777777777777,0.5971223021582733,2,0.8917322834645669,23,1.5,48.143029520104456
76.19999999999995,0.42985356636750116,37.5198546683351,0.5777777777777777,0.5985663082437276,1,0.8916120576671035,22,1.5,48.239729227874996
76.29999999999994,0.4307982994803968,37.5198546683351,0.5777777777777777,0.5985663082437276,0,0.8916230366492146,22,1.5,48.33679072850089
76.39999999999993,0.43103448275862066,37.5198546683351,0.5777777777777777,0.5985663082437276,0,0.8917647058823529,21,1.5,48.43293765989528
76.49999999999993,0.43316013226263583,37.5198546683351,0.5777777777777777,0.5964285714285714,1,0.8919060052219321,24,1.5,48.528624607919944
76.59999999999992,0.43434104865375533,37.5198546683351,0.5777777777777777,0.5964285714285714,0,0.8917861799217731,24,1.5,48.62362142855851
76.69999999999992,0.4348134152102031,37.5198546683351,0.5777777777777777,0.5964285714285714,0,0.8915364583333333,24,1.5,48.71770662975144
76.79999999999991,0.4362305148795465,37.5198546683351,0.5777777777777777,0.5964285714285714,2,0.8916775032509753,25,1.5,48.810669031442174
76.8999999999999,0.43693906471421823,37.5198546683351,0.5777777777777777,0.5964285714285714,0,0.8914285714285715,26,1.5,48.90230939391169
76.9999999999999,0.43764761454888995,37.5198546683351,0.5777777777777777,0.597864768683274,1,0.8914396887159534,26,1.5,48.99315425625206
77.0999999999999,0.43788379782711384,37.5198546683351,0.5777777777777777,0.597864768683274,1,0.891580310880829,26,1.5,49.08268389280358
77.19999999999989,0.43906471421823334,37.5198546683351,0.5777777777777777,0.597864768683274,1,0.8914618369987063,24,1.5,49.1703746928688
77.29999999999988,0.44024563060935284,38.42025365283021,0.4444444444444444,0.5957446808510638,1,0.8916020671834626,24,1.5,49.256131900638856
77.39999999999988,0.44095418044402457,38.42025365283021,0.4444444444444444,0.5957446808510638,1,0.8916129032258064,24,1.5,49.34026952777429
77.49999999999987,0.4418989135569202,38.42025365283021,0.4444444444444444,0.5957446808510638,0,0.8916237113402062,26,1.5,49.42336181432374
77.59999999999987,0.44331601322626357,38.42025365283021,0.4444444444444444,0.5957446808510638,0,0.8915057915057915,26,1.5,49.50613485774176
77.69999999999986,0.4442607463391592,38.42025365283021,0.4444444444444444,0.5957446808510638,0,0.8913881748071979,26,1.5,49.58927673679781
77.79999999999986,0.4454416627302787,38.42025365283021,0.4444444444444444,0.5936395759717314,1,0.8911424903722721,27,1.5,49.672174136801225
77.89999999999985,0.4463863958431743,38.42025365283021,0.4444444444444444,0.5950704225352113,1,0.8912820512820513,26,1.5,49.75604516871956
77.99999999999984,0.44685876239962213,38.42025365283021,0.4444444444444444,0.5909090909090909,2,0.8912932138284251,27,1.5,49.8414485941328
78.09999999999984,0.447094945677846,38.42025365283021,0.4444444444444444,0.5868055555555556,2,0.8911764705882353,27,1.5,49.92582217883283
78.19999999999983,0.4478034955125177,38.42025365283021,0.4444444444444444,0.5882352941176471,1,0.8913154533844189,25,1.5,50.00816342248956
78.29999999999983,0.449456778460085,38.42025365283021,0.4444444444444444,0.5882352941176471,0,0.8913265306122449,25,1.5,50.08873410014836
78.39999999999982,0.45063769485120453,38.42025365283021,0.4444444444444444,0.5862068965517241,1,0.8913375796178344,23,1.5,50.16782616699469
78.49999999999982,0.45158242796410014,38.42025365283021,0.4444444444444444,0.5862068965517241,0,0.8913486005089059,23,1.5,50.245117552311584
78.59999999999981,0.45299952763344353,38.42025365283021,0.4444444444444444,0.5862068965517241,0,0.8914866581956798,23,1.5,50.320305920350805
78.6999999999998,0.45394426074633915,38.42025365283021,0.4444444444444444,0.5862068965517241,0,0.8916243654822334,25,1.5,50.393104170670895
78.7999999999998,0.454416627302787,38.42025365283021,0.4444444444444444,0.584192439862543,1,0.891381495564005,26,1.5,50.462620201409855
78.89999999999979,0.45488899385923476,38.42025365283021,0.4444444444444444,0.584192439862543,0,0.8915189873417722,26,1.5,50.52939435037101
78.99999999999979,0.45606991025035426,38.42025365283021,0.4444444444444444,0.5856164383561644,1,0.8912768647281921,25,1.5,50.59260918493864
79.09999999999978,0.45725082664147376,38.42025365283021,0.4444444444444444,0.5856164383561644,0,0.8912878787878787,27,1.5,50.65161386401415
79.19999999999978,0.4579593764761455,38.42025365283021,0.4444444444444444,0.5870307167235495,1,0.8914249684741488,26,1.5,50.706577363272885
79.29999999999977,0.4589041095890411,38.42025365283021,0.4444444444444444,0.5870307167235495,1,0.8913098236775818,25,1.5,50.75721162526488
79.39999999999976,0.4596126594237128,38.84001036629687,0.4222222222222222,0.5870307167235495,0,0.8913207547169811,26,1.5,50.8035126126196
79.49999999999976,0.4603212092583845,38.84001036629687,0.4222222222222222,0.5870307167235495,0,0.8914572864321608,25,1.5,50.84551080981187
79.59999999999975,0.46173830892772794,38.84001036629687,0.4222222222222222,0.5870307167235495,0,0.8912170639899624,27,1.5,50.883216482691125
79.69999999999975,0.46291922531884744,38.84001036629687,0.4222222222222222,0.5870307167235495,0,0.8911027568922306,26,1.5,50.916725123394045
79.79999999999974,0.46433632498819083,38.84001036629687,0.4222222222222222,0.5870307167235495,0,0.8911138923654568,28,1.5,50.94616860618788
79.89999999999974,0.46504487482286255,38.84001036629687,0.4222222222222222,0.5850340136054422,1,0.891,28,1.5,50.97223977304157
79.99999999999973,0.4657534246575342,38.84001036629687,0.4222222222222222,0.5830508474576271,2,0.8910112359550562,27,1.5,50.99467291674259
80.09999999999972,0.4657534246575342,38.84001036629687,0.4222222222222222,0.5791245791245792,2,0.8910224438902743,27,1.5,51.013323993383324
80.19999999999972,0.4669343410486538,38.84001036629687,0.4222222222222222,0.5805369127516778,1,0.8911581569115816,26,1.5,51.03090628358087
80.29999999999971,0.46740670760510156,38.84001036629687,0.4222222222222222,0.5805369127516778,0,0.8911691542288557,26,1.5,51.04759017936631
80.39999999999971,0.4681152574397733,38.84001036629687,0.4222222222222222,0.5805369127516778,1,0.8910559006211181,24,1.5,51.06342825336113
80.4999999999997,0.4692961738308928,38.84001036629687,0.4222222222222222,0.5785953177257525,1,0.8911910669975186,23,1.5,51.076688929423526
80.5999999999997,0.46976854038734056,38.84001036629687,0.4222222222222222,0.5785953177257525,0,0.8912019826517967,23,1.5,51.087684331852486
80.69999999999969,0.4704770902220123,38.84001036629687,0.4222222222222222,0.5785953177257525,0,0.8912128712871287,22,1.5,51.09674611031314
80.79999999999968,0.4721303731695796,38.84001036629687,0.4222222222222222,0.5785953177257525,0,0.8911001236093943,24,1.5,51.104222923599174
80.89999999999968,0.4728389230042513,38.84001036629687,0.4222222222222222,0.5785953177257525,0,0.8911111111111111,21,1.5,51.11047782144681
80.99999999999967,0.4733112895606991,38.84001036629687,0.4222222222222222,0.58,1,0.891245376078915,21,1.5,51.11638617920748
81.09999999999967,0.473547472838923,38.84001036629687,0.4222222222222222,0.58,0,0.891256157635468,21,1.5,51.12321291207409
81.19999999999966,0.4749645725082664,38.84001036629687,0.4222222222222222,0.5780730897009967,1,0.8908979089790898,20,1.5,51.13111489885992
81.29999999999966,0.47543693906471424,38.84001036629687,0.4222222222222222,0.5794701986754967,1,0.891031941031941,20,1.5,51.14047867184519
81.39999999999965,0.47638167217760985,38.84001036629687,0.4222222222222222,0.5794701986754967,0,0.8910429447852761,23,1.5,51.15132622759201
81.49999999999964,0.47661785545583374,39.676290862892955,0.37777777777777777,0.5794701986754967,0,0.8911764705882353,24,1.5,51.16357287240597
81.59999999999964,0.4770902220122815,39.676290862892955,0.37777777777777777,0.5775577557755776,1,0.8913096695226438,25,1.5,51.17712735239648
81.69999999999963,0.47779877184695324,39.676290862892955,0.37777777777777777,0.5775577557755776,0,0.891320293398533,25,1.5,51.191892543262284
81.79999999999963,0.47874350495984885,39.676290862892955,0.37777777777777777,0.5775577557755776,0,0.8913308913308914,23,1.5,51.207766021159514
81.89999999999962,0.47874350495984885,39.676290862892955,0.37777777777777777,0.5775577557755776,1,0.891219512195122,23,1.5,51.22464049409693
81.99999999999962,0.4794520547945205,39.676290862892955,0.37777777777777777,0.5789473684210527,2,0.8909866017052375,23,1.5,51.242404089848556
82.09999999999961,0.47992442135096836,39.676290862892955,0.37777777777777777,0.580327868852459,1,0.8911192214111923,25,1.5,51.26094051800326
82.1999999999996,0.4806329711856401,39.676290862892955,0.37777777777777777,0.5816993464052288,1,0.8910085054678007,23,1.5,51.278701041648674
82.2999999999996,0.48086915446386397,39.676290862892955,0.37777777777777777,0.5816993464052288,0,0.8910194174757281,23,1.5,51.29561088077049
82.3999999999996,0.48086915446386397,39.676290862892955,0.37777777777777777,0.5816993464052288,0,0.8910303030303031,23,1.5,51.31184841245416
82.49999999999959,0.48110533774208786,39.676290862892955,0.37777777777777777,0.5816993464052288,1,0.8910411622276029,24,1.5,51.32734970233777
82.59999999999958,0.48157770429853564,39.676290862892955,0.37777777777777777,0.5816993464052288,0,0.8910519951632406,24,1.5,51.342057316192616
82.69999999999958,0.48252243741143125,39.676290862892955,0.37777777777777777,0.5816993464052288,0,0.8910628019323672,24,1.5,51.35439903362212
82.79999999999957,0.4827586206896552,39.676290862892955,0.37777777777777777,0.5816993464052288,0,0.8911942098914355,24,1.5,51.36414267919418
82.89999999999957,0.4829948039678791,39.676290862892955,0.37777777777777777,0.5816993464052288,0,0.8910843373493976,25,1.5,51.37108670648675
82.99999999999956,0.4829948039678791,39.676290862892955,0.37777777777777777,0.5830618892508144,1,0.8910950661853189,25,1.5,51.37696888671533
83.09999999999955,0.48346717052432686,39.676290862892955,0.37777777777777777,0.5830618892508144,0,0.8909855769230769,24,1.5,51.38218585056158
83.19999999999955,0.48464808691544636,39.676290862892955,0.37777777777777777,0.5825242718446602,2,0.8908763505402161,23,1.5,51.38710407400274
83.29999999999954,0.4848842701936703,39.676290862892955,0.37777777777777777,0.5806451612903226,2,0.890767386091127,23,1.5,51.394867837089016
83.39999999999954,0.4853566367501181,39.676290862892955,0.37777777777777777,0.5806451612903226,0,0.8907784431137724,23,1.5,51.405237323801316
83.49999999999953,0.4860651865847898,39.676290862892955,0.37777777777777777,0.5819935691318328,1,0.8907894736842106,25,1.5,51.41817112595075
83.59999999999953,0.4863013698630137,39.742410456741645,0.5111111111111111,0.5833333333333334,1,0.8909199522102748,25,1.5,51.433296105264155
83.69999999999952,0.4863013698630137,39.742410456741645,0.5111111111111111,0.5833333333333334,0,0.8909307875894988,25,1.5,51.45022844009646
83.79999999999951,0.4863013698630137,39.742410456741645,0.5111111111111111,0.5833333333333334,0,0.8909415971394518,25,1.5,51.46857730618604
83.89999999999951,0.4870099196976854,39.742410456741645,0.5111111111111111,0.5833333333333334,0,0.8908333333333334,24,1.5,51.48794845192247
83.9999999999995,0.4874822862541332,39.742410456741645,0.5111111111111111,0.5833333333333334,1,0.8909631391200952,25,1.5,51.50794762364551
84.0999999999995,0.4884270193670288,39.742410456741645,0.5111111111111111,0.5846645367412141,1,0.8909738717339667,24,1.5,51.52795633351484
84.19999999999949,0.4884270193670288,39.742410456741645,0.5111111111111111,0.5859872611464968,1,0.8911032028469751,24,1.5,51.54826245673223
84.29999999999949,0.4888993859234766,39.742410456741645,0.5111111111111111,0.5859872611464968,0,0.8909952606635071,25,1.5,51.56857415613032
84.39999999999948,0.4888993859234766,39.742410456741645,0.5111111111111111,0.5859872611464968,0,0.890887573964497,25,1.5,51.58860568665349
84.49999999999947,0.48913556920170054,39.742410456741645,0.5111111111111111,0.5859872611464968,0,0.8907801418439716,24,1.5,51.60807978892267
84.59999999999947,0.49008030231459615,39.742410456741645,0.5111111111111111,0.5859872611464968,0,0.8909090909090909,23,1.5,51.62672984181749
84.69999999999946,0.49031648559282004,39.742410456741645,0.5111111111111111,0.5859872611464968,0,0.8909198113207547,23,1.5,51.64430176342326
84.79999999999946,0.4907888521492678,39.742410456741645,0.5111111111111111,0.5859872611464968,0,0.8908127208480565,24,1.5,51.660555661044455
84.89999999999945,0.4907888521492678,39.742410456741645,0.5111111111111111,0.5873015873015873,1,0.8909411764705882,24,1.5,51.67685604245358
84.99999999999945,0.49149740198393954,39.742410456741645,0.5111111111111111,0.5854430379746836,1,0.891069330199765,25,1.5,51.69309654577182
85.09999999999944,0.4919697685403873,39.742410456741645,0.5111111111111111,0.5854430379746836,0,0.890962441314554,26,1.5,51.70842540853385
85.19999999999943,0.49220595181861126,39.742410456741645,0.5111111111111111,0.5849056603773585,2,0.8908558030480657,25,1.5,51.72164049379571
85.29999999999943,0.4931506849315068,39.742410456741645,0.5111111111111111,0.5849056603773585,2,0.890632318501171,25,1.5,51.732612495471635
85.39999999999942,0.49362305148795466,39.742410456741645,0.5111111111111111,0.5849056603773585,0,0.8907602339181286,24,1.5,51.741962375803126
85.49999999999942,0.49409541804440243,39.742410456741645,0.5111111111111111,0.5830721003134797,1,0.8907710280373832,24,1.5,51.74867212430878
85.59999999999941,0.4943316013226264,39.742410456741645,0.5111111111111111,0.58125,2,0.8908984830805134,25,1.5,51.75453915932542
85.6999999999994,0.49504015115729805,39.654982809152116,0.4888888888888889,0.58125,0,0.8906759906759907,24,1.5,51.759442190354555
85.7999999999994,0.49598488427019366,39.654982809152116,0.4888888888888889,0.58125,0,0.8906868451688009,25,1.5,51.76342682194117
85.8999999999994,0.4964572508266415,39.654982809152116,0.4888888888888889,0.58125,0,0.8908139534883721,24,1.5,51.76818725402176
85.99999999999939,0.49716580066131316,39.654982809152116,0.4888888888888889,0.58125,0,0.8908246225319396,24,1.5,51.77350819823179
86.09999999999938,0.4978743504959849,39.654982809152116,0.4888888888888889,0.5825545171339563,1,0.8908352668213457,25,1.5,51.779169266156586
86.19999999999938,0.4981105337742088,39.654982809152116,0.4888888888888889,0.5838509316770186,1,0.8909617612977984,26,1.5,51.78698736572778
86.29999999999937,0.4988190836088805,39.654982809152116,0.4888888888888889,0.5838509316770186,0,0.8907407407407407,25,1.5,51.79743663011425
86.39999999999937,0.4992914501653283,39.654982809152116,0.4888888888888889,0.5838509316770186,0,0.890635838150289,25,1.5,51.81030534887737
86.49999999999936,0.4995276334435522,39.654982809152116,0.4888888888888889,0.5838509316770186,0,0.8906466512702078,24,1.5,51.825361645892976
86.59999999999935,0.5,39.654982809152116,0.4888888888888889,0.5838509316770186,0,0.8907727797001154,25,1.5,51.84235480060019
86.69999999999935,0.5007085498346717,39.654982809152116,0.4888888888888889,0.5838509316770186,0,0.8908986175115208,25,1.5,51.85424741305388
86.79999999999934,0.5016532829475673,39.654982809152116,0.4888888888888889,0.5838509316770186,0,0.8906789413118527,25,1.5,51.86486607906595
86.89999999999934,0.502361832782239,39.654982809152116,0.4888888888888889,0.5838509316770186,0,0.8908045977011494,25,1.5,51.87455244054809
86.99999999999933,0.5030703826169107,39.654982809152116,0.4888888888888889,0.5838509316770186,1,0.8909299655568312,26,1.5,51.88305243639694
87.09999999999933,0.5040151157298063,39.654982809152116,0.4888888888888889,0.5820433436532507,1,0.890940366972477,26,1.5,51.89018128801086
87.19999999999932,0.5044874822862542,39.654982809152116,0.4888888888888889,0.5784615384615385,3,0.89106529209622,26,1.5,51.89429840562312
87.29999999999932,0.5054322153991497,39.654982809152116,0.4888888888888889,0.5784615384615385,1,0.8909610983981693,28,1.5,51.89673311750164
87.39999999999931,0.5056683986773737,39.654982809152116,0.4888888888888889,0.5784615384615385,0,0.8907428571428572,27,1.5,51.89878750407004
87.4999999999993,0.5063769485120454,39.654982809152116,0.4888888888888889,0.5784615384615385,0,0.8907534246575343,27,1.5,51.901015448688305
87.5999999999993,0.5068493150684932,39.654982809152116,0.4888888888888889,0.5749235474006116,2,0.8908779931584949,29,1.5,51.90519337767237
87.69999999999929,0.5068493150684932,39.654982809152116,0.4888888888888889,0.5749235474006116,0,0.8910022779043281,29,1.5,51.91128686084281
87.79999999999929,0.507085498346717,36.212203795897516,0.4888888888888889,0.5749235474006116,0,0.8907849829351536,29,1.5,51.917541562436654
87.89999999999928,0.5077940481813887,36.212203795897516,0.4888888888888889,0.5749235474006116,0,0.8907954545454545,28,1.5,51.92371414018053
87.99999999999928,0.5082664147378365,36.212203795897516,0.4888888888888889,0.5749235474006116,0,0.8909194097616345,28,1.5,51.92967810419841
88.09999999999927,0.5092111478507322,36.212203795897516,0.4888888888888889,0.5749235474006116,1,0.8910430839002268,28,1.5,51.93540143515422
88.19999999999926,0.5101558809636277,36.212203795897516,0.4888888888888889,0.5749235474006116,1,0.891053227633069,27,1.5,51.94182026200142
88.29999999999926,0.5106282475200756,36.212203795897516,0.4888888888888889,0.5749235474006116,0,0.8911764705882353,27,1.5,51.94807925355864
88.39999999999925,0.5108644307982995,36.212203795897516,0.4888888888888889,0.5749235474006116,0,0.8910734463276836,28,1.5,51.953653209099066
88.49999999999925,0.5113367973547472,36.212203795897516,0.4888888888888889,0.5749235474006116,0,0.8910835214446953,29,1.5,51.95772919188153
88.59999999999924,0.5115729806329712,36.212203795897516,0.4888888888888889,0.5749235474006116,0,0.8910935738444193,29,1.5,51.96037125561411
88.69999999999924,0.5122815304676429,36.212203795897516,0.4888888888888889,0.5749235474006116,0,0.8912162162162162,28,1.5,51.96289482303378
88.79999999999923,0.5122815304676429,36.212203795897516,0.4888888888888889,0.5749235474006116,0,0.8911136107986501,28,1.5,51.96520568420096
88.89999999999922,0.5132262635805385,36.212203795897516,0.4888888888888889,0.5749235474006116,0,0.8908988764044944,27,1.5,51.96813167933171
88.99999999999922,0.5134624468587624,36.212203795897516,0.4888888888888889,0.5749235474006116,1,0.8909090909090909,27,1.5,51.97168274667787
89.09999999999921,0.5141709966934341,36.212203795897516,0.4888888888888889,0.5749235474006116,1,0.8910313901345291,28,1.5,51.97586908292988
89.1999999999992,0.5146433632498819,36.212203795897516,0.4888888888888889,0.574468085106383,3,0.890929451287794,28,1.5,51.97807588474065
89.2999999999992,0.5148795465281059,36.212203795897516,0.4888888888888889,0.574468085106383,1,0.8909395973154363,28,1.5,51.978685622294954
89.3999999999992,0.5155880963627775,36.212203795897516,0.4888888888888889,0.574468085106383,0,0.890949720670391,27,1.5,51.97825406855555
89.49999999999919,0.5155880963627775,36.212203795897516,0.4888888888888889,0.574468085106383,0,0.8908482142857143,27,1.5,51.97682840245903
89.59999999999918,0.5160604629192254,36.212203795897516,0.4888888888888889,0.5770392749244713,2,0.8909698996655518,28,1.5,51.97078206845132
89.69999999999918,0.5165328294756731,36.212203795897516,0.4888888888888889,0.5770392749244713,0,0.8910913140311804,28,1.5,51.96009836187149
89.79999999999917,0.516769012753897,36.212203795897516,0.4888888888888889,0.5753012048192772,1,0.8911012235817575,29,1.5,51.94462607907783
89.89999999999917,0.5170051960321209,37.886945176511,0.5111111111111111,0.5753012048192772,0,0.8912222222222222,28,1.5,51.92459282126418
89.99999999999916,0.5177137458667926,37.886945176511,0.5111111111111111,0.5753012048192772,0,0.8912319644839067,29,1.5,51.90140221012059
90.09999999999916,0.5179499291450166,37.886945176511,0.5111111111111111,0.5765765765765766,1,0.8912416851441242,28,1.5,51.87558381254121
90.19999999999915,0.5184222957014644,37.886945176511,0.5111111111111111,0.5765765765765766,1,0.8913621262458472,28,1.5,51.84722148011619
90.29999999999914,0.5188946622579121,37.886945176511,0.5111111111111111,0.5765765765765766,0,0.8912610619469027,28,1.5,51.816419654383644
90.39999999999914,0.5196032120925839,37.886945176511,0.5111111111111111,0.5765765765765766,0,0.8908287292817679,28,1.5,51.78330295994541
90.49999999999913,0.5200755786490316,37.886945176511,0.5111111111111111,0.5765765765765766,0,0.8908388520971302,28,1.5,51.748015675022216
90.59999999999913,0.5203117619272556,37.886945176511,0.5111111111111111,0.5765765765765766,0,0.8909592061742007,29,1.5,51.71249590340449
90.69999999999912,0.5207841284837034,37.886945176511,0.5111111111111111,0.5765765765765766,0,0.891079295154185,28,1.5,51.677196861355476
90.79999999999912,0.5210203117619272,37.886945176511,0.5111111111111111,0.5765765765765766,0,0.8910891089108911,29,1.5,51.642483758725305
90.89999999999911,0.5212564950401511,37.886945176511,0.5111111111111111,0.5765765765765766,0,0.8912087912087913,28,1.5,51.608341742753936
90.9999999999991,0.5219650448748229,37.886945176511,0.5111111111111111,0.5765765765765766,1,0.8911086717892426,29,1.5,51.574754810791376
91.0999999999991,0.5231459612659424,37.886945176511,0.5111111111111111,0.5748502994011976,1,0.8911184210526316,30,1.5,51.53962763957794
91.1999999999991,0.5236183278223902,37.886945176511,0.5111111111111111,0.5744047619047619,2,0.8910186199342826,30,1.5,51.50283790725844
91.29999999999909,0.5243268776570619,37.886945176511,0.5111111111111111,0.5756676557863502,1,0.8910284463894967,29,1.5,51.461462221698405
91.39999999999908,0.5243268776570619,37.886945176511,0.5111111111111111,0.5756676557863502,0,0.8909289617486339,29,1.5,51.41565112940148
91.49999999999908,0.5247992442135097,37.886945176511,0.5111111111111111,0.5756676557863502,0,0.8908296943231441,29,1.5,51.36559253766369
91.59999999999907,0.5247992442135097,37.886945176511,0.5111111111111111,0.5781710914454278,2,0.8909487459105779,29,1.5,51.30777932723542
91.69999999999906,0.5247992442135097,37.886945176511,0.5111111111111111,0.5794117647058824,1,0.8910675381263616,29,1.5,51.24204353429574
91.79999999999906,0.5252716107699575,37.886945176511,0.5111111111111111,0.5794117647058824,0,0.8910772578890098,28,1.5,51.16923648932793
91.89999999999905,0.5262163438828531,37.886945176511,0.5111111111111111,0.5794117647058824,0,0.891195652173913,28,1.5,51.089856169270156
91.99999999999905,0.5266887104393009,37.43648069717941,0.5333333333333333,0.5794117647058824,0,0.891313789359392,27,1.5,51.00445620522977
92.09999999999904,0.5269248937175248,37.43648069717941,0.5333333333333333,0.5806451612903226,1,0.8913232104121475,28,1.5,50.91419349093764
92.19999999999904,0.5271610769957487,37.43648069717941,0.5333333333333333,0.5806451612903226,1,0.8914409534127844,28,1.5,50.837052170266915
92.29999999999903,0.5273972602739726,37.43648069717941,0.5333333333333333,0.5806451612903226,0,0.8913419913419913,29,1.5,50.75610315478092
92.39999999999903,0.5273972602739726,37.43648069717941,0.5333333333333333,0.5806451612903226,0,0.8911351351351351,29,1.5,50.67288810375928
92.49999999999902,0.5273972602739726,37.43648069717941,0.5333333333333333,0.5806451612903226,0,0.891036717062635,29,1.5,50.588042842863096
92.59999999999901,0.5278696268304204,37.43648069717941,0.5333333333333333,0.5806451612903226,0,0.8911542610571737,28,1.5,50.50222726420768
92.69999999999901,0.5281058101086443,37.43648069717941,0.5333333333333333,0.5806451612903226,0,0.891271551724138,28,1.5,50.416121353658696
92.799999999999,0.5285781766650921,37.43648069717941,0.5333333333333333,0.5806451612903226,0,0.8913885898815931,28,1.5,50.330420661998374
92.899999999999,0.5295229097779878,37.43648069717941,0.5333333333333333,0.5806451612903226,0,0.891505376344086,28,1.5,50.245831046680735
92.99999999999899,0.5295229097779878,37.43648069717941,0.5333333333333333,0.5806451612903226,1,0.8914070891514501,28,1.5,50.16306254004302
93.09999999999899,0.5295229097779878,37.43648069717941,0.5333333333333333,0.5789473684210527,1,0.8915236051502146,28,1.5,50.083402728451134
93.19999999999898,0.5302314596126594,37.43648069717941,0.5333333333333333,0.5801749271137027,2,0.8914255091103965,27,1.5,50.00692326192506
93.29999999999897,0.5307038261691073,37.43648069717941,0.5333333333333333,0.5801749271137027,1,0.8915417558886509,27,1.5,49.9290748315238
93.39999999999897,0.5309400094473311,37.43648069717941,0.5333333333333333,0.5801749271137027,0,0.8915508021390375,27,1.5,49.84361440100718
93.49999999999896,0.531176192725555,37.43648069717941,0.5333333333333333,0.5801749271137027,0,0.8914529914529915,28,1.5,49.76252568007914
93.59999999999896,0.531176192725555,37.43648069717941,0.5333333333333333,0.5813953488372093,2,0.8914621131270011,28,1.5,49.68525417438157
93.69999999999895,0.5314123760037789,37.43648069717941,0.5333333333333333,0.5813953488372093,1,0.89136460554371,27,1.5,49.61206253146814
93.79999999999895,0.5318847425602268,37.43648069717941,0.5333333333333333,0.5813953488372093,0,0.8914802981895633,27,1.5,49.54315572037017
93.89999999999894,0.5321209258384506,37.43648069717941,0.5333333333333333,0.5813953488372093,0,0.891595744680851,28,1.5,49.478677624553235
93.99999999999893,0.5325932923948984,37.43648069717941,0.5333333333333333,0.5813953488372093,0,0.8917109458023379,27,1.5,49.417849103305144
94.09999999999893,0.5328294756731223,34.52351616335998,0.5555555555555556,0.5813953488372093,1,0.8918259023354564,27,1.5,49.35978939486739
94.19999999999892,0.5333018422295701,34.52351616335998,0.5555555555555556,0.5813953488372093,1,0.891728525980912,28,1.5,49.305016190413646
94.29999999999892,0.5333018422295701,34.52351616335998,0.5555555555555556,0.5813953488372093,0,0.891843220338983,28,1.5,49.25338474342894
94.39999999999891,0.533774208786018,34.52351616335998,0.5555555555555556,0.5813953488372093,0,0.8918518518518519,27,1.5,49.20454007685081
94.4999999999989,0.533774208786018,34.52351616335998,0.5555555555555556,0.5813953488372093,0,0.891860465116279,27,1.5,49.157704912349445
94.5999999999989,0.5340103920642418,34.52351616335998,0.5555555555555556,0.5813953488372093,0,0.8917634635691658,27,1.5,49.11286454524811
94.6999999999989,0.5342465753424658,34.52351616335998,0.5555555555555556,0.5813953488372093,0,0.8917721518987342,25,1.5,49.069985748689255
94.79999999999889,0.5344827586206896,34.52351616335998,0.5555555555555556,0.5797101449275363,1,0.8917808219178082,25,1.5,49.03092173604265
94.89999999999888,0.5351913084553613,34.52351616335998,0.5555555555555556,0.5797101449275363,0,0.8918947368421053,27,1.5,48.99565731521946
94.99999999999888,0.5354274917335853,34.52351616335998,0.5555555555555556,0.5797101449275363,1,0.8920084121976867,27,1.5,48.96414490310113
95.09999999999887,0.5358998582900331,34.52351616335998,0.5555555555555556,0.5809248554913294,1,0.8921218487394958,27,1.5,48.936305216439905
95.19999999999887,0.5363722248464808,34.52351616335998,0.5555555555555556,0.5775862068965517,2,0.8920251836306401,28,1.5,48.91032480564572
95.29999999999886,0.5363722248464808,34.52351616335998,0.5555555555555556,0.5787965616045845,1,0.8920335429769392,28,1.5,48.886329647185875
95.39999999999885,0.5366084081247048,34.52351616335998,0.5555555555555556,0.5787965616045845,0,0.8921465968586387,28,1.5,48.86422756962972
95.49999999999885,0.5368445914029287,34.52351616335998,0.5555555555555556,0.5787965616045845,0,0.8921548117154812,28,1.5,48.84368062106604
95.59999999999884,0.5373169579593765,34.52351616335998,0.5555555555555556,0.5787965616045845,1,0.8920585161964473,28,1.5,48.82433946532918
95.69999999999884,0.5373169579593765,34.52351616335998,0.5555555555555556,0.58,1,0.8920668058455115,28,1.5,48.80501597080312
95.79999999999883,0.5380255077940482,34.52351616335998,0.5555555555555556,0.58,0,0.892075078206465,27,1.5,48.78553691984069
95.89999999999883,0.5380255077940482,34.52351616335998,0.5555555555555556,0.58,0,0.8919791666666667,27,1.5,48.7657355384037
95.99999999999882,0.5387340576287198,34.52351616335998,0.5555555555555556,0.58,0,0.8920915712799168,26,1.5,48.74545394821603
96.09999999999881,0.5392064241851677,34.52351616335998,0.5555555555555556,0.58,1,0.8922037422037422,26,1.5,48.724545463305546
96.19999999999881,0.5394426074633916,31.508961830504475,0.6444444444444445,0.58,1,0.8922118380062305,26,1.5,48.702876658338525
96.2999999999988,0.5396787907416155,31.508961830504475,0.6444444444444445,0.58,0,0.8922199170124482,25,1.5,48.68032913726958
96.3999999999988,0.5399149740198393,31.508961830504475,0.6444444444444445,0.58,0,0.8922279792746114,25,1.5,48.65680093695073
96.49999999999879,0.5401511572980633,31.508961830504475,0.6444444444444445,0.58,0,0.8922360248447205,26,1.5,48.63220751194412
96.59999999999879,0.5406235238545111,31.508961830504475,0.6444444444444445,0.58,0,0.8922440537745605,26,1.5,48.60648226379891
96.69999999999878,0.541095890410959,31.508961830504475,0.6444444444444445,0.58,0,0.8922520661157025,26,1.5,48.57916260147776
96.79999999999878,0.541095890410959,31.508961830504475,0.6444444444444445,0.58,1,0.8920536635706914,26,1.5,48.549124980677675
96.89999999999877,0.5418044402456306,31.508961830504475,0.6444444444444445,0.58,0,0.8921649484536083,27,1.5,48.51153172857419
96.99999999999876,0.5420406235238545,31.508961830504475,0.6444444444444445,0.58,1,0.8922760041194645,27,1.5,48.471116665139796
97.09999999999876,0.5422768068020785,31.508961830504475,0.6444444444444445,0.5811965811965812,1,0.8921810699588477,27,1.5,48.42869977487558
97.19999999999875,0.5425129900803023,31.508961830504475,0.6444444444444445,0.5823863636363636,2,0.8922918807810895,26,1.5,48.38543604536404
97.29999999999875,0.543221539914974,31.508961830504475,0.6444444444444445,0.5823863636363636,1,0.8924024640657084,28,1.5,48.34189769268682
97.39999999999874,0.543457723193198,31.508961830504475,0.6444444444444445,0.5823863636363636,0,0.8925128205128205,28,1.5,48.29792377449198
97.49999999999874,0.543457723193198,31.508961830504475,0.6444444444444445,0.5823863636363636,0,0.8925204918032786,28,1.5,48.25336286754689
97.59999999999873,0.5439300897496457,31.508961830504475,0.6444444444444445,0.5835694050991501,1,0.8925281473899693,30,1.5,48.207978606892354
97.69999999999872,0.5439300897496457,31.508961830504475,0.6444444444444445,0.5835694050991501,1,0.8925357873210634,30,1.5,48.16181251578285
97.79999999999872,0.5439300897496457,31.508961830504475,0.6444444444444445,0.5835694050991501,0,0.8924412665985699,30,1.5,48.114918933826296
97.89999999999871,0.5439300897496457,31.508961830504475,0.6444444444444445,0.5835694050991501,0,0.8923469387755102,30,1.5,48.084080189422195
97.9999999999987,0.5446386395843175,31.508961830504475,0.6444444444444445,0.5835694050991501,0,0.8923547400611621,29,1.5,48.054958459640964
98.0999999999987,0.5446386395843175,31.508961830504475,0.6444444444444445,0.5819209039548022,1,0.8924643584521385,29,1.5,48.024646145649136
98.1999999999987,0.5446386395843175,31.508961830504475,0.6444444444444445,0.5819209039548022,1,0.8924720244150559,29,1.5,47.9932003067309
98.29999999999869,0.5448748228625413,30.811347275992695,0.6888888888888889,0.5819209039548022,0,0.892479674796748,28,1.5,47.96086897046224
98.39999999999868,0.5453471894189892,30.811347275992695,0.6888888888888889,0.5819209039548022,0,0.89248730964467,29,1.5,47.9277420834329
98.49999999999868,0.5453471894189892,30.811347275992695,0.6888888888888889,0.5819209039548022,0,0.8924949290060852,29,1.5,47.89390655817041
98.59999999999867,0.545583372697213,30.811347275992695,0.6888888888888889,0.5819209039548022,0,0.8925025329280648,29,1.5,47.85945790242776
98.69999999999867,0.545819555975437,30.811347275992695,0.6888888888888889,0.5819209039548022,0,0.8925101214574899,29,1.5,47.82449993860402
98.79999999999866,0.5460557392536608,30.811347275992695,0.6888888888888889,0.5830985915492958,1,0.8923154701718908,29,1.5,47.79336814846307
98.89999999999866,0.5462919225318847,30.811347275992695,0.6888888888888889,0.5830985915492958,0,0.8923232323232323,28,1.5,47.76483576164617
98.99999999999865,0.5467642890883325,30.811347275992695,0.6888888888888889,0.5830985915492958,1,0.8924318869828456,27,1.5,47.738178301307464
99.09999999999864,0.5472366556447803,30.811347275992695,0.6888888888888889,0.5842696629213483,1,0.8925403225806452,27,1.5,47.71212196463002
99.19999999999864,0.5472366556447803,30.811347275992695,0.6888888888888889,0.5854341736694678,2,0.8926485397784492,27,1.5,47.684907012649646
99.29999999999863,0.5477090222012282,30.811347275992695,0.6888888888888889,0.5854341736694678,1,0.8926559356136821,26,1.5,47.656563808617584
99.39999999999863,0.5477090222012282,30.811347275992695,0.6888888888888889,0.5854341736694678,0,0.8927638190954774,26,1.5,47.62713822238522
99.49999999999862,0.548181388757676,30.811347275992695,0.6888888888888889,0.5854341736694678,0,0.8924698795180723,27,1.5,47.596691210927375
99.59999999999862,0.5484175720358998,30.811347275992695,0.6888888888888889,0.5865921787709497,1,0.8922768304914744,28,1.5,47.56157537781645
99.69999999999861,0.5486537553141237,30.811347275992695,0.6888888888888889,0.5877437325905293,1,0.892184368737475,29,1.5,47.52084241164735
99.7999999999986,0.5488899385923477,30.811347275992695,0.6888888888888889,0.5877437325905293,0,0.8921921921921921,29,1.5,47.47480527240202
99.8999999999986,0.5488899385923477,30.811347275992695,0.6888888888888889,0.5877437325905293,0,0.8923,29,1.5,47.42382271456896
99.9999999999986,0.5491261218705715,30.811347275992695,0.6888888888888889,0.5877437325905293,0,0.8924075924075924,28,1.5,47.36829552496341
100.09999999999859,0.5495984884270194,30.811347275992695,0.6888888888888889,0.5888888888888889,1,0.8925149700598802,29,1.5,47.30882056124195
100.19999999999858,0.5495984884270194,30.811347275992695,0.6888888888888889,0.5872576177285319,1,0.8925224327018944,29,1.5,47.24516713512845
100.29999999999858,0.5495984884270194,30.811347275992695,0.6888888888888889,0.5872576177285319,0,0.8926294820717131,29,1.5,47.178050206396875
100.39999999999857,0.5495984884270194,33.59759592999695,0.6,0.5872576177285319,0,0.8927363184079602,29,1.5,47.10880512871658
100.49999999999856,0.5498346717052432,33.59759592999695,0.6,0.5872576177285319,0,0.8927435387673957,29,1.5,47.03969958302753
100.59999999999856,0.550307038261691,33.59759592999695,0.6,0.5872576177285319,0,0.8925521350546177,29,1.5,46.97180536187508
100.69999999999855,0.550307038261691,33.59759592999695,0.6,0.5872576177285319,0,0.8923611111111112,29,1.5,46.90428219765792
100.79999999999855,0.550307038261691,33.59759592999695,0.6,0.5883977900552486,1,0.8922695738354807,29,1.5,46.83490297851305
100.89999999999854,0.550543221539915,33.59759592999695,0.6,0.5883977900552486,0,0.8923762376237624,29,1.5,46.763793470650086
100.99999999999854,0.550543221539915,33.59759592999695,0.6,0.5883977900552486,1,0.8924826904055391,29,1.5,46.69184862232394
101.09999999999853,0.550543221539915,33.59759592999695,0.6,0.5883977900552486,1,0.892490118577075,29,1.5,46.61904377443323
101.19999999999852,0.5507794048181389,33.59759592999695,0.6,0.5879120879120879,2,0.8925962487660415,29,1.5,46.544179621057204
101.29999999999852,0.5514879546528105,33.59759592999695,0.6,0.5879120879120879,1,0.892603550295858,28,1.5,46.46752040428338
101.39999999999851,0.5514879546528105,33.59759592999695,0.6,0.5879120879120879,0,0.8926108374384236,28,1.5,46.38934730338641
101.49999999999851,0.5514879546528105,33.59759592999695,0.6,0.5879120879120879,0,0.8927165354330708,28,1.5,46.31003566195182
101.5999999999985,0.5519603212092584,33.59759592999695,0.6,0.5879120879120879,1,0.8927236971484759,28,1.5,46.229792272782916
101.6999999999985,0.5521965044874823,33.59759592999695,0.6,0.589041095890411,1,0.8927308447937131,28,1.5,46.1483380243671
101.79999999999849,0.5521965044874823,33.59759592999695,0.6,0.589041095890411,0,0.8927379784102061,28,1.5,46.06612924954212
101.89999999999849,0.5524326877657062,33.59759592999695,0.6,0.589041095890411,0,0.8927450980392156,29,1.5,45.98369744260071
101.99999999999848,0.5526688710439301,33.59759592999695,0.6,0.589041095890411,0,0.8925563173359452,29,1.5,45.90159034449737
102.09999999999847,0.5526688710439301,33.59759592999695,0.6,0.5901639344262295,1,0.8923679060665362,29,1.5,45.82139320779691
102.19999999999847,0.552905054322154,33.59759592999695,0.6,0.5885558583106267,1,0.8924731182795699,29,1.5,45.74348270398352
102.29999999999846,0.552905054322154,33.59759592999695,0.6,0.5885558583106267,0,0.892578125,29,1.5,45.66808357487964
102.39999999999846,0.5531412376003779,33.59759592999695,0.6,0.5885558583106267,0,0.8926829268292683,29,1.5,45.59539542939946
102.49999999999845,0.5533774208786018,36.21804948965081,0.5333333333333333,0.5885558583106267,0,0.8926900584795322,29,1.5,45.524220201438126
102.59999999999845,0.5536136041568257,36.21804948965081,0.5333333333333333,0.5885558583106267,0,0.892794547224927,28,1.5,45.45510999589143
102.69999999999844,0.5543221539914974,36.21804948965081,0.5333333333333333,0.5885558583106267,0,0.892898832684825,27,1.5,45.3885463901592
102.79999999999843,0.5543221539914974,36.21804948965081,0.5333333333333333,0.5896739130434783,1,0.8929057337220603,27,1.5,45.32440922184791
102.89999999999843,0.5545583372697213,36.21804948965081,0.5333333333333333,0.5896739130434783,0,0.8928155339805826,28,1.5,45.26195944421671
102.99999999999842,0.5547945205479452,36.21804948965081,0.5333333333333333,0.5896739130434783,1,0.8929194956353055,29,1.5,45.20141055549527
103.09999999999842,0.5550307038261691,36.21804948965081,0.5333333333333333,0.5896739130434783,1,0.8929263565891473,29,1.5,45.14414466655614
103.19999999999841,0.5550307038261691,36.21804948965081,0.5333333333333333,0.5907859078590786,2,0.892836398838335,29,1.5,45.0910708027912
103.2999999999984,0.555266887104393,36.21804948965081,0.5333333333333333,0.5907859078590786,1,0.8926499032882012,29,1.5,45.04128708225598
103.3999999999984,0.555266887104393,36.21804948965081,0.5333333333333333,0.5907859078590786,0,0.8927536231884058,29,1.5,44.993654918235265
103.4999999999984,0.5555030703826169,36.21804948965081,0.5333333333333333,0.5907859078590786,0,0.8928571428571429,29,1.5,44.947297847438776
103.59999999999839,0.5557392536608408,36.21804948965081,0.5333333333333333,0.5891891891891892,1,0.892864030858245,29,1.5,44.90134118604079
103.69999999999838,0.5562116202172886,36.21804948965081,0.5333333333333333,0.5902964959568733,1,0.8929672447013487,29,1.5,44.8568891227643
103.79999999999838,0.5571563533301842,36.21804948965081,0.5333333333333333,0.5902964959568733,0,0.8929740134744947,30,1.5,44.81303520713832
103.89999999999837,0.557628719886632,36.21804948965081,0.5333333333333333,0.5902964959568733,0,0.8929807692307692,31,1.5,44.76996246629203
103.99999999999837,0.5581010864430799,36.21804948965081,0.5333333333333333,0.5902964959568733,0,0.8930835734870317,30,1.5,44.72792332559636
104.09999999999836,0.5585734529995277,36.21804948965081,0.5333333333333333,0.5887096774193549,1,0.8931861804222648,29,1.5,44.686932885893356
104.19999999999835,0.5585734529995277,36.21804948965081,0.5333333333333333,0.5871313672922251,1,0.8931927133269415,29,1.5,44.64542732426754
104.29999999999835,0.5585734529995277,36.21804948965081,0.5333333333333333,0.5871313672922251,0,0.8931034482758621,29,1.5,44.60319715166374
104.39999999999834,0.5590458195559754,36.21804948965081,0.5333333333333333,0.5871313672922251,0,0.8929186602870813,28,1.5,44.560043546329425
104.49999999999834,0.5590458195559754,36.21804948965081,0.5333333333333333,0.5871313672922251,0,0.892925430210325,28,1.5,44.51588141926547
104.59999999999833,0.5595181861124232,38.399231353578706,0.4444444444444444,0.5871313672922251,0,0.8930276981852913,30,1.5,44.47079259212997
104.69999999999833,0.5597543693906472,38.399231353578706,0.4444444444444444,0.5871313672922251,0,0.8930343511450382,29,1.5,44.42468424374241
104.79999999999832,0.5602267359470949,38.399231353578706,0.4444444444444444,0.5882352941176471,1,0.8929456625357484,29,1.5,44.37884584712394
104.89999999999831,0.5611714690599906,38.399231353578706,0.4444444444444444,0.5882352941176471,0,0.8930476190476191,29,1.5,44.33335483822455
104.99999999999831,0.5616438356164384,38.399231353578706,0.4444444444444444,0.5882352941176471,1,0.8930542340627974,30,1.5,44.288292741037154
105.0999999999983,0.5618800188946622,38.399231353578706,0.4444444444444444,0.5882352941176471,1,0.8931558935361217,30,1.5,44.243744126892175
105.1999999999983,0.5623523854511101,38.399231353578706,0.4444444444444444,0.5877659574468085,2,0.8931623931623932,30,1.5,44.198358877163116
105.29999999999829,0.5625885687293339,38.399231353578706,0.4444444444444444,0.5877659574468085,1,0.8930740037950664,30,1.5,44.15308178336439
105.39999999999829,0.5632971185640057,38.399231353578706,0.4444444444444444,0.5877659574468085,0,0.8930805687203791,30,1.5,44.10857814474136
105.49999999999828,0.5632971185640057,38.399231353578706,0.4444444444444444,0.5877659574468085,0,0.8930871212121212,30,1.5,44.064937733927884
105.59999999999827,0.5635333018422296,38.399231353578706,0.4444444444444444,0.5877659574468085,1,0.8931882686849574,29,1.5,44.02224925824459
105.69999999999827,0.5644780349551252,38.399231353578706,0.4444444444444444,0.5877659574468085,1,0.8931001890359168,31,1.5,43.98054524608457
105.79999999999826,0.5649504015115729,38.399231353578706,0.4444444444444444,0.5877659574468085,0,0.8930122757318225,32,1.5,43.93975088001532
105.89999999999826,0.5649504015115729,38.399231353578706,0.4444444444444444,0.5877659574468085,0,0.8930188679245283,32,1.5,43.89985056423048
105.99999999999825,0.5651865847897969,38.399231353578706,0.4444444444444444,0.5877659574468085,0,0.8930254476908577,32,1.5,43.86082621857275
106.09999999999825,0.5658951346244686,38.399231353578706,0.4444444444444444,0.5877659574468085,1,0.8931261770244822,32,1.5,43.822657159734554
106.19999999999824,0.5661313179026924,38.399231353578706,0.4444444444444444,0.5877659574468085,1,0.893038570084666,32,1.5,43.78532002343593
106.29999999999824,0.5668398677373642,38.399231353578706,0.4444444444444444,0.5877659574468085,0,0.8929511278195489,32,1.5,43.74878873253406
106.39999999999823,0.567312234293812,38.399231353578706,0.4444444444444444,0.5877659574468085,0,0.8929577464788733,30,1.5,43.713034516133696
106.49999999999822,0.5677846008502598,38.399231353578706,0.4444444444444444,0.5877659574468085,0,0.8929643527204503,30,1.5,43.67802598460087
106.59999999999822,0.5680207841284837,38.399231353578706,0.4444444444444444,0.5877659574468085,0,0.8928772258669165,30,1.5,43.643729264913496
106.69999999999821,0.5684931506849316,37.25292432347327,0.6222222222222222,0.5877659574468085,0,0.8928838951310861,31,1.5,43.6101081999995
106.7999999999982,0.5684931506849316,37.25292432347327,0.6222222222222222,0.5888594164456233,1,0.8927970065481758,31,1.5,43.575039814106546
106.8999999999982,0.5692017005196032,37.25292432347327,0.6222222222222222,0.5888594164456233,0,0.8927102803738318,30,1.5,43.53848537965524
106.9999999999982,0.5692017005196032,37.25292432347327,0.6222222222222222,0.58994708994709,1,0.8928104575163399,30,1.5,43.49991199726989
107.09999999999819,0.5694378837978271,37.25292432347327,0.6222222222222222,0.58994708994709,1,0.8928171641791045,30,1.5,43.459329215927696
107.19999999999818,0.5701464336324988,37.25292432347327,0.6222222222222222,0.5910290237467019,2,0.8929170549860205,30,1.5,43.41717385938398
107.29999999999818,0.5708549834671706,37.25292432347327,0.6222222222222222,0.5921052631578947,1,0.8928305400372439,30,1.5,43.37533074468597
107.39999999999817,0.5715635333018422,37.25292432347327,0.6222222222222222,0.5921052631578947,0,0.8928372093023256,30,1.5,43.33400456482127
107.49999999999817,0.5717997165800661,37.25292432347327,0.6222222222222222,0.5905511811023622,1,0.8928438661710038,30,1.5,43.29515288820599
107.59999999999816,0.5722720831365139,37.25292432347327,0.6222222222222222,0.5905511811023622,1,0.8927576601671309,29,1.5,43.25881509930595
107.69999999999816,0.5722720831365139,37.25292432347327,0.6222222222222222,0.5916230366492147,1,0.8928571428571429,29,1.5,43.223070982036944
107.79999999999815,0.5727444496929618,37.25292432347327,0.6222222222222222,0.5916230366492147,0,0.8928637627432808,29,1.5,43.18986667468565
107.89999999999814,0.5729806329711856,37.25292432347327,0.6222222222222222,0.5916230366492147,0,0.8927777777777778,29,1.5,43.15919318079004
107.99999999999814,0.5739253660840813,37.25292432347327,0.6222222222222222,0.5900783289817232,1,0.8928769657724329,29,1.5,43.13344793763159
108.09999999999813,0.5741615493623051,37.25292432347327,0.6222222222222222,0.5900783289817232,1,0.8928835489833642,29,1.5,43.11258074784529
108.19999999999813,0.5746339159187529,37.25292432347327,0.6222222222222222,0.5900783289817232,0,0.8928901200369345,30,1.5,43.09426081258607
108.29999999999812,0.5751062824752008,37.25292432347327,0.6222222222222222,0.5900783289817232,0,0.8928966789667897,30,1.5,43.0782840196773
108.39999999999812,0.5758148323098725,37.25292432347327,0.6222222222222222,0.5900783289817232,0,0.892811059907834,30,1.5,43.06456760737117
108.49999999999811,0.5762871988663203,37.25292432347327,0.6222222222222222,0.5900783289817232,0,0.8929097605893186,30,1.5,43.053016105265705
108.5999999999981,0.5765233821445441,37.25292432347327,0.6222222222222222,0.5900783289817232,0,0.8930082796688132,30,1.5,43.04352206519565
108.6999999999981,0.576995748700992,37.25292432347327,0.6222222222222222,0.5900783289817232,0,0.8929227941176471,31,1.5,43.035966805740735
108.7999999999981,0.5772319319792159,36.50581612408693,0.5555555555555556,0.5885416666666666,1,0.8928374655647383,30,1.5,43.03266318561954
108.89999999999809,0.5777042985356636,36.50581612408693,0.5555555555555556,0.5885416666666666,0,0.8926605504587156,29,1.5,43.033946865677414
108.99999999999808,0.5779404818138876,36.50581612408693,0.5555555555555556,0.5885416666666666,1,0.8926672777268561,29,1.5,43.03970952530642
109.09999999999808,0.5784128483703354,36.50581612408693,0.5555555555555556,0.5885416666666666,0,0.8927655677655678,29,1.5,43.04980995481426
109.19999999999807,0.5786490316485593,36.50581612408693,0.5555555555555556,0.5896103896103896,2,0.8928636779505947,30,1.5,43.06407392543272
109.29999999999806,0.5788852149267831,36.50581612408693,0.5555555555555556,0.5896103896103896,1,0.8926873857404022,31,1.5,43.08114212815456
109.39999999999806,0.5795937647614549,36.50581612408693,0.5555555555555556,0.5896103896103896,0,0.8926940639269406,29,1.5,43.09984322330485
109.49999999999805,0.5798299480396788,36.50581612408693,0.5555555555555556,0.5896103896103896,1,0.89242700729927,30,1.5,43.119972636142386
109.59999999999805,0.5798299480396788,36.50581612408693,0.5555555555555556,0.5906735751295337,1,0.8925250683682772,30,1.5,43.14079882740652
109.69999999999804,0.5805384978743505,36.50581612408693,0.5555555555555556,0.5906735751295337,1,0.8925318761384335,28,1.5,43.162198242575315
109.79999999999804,0.5807746811525744,36.50581612408693,0.5555555555555556,0.5906735751295337,0,0.8925386715195632,28,1.5,43.18405025143075
109.89999999999803,0.5807746811525744,36.50581612408693,0.5555555555555556,0.5906735751295337,0,0.8924545454545455,28,1.5,43.206325906776414
109.99999999999802,0.5814832309872461,36.50581612408693,0.5555555555555556,0.5906735751295337,1,0.892552225249773,29,1.5,43.22945110216613
110.09999999999802,0.58171941426547,36.50581612408693,0.5555555555555556,0.5906735751295337,1,0.8924682395644283,29,1.5,43.25265124013739
110.19999999999801,0.58171941426547,36.50581612408693,0.5555555555555556,0.5906735751295337,0,0.8925657298277425,29,1.5,43.2758326874141
110.29999999999801,0.5821917808219178,36.50581612408693,0.5555555555555556,0.5906735751295337,0,0.8923913043478261,30,1.5,43.29891100241323
110.399999999998,0.5829003306565895,36.50581612408693,0.5555555555555556,0.5906735751295337,0,0.8923076923076924,30,1.5,43.32181159152318
110.499999999998,0.5831365139348134,36.50581612408693,0.5555555555555556,0.5906735751295337,0,0.8924050632911392,29,1.5,43.34447016954304
110.59999999999799,0.5831365139348134,36.50581612408693,0.5555555555555556,0.5906735751295337,0,0.8924119241192412,29,1.5,43.36683302484311
110.69999999999798,0.5831365139348134,36.50581612408693,0.5555555555555556,0.5906735751295337,0,0.8924187725631769,29,1.5,43.38885709654137
110.79999999999798,0.5833726972130373,36.50581612408693,0.5555555555555556,0.5917312661498708,1,0.8924256086564473,29,1.5,43.41133099961485
110.89999999999797,0.5833726972130373,38.492455780949555,0.5333333333333333,0.5917312661498708,0,0.8922522522522522,29,1.5,43.43340733913854
110.99999999999797,0.5833726972130373,38.492455780949555,0.5333333333333333,0.5902061855670103,1,0.8922592259225922,29,1.5,43.45341706022649
111.09999999999796,0.5836088804912613,38.492455780949555,0.5333333333333333,0.5902061855670103,0,0.8923561151079137,29,1.5,43.471327302835185
111.19999999999796,0.5836088804912613,38.492455780949555,0.5333333333333333,0.5902061855670103,2,0.8924528301886793,29,1.5,43.48712616577504
111.29999999999795,0.584317430325933,38.492455780949555,0.5333333333333333,0.5902061855670103,1,0.8923698384201078,28,1.5,43.5008222853231
111.39999999999795,0.584317430325933,38.492455780949555,0.5333333333333333,0.5902061855670103,0,0.8923766816143498,28,1.5,43.512444315602046
111.49999999999794,0.5845536136041568,38.492455780949555,0.5333333333333333,0.5912596401028277,1,0.8923835125448029,28,1.5,43.525337268155255
111.59999999999793,0.5845536136041568,38.492455780949555,0.5333333333333333,0.5923076923076923,1,0.8923903312444047,28,1.5,43.53625951285376
111.69999999999793,0.5845536136041568,38.492455780949555,0.5333333333333333,0.5933503836317136,1,0.892397137745975,28,1.5,43.54737823187915
111.79999999999792,0.5847897968823808,38.492455780949555,0.5333333333333333,0.5918367346938775,1,0.8923145665773011,27,1.5,43.55636779661613
111.89999999999792,0.5850259801606046,38.492455780949555,0.5333333333333333,0.5918367346938775,0,0.8923214285714286,28,1.5,43.56349369837023
111.99999999999791,0.5852621634388285,38.492455780949555,0.5333333333333333,0.5918367346938775,0,0.8922390722569135,28,1.5,43.56947829973553
112.0999999999979,0.5854983467170525,38.492455780949555,0.5333333333333333,0.5918367346938775,1,0.8922459893048128,28,1.5,43.57430845492295
112.1999999999979,0.5857345299952763,38.492455780949555,0.5333333333333333,0.5918367346938775,0,0.8923419412288512,28,1.5,43.577982722015406
112.2999999999979,0.5859707132735003,38.492455780949555,0.5333333333333333,0.5918367346938775,0,0.8923487544483986,28,1.5,43.58051180258443
112.39999999999789,0.5859707132735003,38.492455780949555,0.5333333333333333,0.5918367346938775,0,0.8923555555555556,28,1.5,43.57799814819454
112.49999999999788,0.5859707132735003,38.492455780949555,0.5333333333333333,0.5918367346938775,0,0.8924511545293072,28,1.5,43.5623207262725
112.59999999999788,0.5859707132735003,38.492455780949555,0.5333333333333333,0.5918367346938775,0,0.8924578527063,28,1.5,43.545382678940776
112.69999999999787,0.5862068965517241,38.492455780949555,0.5333333333333333,0.5918367346938775,0,0.8923758865248227,28,1.5,43.526455721620614
112.79999999999787,0.586443079829948,38.492455780949555,0.5333333333333333,0.5918367346938775,1,0.8923826395039858,28,1.5,43.505614173553
112.89999999999786,0.586443079829948,38.492455780949555,0.5333333333333333,0.5918367346938775,0,0.8924778761061947,28,1.5,43.483140771047275
112.99999999999785,0.586679263108172,38.35341532058375,0.5555555555555556,0.5928753180661578,1,0.8923076923076924,28,1.5,43.4596326083554
113.09999999999785,0.5869154463863958,38.35341532058375,0.5555555555555556,0.5928753180661578,0,0.8924028268551236,29,1.5,43.436598849671626
113.19999999999784,0.5869154463863958,38.35341532058375,0.5555555555555556,0.5939086294416244,2,0.8923212709620476,29,1.5,43.4142027320721
113.29999999999784,0.5871516296646198,38.35341532058375,0.5555555555555556,0.5924050632911393,1,0.892416225749559,28,1.5,43.3931482468627
113.39999999999783,0.5871516296646198,38.35341532058375,0.5555555555555556,0.5924050632911393,0,0.8924229074889868,28,1.5,43.37306646545012
113.49999999999783,0.5871516296646198,38.35341532058375,0.5555555555555556,0.5924050632911393,1,0.8925176056338028,28,1.5,43.354127438476176
113.59999999999782,0.5876239962210675,38.35341532058375,0.5555555555555556,0.5924050632911393,1,0.8926121372031662,28,1.5,43.33650216638636
113.69999999999781,0.5876239962210675,38.35341532058375,0.5555555555555556,0.5934343434343434,1,0.8927065026362039,28,1.5,43.319260122154695
113.79999999999781,0.5878601794992915,38.35341532058375,0.5555555555555556,0.5944584382871536,1,0.8925373134328358,28,1.5,43.30000700144199
113.8999999999978,0.5878601794992915,38.35341532058375,0.5555555555555556,0.5944584382871536,0,0.8926315789473684,28,1.5,43.278700080688296
113.9999999999978,0.5883325460557393,38.35341532058375,0.5555555555555556,0.5944584382871536,0,0.8925503943908852,29,1.5,43.25662670883312
114.09999999999779,0.5883325460557393,38.35341532058375,0.5555555555555556,0.5944584382871536,1,0.8924693520140105,29,1.5,43.23871688232324
114.19999999999779,0.5883325460557393,38.35341532058375,0.5555555555555556,0.5944584382871536,0,0.8925634295713036,29,1.5,43.21885182222285
114.29999999999778,0.5885687293339632,38.35341532058375,0.5555555555555556,0.5944584382871536,0,0.8926573426573426,28,1.5,43.19770500510499
114.39999999999777,0.588804912612187,38.35341532058375,0.5555555555555556,0.5944584382871536,0,0.8926637554585153,28,1.5,43.17526917450035
114.49999999999777,0.589041095890411,38.35341532058375,0.5555555555555556,0.5944584382871536,0,0.8926701570680629,28,1.5,43.1515604747148
114.59999999999776,0.5895134624468588,38.35341532058375,0.5555555555555556,0.5944584382871536,0,0.8925893635571055,28,1.5,43.126618794674535
114.69999999999776,0.5897496457250827,38.35341532058375,0.5555555555555556,0.5944584382871536,0,0.8925087108013937,28,1.5,43.1005076940144
114.79999999999775,0.5899858290033065,38.35341532058375,0.5555555555555556,0.592964824120603,2,0.8926022628372497,29,1.5,43.07559904426226
114.89999999999775,0.5902220122815305,38.35341532058375,0.5555555555555556,0.592964824120603,0,0.8925217391304348,29,1.5,43.052261285147175
114.99999999999774,0.5906943788379783,38.35341532058375,0.5555555555555556,0.592964824120603,1,0.8924413553431798,29,1.5,43.03238917965367
115.09999999999773,0.5906943788379783,37.573019277963084,0.5333333333333333,0.592964824120603,0,0.8922743055555555,29,1.5,43.01398222930657
115.19999999999773,0.5909305621162022,37.573019277963084,0.5333333333333333,0.595,2,0.892194275802255,30,1.5,42.99866516587186
115.29999999999772,0.5909305621162022,37.573019277963084,0.5333333333333333,0.595,1,0.8922876949740035,30,1.5,42.986345657175214
115.39999999999772,0.591166745394426,37.573019277963084,0.5333333333333333,0.595,0,0.8923809523809524,30,1.5,42.97584603220655
115.49999999999771,0.591166745394426,37.573019277963084,0.5333333333333333,0.595,0,0.8924740484429066,30,1.5,42.96725312794806
115.5999999999977,0.5916391119508739,37.573019277963084,0.5333333333333333,0.595,1,0.8925669835782195,29,1.5,42.96063213155404
115.6999999999977,0.5921114785073217,37.573019277963084,0.5333333333333333,0.5960099750623441,1,0.8926597582037996,29,1.5,42.95823164591093
115.7999999999977,0.5923476617855455,37.573019277963084,0.5333333333333333,0.5945273631840796,1,0.8927523727351164,30,1.5,42.959400375026256
115.89999999999769,0.5925838450637695,37.573019277963084,0.5333333333333333,0.5945273631840796,0,0.8926724137931035,31,1.5,42.964274216241215
115.99999999999768,0.5930562116202173,37.573019277963084,0.5333333333333333,0.5945273631840796,0,0.8925064599483205,31,1.5,42.97293227408232
116.09999999999768,0.5930562116202173,37.573019277963084,0.5333333333333333,0.5945273631840796,1,0.8922547332185886,31,1.5,42.98539270688106
116.19999999999767,0.5930562116202173,37.573019277963084,0.5333333333333333,0.5930521091811415,1,0.8922613929492691,31,1.5,43.00364931724214
116.29999999999767,0.5930562116202173,37.573019277963084,0.5333333333333333,0.5930521091811415,0,0.8920103092783506,31,1.5,43.02715485332663
116.39999999999766,0.593764761454889,37.573019277963084,0.5333333333333333,0.5930521091811415,0,0.8921030042918455,30,1.5,43.05518294190719
116.49999999999766,0.593764761454889,37.573019277963084,0.5333333333333333,0.5930521091811415,0,0.8921955403087478,30,1.5,43.08767984004253
116.59999999999765,0.5942371280113368,37.573019277963084,0.5333333333333333,0.5930521091811415,0,0.8922022279348758,30,1.5,43.124561345293394
116.69999999999764,0.5944733112895607,37.573019277963084,0.5333333333333333,0.5930521091811415,0,0.8922945205479452,29,1.5,43.165713839930476
116.79999999999764,0.5949456778460085,37.573019277963084,0.5333333333333333,0.5915841584158416,1,0.8923866552609068,28,1.5,43.21209296544384
116.89999999999763,0.5956542276806802,37.573019277963084,0.5333333333333333,0.5915841584158416,0,0.8924786324786325,30,1.5,43.263343068426444
116.99999999999763,0.5956542276806802,37.573019277963084,0.5333333333333333,0.5925925925925926,1,0.8923142613151153,30,1.5,43.31953213639705
117.09999999999762,0.596126594237128,37.573019277963084,0.5333333333333333,0.5925925925925926,0,0.892320819112628,29,1.5,43.37972871490747
117.19999999999762,0.596126594237128,31.4355407055141,0.6666666666666666,0.5945945945945946,2,0.8922421142369992,29,1.5,43.441903363174966
117.29999999999761,0.5963627775153519,31.4355407055141,0.6666666666666666,0.5945945945945946,1,0.8923339011925042,29,1.5,43.50562251212072
117.3999999999976,0.5968351440717997,31.4355407055141,0.6666666666666666,0.5945945945945946,0,0.8922553191489362,31,1.5,43.57044103173539
117.4999999999976,0.5970713273500237,31.4355407055141,0.6666666666666666,0.5945945945945946,0,0.8921768707482993,31,1.5,43.63591109877431
117.59999999999759,0.5970713273500237,31.4355407055141,0.6666666666666666,0.5945945945945946,1,0.8920985556499575,31,1.5,43.70270997735724
117.69999999999759,0.5980160604629192,31.4355407055141,0.6666666666666666,0.5955882352941176,1,0.8921901528013583,30,1.5,43.77164508272677
117.79999999999758,0.5982522437411432,31.4355407055141,0.6666666666666666,0.5965770171149144,1,0.8922815945716709,28,1.5,43.8425793324865
117.89999999999758,0.598488427019367,31.4355407055141,0.6666666666666666,0.5965770171149144,0,0.8923728813559322,28,1.5,43.91455907620788
117.99999999999757,0.5987246102975909,31.4355407055141,0.6666666666666666,0.5965770171149144,0,0.8922946655376799,29,1.5,43.98598332435579
118.09999999999756,0.5996693434104865,31.4355407055141,0.6666666666666666,0.5965770171149144,1,0.8923011844331641,30,1.5,44.05613249309555
118.19999999999756,0.6001417099669344,31.4355407055141,0.6666666666666666,0.5951219512195122,1,0.8921386306001691,30,1.5,44.12460133086958
118.29999999999755,0.6006140765233822,31.4355407055141,0.6666666666666666,0.5951219512195122,0,0.8921452702702702,30,1.5,44.191054191020235
118.39999999999755,0.600850259801606,31.4355407055141,0.6666666666666666,0.5951219512195122,0,0.8919831223628693,31,1.5,44.25517709203669
118.49999999999754,0.600850259801606,31.4355407055141,0.6666666666666666,0.5951219512195122,0,0.8920741989881956,31,1.5,44.31668001896073
118.59999999999754,0.600850259801606,31.4355407055141,0.6666666666666666,0.5951219512195122,0,0.8919966301600674,31,1.5,44.37529903007942
118.69999999999753,0.6013226263580539,31.4355407055141,0.6666666666666666,0.5951219512195122,0,0.892087542087542,29,1.5,44.43079815733203
118.79999999999752,0.6015588096362777,31.4355407055141,0.6666666666666666,0.5951219512195122,1,0.8921783010933557,29,1.5,44.48297108972239
118.89999999999752,0.6020311761927255,31.4355407055141,0.6666666666666666,0.5951219512195122,0,0.8919327731092437,29,1.5,44.53164262996301
118.99999999999751,0.6027397260273972,31.4355407055141,0.6666666666666666,0.5961070559610706,1,0.8920235096557515,30,1.5,44.577599195202424
119.09999999999751,0.6032120925838451,31.4355407055141,0.6666666666666666,0.5961070559610706,0,0.8921140939597315,29,1.5,44.62080845563911
119.1999999999975,0.6039206424185167,31.4355407055141,0.6666666666666666,0.5970873786407767,2,0.8921207041072925,29,1.5,44.66126822994877
119.2999999999975,0.6039206424185167,27.118093993812707,0.7333333333333333,0.5980629539951574,1,0.8922110552763819,29,1.5,44.70047832120114
119.39999999999749,0.6041568256967407,27.118093993812707,0.7333333333333333,0.5980629539951574,0,0.8918828451882845,30,1.5,44.7370074809627
119.49999999999748,0.6043930089749646,27.118093993812707,0.7333333333333333,0.5980629539951574,0,0.8919732441471572,31,1.5,44.770933880841234
119.59999999999748,0.6043930089749646,27.118093993812707,0.7333333333333333,0.5980629539951574,1,0.8918128654970761,31,1.5,44.80236226591673
119.69999999999747,0.6051015588096362,27.118093993812707,0.7333333333333333,0.5990338164251208,1,0.8919031719532554,30,1.5,44.831423014666385
119.79999999999747,0.6051015588096362,27.118093993812707,0.7333333333333333,0.5990338164251208,1,0.8919099249374479,30,1.5,44.85854945342739
119.89999999999746,0.6053377420878602,27.118093993812707,0.7333333333333333,0.5990338164251208,0,0.892,30,1.5,44.88406957500062
119.99999999999746,0.6060462919225319,27.118093993812707,0.7333333333333333,0.5990338164251208,0,0.8919233971690258,31,1.5,44.908034623675356
120.09999999999745,0.6067548417572036,27.118093993812707,0.7333333333333333,0.5990338164251208,1,0.8920133111480866,31,1.5,44.93051058359973
