time_s,explored_fraction,mean_target_separation,mission_overlap_fraction,frontier_reuse_frequency,target_reassignment_count,revisit_ratio,active_frontier_count,mean_speed,mean_pairwise_distance
0.1,0.10415682569674067,27.203763373768417,0.6827586206896552,0.0,30,0.4166666666666667,23,1.5,26.188595813320536
0.2,0.10604629192253189,27.203763373768417,0.6827586206896552,0.0,0,0.5444444444444444,22,1.5,26.18869813042098
0.30000000000000004,0.10722720831365139,27.203763373768417,0.6827586206896552,0.0,0,0.6416666666666667,22,1.5,26.188946872757928
0.4,0.1076995748700992,27.203763373768417,0.6827586206896552,0.0,0,0.6866666666666666,22,1.5,26.189841471454606
0.5,0.10911667453944261,27.203763373768417,0.6827586206896552,0.0,0,0.7277777777777777,22,1.5,26.19161759020519
0.6,0.10982522437411431,27.203763373768417,0.6827586206896552,0.0,0,0.7428571428571429,22,1.5,26.193059617013798
0.7,0.11100614076523382,27.203763373768417,0.6827586206896552,0.0,0,0.7541666666666667,22,1.5,26.194967124883092
0.7999999999999999,0.11195087387812942,27.203763373768417,0.6827586206896552,0.0,0,0.762962962962963,20,1.5,26.197966870718645
0.8999999999999999,0.11265942371280113,27.203763373768417,0.6827586206896552,0.0,0,0.7666666666666667,21,1.5,26.202054422226514
0.9999999999999999,0.11431270666036844,27.203763373768417,0.6827586206896552,0.0,0,0.7818181818181819,22,1.5,26.20737318872225
1.0999999999999999,0.11572980632971186,27.203763373768417,0.6827586206896552,0.0,0,0.7888888888888889,21,1.5,26.214131153485354
1.2,0.11643835616438356,27.203763373768417,0.6827586206896552,0.0,0,0.7974358974358975,19,1.5,26.22262133477862
1.3,0.11856400566839868,27.203763373768417,0.6827586206896552,0.0,0,0.7976190476190477,18,1.5,26.233446077448864
1.4000000000000001,0.12021728861596599,27.203763373768417,0.6827586206896552,0.0,0,0.8066666666666666,18,1.5,26.246979063918065
1.5000000000000002,0.1218705715635333,27.203763373768417,0.6827586206896552,0.0,0,0.8166666666666667,19,1.5,26.263276760236856
1.6000000000000003,0.12399622106754841,27.203763373768417,0.6827586206896552,0.0,0,0.8196078431372549,22,1.5,26.282199091375155
1.7000000000000004,0.12470477090222012,27.203763373768417,0.6827586206896552,0.0,0,0.8240740740740741,22,1.5,26.303386041792653
1.8000000000000005,0.12683042040623524,27.203763373768417,0.6827586206896552,0.0,0,0.8263157894736842,18,1.5,26.326610244127547
1.9000000000000006,0.12777515351913085,27.203763373768417,0.6827586206896552,0.0,0,0.8316666666666667,19,1.5,26.351831515000214
2.0000000000000004,0.12824752007557866,27.203763373768417,0.6827586206896552,0.0,0,0.8333333333333334,20,1.5,26.379005146457946
2.1000000000000005,0.13084553613604158,25.091091468348694,0.767816091954023,0.7666666666666667,30,0.8363636363636363,19,1.5,26.41131139943252
2.2000000000000006,0.13226263580538497,25.091091468348694,0.767816091954023,0.7666666666666667,0,0.8391304347826087,18,1.5,26.44849612776546
2.3000000000000007,0.1341521020311762,25.091091468348694,0.767816091954023,0.7666666666666667,0,0.8347222222222223,18,1.5,26.490223438690926
2.400000000000001,0.1353330184222957,25.091091468348694,0.767816091954023,0.7666666666666667,0,0.836,23,1.5,26.53609467960602
2.500000000000001,0.136986301369863,25.091091468348694,0.767816091954023,0.7666666666666667,0,0.8397435897435898,23,1.5,26.585669195163174
2.600000000000001,0.13840340103920643,25.091091468348694,0.767816091954023,0.7666666666666667,0,0.8432098765432099,22,1.5,26.63847655837223
2.700000000000001,0.14076523382144543,25.091091468348694,0.767816091954023,0.7666666666666667,0,0.8416666666666667,24,1.5,26.69406283379567
2.800000000000001,0.14218233349078885,25.091091468348694,0.767816091954023,0.7666666666666667,0,0.8425287356321839,22,1.5,26.751825361521913
2.9000000000000012,0.14336324988190835,25.091091468348694,0.767816091954023,0.7666666666666667,0,0.8455555555555555,23,1.5,26.81094762704057
3.0000000000000013,0.14596126594237127,25.091091468348694,0.767816091954023,0.7666666666666667,0,0.843010752688172,28,1.5,26.87077813328334
3.1000000000000014,0.1485592820028342,25.091091468348694,0.767816091954023,0.7666666666666667,0,0.84375,26,1.5,26.930698742727227
3.2000000000000015,0.14974019839395372,25.091091468348694,0.767816091954023,0.7666666666666667,0,0.8464646464646465,24,1.5,26.990243163829625
3.3000000000000016,0.15257439773264053,25.091091468348694,0.767816091954023,0.7666666666666667,0,0.8490196078431372,20,1.5,27.04917368680432
3.4000000000000017,0.15328294756731223,25.091091468348694,0.767816091954023,0.7666666666666667,0,0.8504761904761905,19,1.5,27.106934946731506
3.5000000000000018,0.15422768068020784,25.091091468348694,0.767816091954023,0.7666666666666667,0,0.85,18,1.5,27.162393613657454
3.600000000000002,0.15564478034955126,25.091091468348694,0.767816091954023,0.7666666666666667,0,0.8477477477477477,18,1.5,27.214861575358164
3.700000000000002,0.15729806329711857,25.091091468348694,0.767816091954023,0.7666666666666667,0,0.8508771929824561,20,1.5,27.26387002692222
3.800000000000002,0.158715162966462,25.091091468348694,0.767816091954023,0.7666666666666667,0,0.8521367521367521,21,1.5,27.30898126538823
3.900000000000002,0.16131317902692488,25.091091468348694,0.767816091954023,0.7666666666666667,0,0.8516666666666667,19,1.5,27.350251149558773
4.000000000000002,0.1627302786962683,25.091091468348694,0.767816091954023,0.7666666666666667,0,0.8544715447154472,20,1.5,27.387807794991094
4.100000000000001,0.1643835616438356,25.074132826431434,0.7379310344827587,0.7796610169491526,30,0.8539682539682539,16,1.5,27.423183178296117
4.200000000000001,0.16556447803495514,25.074132826431434,0.7379310344827587,0.7796610169491526,0,0.8534883720930233,16,1.5,27.45597956593978
4.300000000000001,0.16721776098252245,25.074132826431434,0.7379310344827587,0.7796610169491526,0,0.853030303030303,12,1.5,27.485863511277913
4.4,0.16863486065186584,25.074132826431434,0.7379310344827587,0.7796610169491526,0,0.8548148148148148,13,1.5,27.50801542834799
4.5,0.16981577704298537,25.074132826431434,0.7379310344827587,0.7796610169491526,0,0.8557971014492753,13,1.5,27.525417922549263
4.6,0.17170524326877656,25.074132826431434,0.7379310344827587,0.7796610169491526,0,0.8560283687943262,16,1.5,27.539162741412877
4.699999999999999,0.17335852621634387,25.074132826431434,0.7379310344827587,0.7796610169491526,0,0.8541666666666666,17,1.5,27.549695868422685
4.799999999999999,0.175484175720359,25.074132826431434,0.7379310344827587,0.7796610169491526,0,0.85578231292517,19,1.5,27.557407067345224
4.899999999999999,0.1769012753897024,25.074132826431434,0.7379310344827587,0.7796610169491526,0,0.8566666666666667,22,1.5,27.562901973822918
4.999999999999998,0.17784600850259802,25.074132826431434,0.7379310344827587,0.7796610169491526,0,0.857516339869281,21,1.5,27.567634303348132
5.099999999999998,0.17926310817194144,25.074132826431434,0.7379310344827587,0.7796610169491526,0,0.8583333333333333,21,1.5,27.572728546527046
5.1999999999999975,0.18044402456306094,25.074132826431434,0.7379310344827587,0.7796610169491526,0,0.8591194968553459,19,1.5,27.57635942673991
5.299999999999997,0.18162494095418044,25.074132826431434,0.7379310344827587,0.7796610169491526,0,0.8592592592592593,19,1.5,27.578520518772738
5.399999999999997,0.18280585734529994,25.074132826431434,0.7379310344827587,0.7796610169491526,0,0.8593939393939394,18,1.5,27.57951278775556
5.4999999999999964,0.18351440717997167,25.074132826431434,0.7379310344827587,0.7796610169491526,0,0.8607142857142858,17,1.5,27.579601138714523
5.599999999999996,0.18493150684931506,25.074132826431434,0.7379310344827587,0.7796610169491526,0,0.8596491228070176,19,1.5,27.578488391957592
5.699999999999996,0.18540387340576286,25.074132826431434,0.7379310344827587,0.7796610169491526,0,0.8597701149425288,19,1.5,27.576022203955205
5.799999999999995,0.1872933396315541,25.074132826431434,0.7379310344827587,0.7796610169491526,0,0.8587570621468926,18,1.5,27.572131077408308
5.899999999999995,0.1882380727444497,25.074132826431434,0.7379310344827587,0.7796610169491526,0,0.86,18,1.5,27.566847621861886
5.999999999999995,0.1901275389702409,25.074132826431434,0.7379310344827587,0.7796610169491526,0,0.8617486338797814,15,1.5,27.560397354040763
6.099999999999994,0.1913084553613604,25.074132826431434,0.7379310344827587,0.7727272727272727,30,0.8629032258064516,16,1.5,27.555603298669237
6.199999999999994,0.19296173830892774,30.681769847852067,0.5747126436781609,0.7727272727272727,0,0.8645502645502645,19,1.5,27.550869343754133
6.299999999999994,0.19437883797827113,30.681769847852067,0.5747126436781609,0.7727272727272727,0,0.8640625,15,1.5,27.54642574993674
6.399999999999993,0.19626830420406235,30.681769847852067,0.5747126436781609,0.7727272727272727,0,0.8635897435897436,17,1.5,27.54246842938426
6.499999999999993,0.19721303731695797,30.681769847852067,0.5747126436781609,0.7727272727272727,0,0.8641414141414141,17,1.5,27.53887598439764
6.5999999999999925,0.19839395370807747,30.681769847852067,0.5747126436781609,0.7727272727272727,0,0.8631840796019901,19,1.5,27.535798935247552
6.699999999999992,0.19957487009919697,30.681769847852067,0.5747126436781609,0.7727272727272727,0,0.8637254901960785,22,1.5,27.533392644951427
6.799999999999992,0.2009919697685404,30.681769847852067,0.5747126436781609,0.7727272727272727,0,0.8628019323671497,20,1.5,27.531963503046715
6.8999999999999915,0.2021728861596599,30.681769847852067,0.5747126436781609,0.7727272727272727,0,0.8633333333333333,19,1.5,27.5316967575347
6.999999999999991,0.2028814359943316,30.681769847852067,0.5747126436781609,0.7727272727272727,0,0.8624413145539906,20,1.5,27.532676833223988
7.099999999999991,0.20453471894189892,30.681769847852067,0.5747126436781609,0.7727272727272727,0,0.8625,17,1.5,27.53529613078988
7.19999999999999,0.2054794520547945,30.681769847852067,0.5747126436781609,0.7727272727272727,0,0.8634703196347032,18,1.5,27.5399577724827
7.29999999999999,0.20666036844591404,30.681769847852067,0.5747126436781609,0.7727272727272727,0,0.8644144144144145,19,1.5,27.546829859013105
7.39999999999999,0.20831365139348135,30.681769847852067,0.5747126436781609,0.7640449438202247,1,0.8635555555555555,21,1.5,27.556203415684546
7.499999999999989,0.20996693434104866,30.681769847852067,0.5747126436781609,0.7640449438202247,0,0.8644736842105263,23,1.5,27.568270771143045
7.599999999999989,0.21091166745394427,30.681769847852067,0.5747126436781609,0.7640449438202247,0,0.8649350649350649,21,1.5,27.583066191344535
7.699999999999989,0.21232876712328766,30.681769847852067,0.5747126436781609,0.7640449438202247,0,0.864957264957265,19,1.5,27.600337048444505
7.799999999999988,0.21303731695795938,30.681769847852067,0.5747126436781609,0.7640449438202247,0,0.8649789029535865,19,1.5,27.620521300653692
7.899999999999988,0.21445441662730277,30.681769847852067,0.5747126436781609,0.7640449438202247,0,0.8658333333333333,18,1.5,27.643335987950362
7.999999999999988,0.2156353330184223,30.681769847852067,0.5747126436781609,0.7640449438202247,0,0.8666666666666667,17,1.5,27.668076769177503
8.099999999999987,0.2170524326877657,30.681769847852067,0.5747126436781609,0.7457627118644068,29,0.866260162601626,20,1.5,27.696638923535136
8.199999999999987,0.21870571563533303,30.681769847852067,0.5747126436781609,0.7457627118644068,0,0.8666666666666667,20,1.5,27.728930232801755
8.299999999999986,0.21965044874822862,27.780648145261264,0.7080459770114943,0.7457627118644068,0,0.8678571428571429,19,1.5,27.765015746596955
8.399999999999986,0.22059518186112423,27.780648145261264,0.7080459770114943,0.7457627118644068,0,0.8670588235294118,17,1.5,27.804433781222613
8.499999999999986,0.22224846480869154,27.780648145261264,0.7080459770114943,0.7457627118644068,0,0.8678294573643411,16,1.5,27.842490131051054
8.599999999999985,0.22413793103448276,27.780648145261264,0.7080459770114943,0.7457627118644068,0,0.8674329501915709,18,1.5,27.88282607278958
8.699999999999985,0.22555503070382618,27.780648145261264,0.7080459770114943,0.7457627118644068,0,0.8681818181818182,15,1.5,27.92566381835046
8.799999999999985,0.2272083136513935,27.780648145261264,0.7080459770114943,0.7457627118644068,0,0.8681647940074907,17,1.5,27.97085281733695
8.899999999999984,0.2276806802078413,27.780648145261264,0.7080459770114943,0.7457627118644068,0,0.8692592592592593,17,1.5,28.01867564044588
8.999999999999984,0.22862541332073688,27.780648145261264,0.7080459770114943,0.7457627118644068,0,0.8673992673992674,16,1.5,28.06961207954449
9.099999999999984,0.2309872461029759,27.780648145261264,0.7080459770114943,0.7457627118644068,0,0.8673913043478261,20,1.5,28.123643743044724
9.199999999999983,0.23145961265942372,27.780648145261264,0.7080459770114943,0.7457627118644068,0,0.8684587813620072,20,1.5,28.179587873922024
9.299999999999983,0.23334907888521492,27.780648145261264,0.7080459770114943,0.7457627118644068,0,0.8695035460992908,20,1.5,28.23748814660719
9.399999999999983,0.23429381199811053,27.780648145261264,0.7080459770114943,0.7394957983193278,1,0.8687719298245614,20,1.5,28.29717774388805
9.499999999999982,0.23547472838923003,27.780648145261264,0.7080459770114943,0.7394957983193278,0,0.8701388888888889,20,1.5,28.35854111627635
9.599999999999982,0.23689182805857345,27.780648145261264,0.7080459770114943,0.7394957983193278,0,0.8701030927835052,21,1.5,28.422163835625074
9.699999999999982,0.23925366084081248,27.780648145261264,0.7080459770114943,0.7394957983193278,0,0.8710884353741497,20,1.5,28.48684962757561
9.799999999999981,0.24067076051015587,27.780648145261264,0.7080459770114943,0.7394957983193278,0,0.8717171717171717,20,1.5,28.555016943472634
9.89999999999998,0.2418516769012754,27.780648145261264,0.7080459770114943,0.7394957983193278,0,0.8713333333333333,19,1.5,28.624273083999785
9.99999999999998,0.2435049598488427,27.780648145261264,0.7080459770114943,0.7394957983193278,0,0.8712871287128713,21,1.5,28.694403730264856
10.09999999999998,0.2444496929617383,27.780648145261264,0.7080459770114943,0.7397260273972602,29,0.8722222222222222,23,1.5,28.76562079260974
10.19999999999998,0.2465753424657534,27.780648145261264,0.7080459770114943,0.7397260273972602,0,0.8728155339805825,24,1.5,28.836836009591476
10.29999999999998,0.24704770902220122,27.780648145261264,0.7080459770114943,0.7397260273972602,0,0.871474358974359,24,1.5,28.907528298298974
10.399999999999979,0.24752007557864902,26.852826416420633,0.7540229885057471,0.7397260273972602,0,0.8714285714285714,23,1.5,28.977253063476272
10.499999999999979,0.24870099196976855,26.852826416420633,0.7540229885057471,0.7397260273972602,0,0.870754716981132,24,1.5,29.045538450935553
10.599999999999978,0.24940954180444025,26.852826416420633,0.7540229885057471,0.7397260273972602,0,0.8700934579439252,23,1.5,29.11226041024005
10.699999999999978,0.250118091639112,26.852826416420633,0.7540229885057471,0.7397260273972602,0,0.8712962962962963,22,1.5,29.177642318949534
10.799999999999978,0.2522437411431271,26.852826416420633,0.7540229885057471,0.7397260273972602,0,0.8715596330275229,21,1.5,29.2420462283115
10.899999999999977,0.25389702409069437,26.852826416420633,0.7540229885057471,0.7397260273972602,0,0.8712121212121212,20,1.5,29.305082930498322
10.999999999999977,0.25507794048181387,26.852826416420633,0.7540229885057471,0.7397260273972602,0,0.8717717717717718,20,1.5,29.366632199051214
11.099999999999977,0.2569674067076051,26.852826416420633,0.7540229885057471,0.7397260273972602,0,0.8723214285714286,21,1.5,29.426794630297792
11.199999999999976,0.2583845063769485,26.852826416420633,0.7540229885057471,0.7397260273972602,0,0.8728613569321534,21,1.5,29.48814359982848
11.299999999999976,0.25956542276806804,26.852826416420633,0.7540229885057471,0.7397260273972602,0,0.8736842105263158,19,1.5,29.548289316194847
11.399999999999975,0.2605101558809636,26.852826416420633,0.7540229885057471,0.7346938775510204,1,0.8730434782608696,19,1.5,29.606603222678586
11.499999999999975,0.2614548889938592,26.852826416420633,0.7540229885057471,0.7346938775510204,0,0.8729885057471264,18,1.5,29.663497561079897
11.599999999999975,0.26310817194142655,26.852826416420633,0.7540229885057471,0.7346938775510204,0,0.8735042735042735,17,1.5,29.71884738410641
11.699999999999974,0.26428908833254605,26.852826416420633,0.7540229885057471,0.7346938775510204,0,0.8740112994350282,20,1.5,29.773097486094645
11.799999999999974,0.2661785545583373,26.852826416420633,0.7540229885057471,0.7346938775510204,0,0.8736694677871149,20,1.5,29.826694192438804
11.899999999999974,0.26783183750590456,26.852826416420633,0.7540229885057471,0.7346938775510204,0,0.8730555555555556,22,1.5,29.879701023751643
11.999999999999973,0.26877657061880017,26.852826416420633,0.7540229885057471,0.7346938775510204,0,0.8730027548209366,21,1.5,29.931336654177674
12.099999999999973,0.2704298535663675,26.852826416420633,0.7540229885057471,0.7341040462427746,29,0.8734972677595628,20,1.5,29.978588842253487
12.199999999999973,0.27113840340103923,26.852826416420633,0.7540229885057471,0.7341040462427746,0,0.8737127371273713,20,1.5,30.023093738809354
12.299999999999972,0.2725555030703826,26.852826416420633,0.7540229885057471,0.7341040462427746,0,0.8739247311827957,21,1.5,30.064802512487407
12.399999999999972,0.2749173358526216,26.852826416420633,0.7540229885057471,0.7341040462427746,0,0.8738666666666667,23,1.5,30.10415113285986
12.499999999999972,0.27586206896551724,24.645724313044838,0.8344827586206897,0.7341040462427746,0,0.8735449735449735,26,1.5,30.140991525558583
12.599999999999971,0.2775153519130846,24.645724313044838,0.8344827586206897,0.7341040462427746,0,0.873490813648294,26,1.5,30.175187629143952
12.69999999999997,0.27893245158242796,24.645724313044838,0.8344827586206897,0.7341040462427746,0,0.8739583333333333,26,1.5,30.2067628465829
12.79999999999997,0.28011336797354747,24.645724313044838,0.8344827586206897,0.7341040462427746,0,0.8739018087855297,24,1.5,30.23576113286278
12.89999999999997,0.2805857345299953,24.645724313044838,0.8344827586206897,0.7341040462427746,0,0.8735897435897436,22,1.5,30.26234750470005
12.99999999999997,0.28247520075578647,24.645724313044838,0.8344827586206897,0.7341040462427746,0,0.8737913486005089,21,1.5,30.28656681494136
13.09999999999997,0.283656117146906,24.645724313044838,0.8344827586206897,0.7341040462427746,0,0.8744949494949495,21,1.5,30.308074054422793
13.199999999999969,0.28601794992914503,24.645724313044838,0.8344827586206897,0.7341040462427746,0,0.8741854636591478,23,1.5,30.327048925530853
13.299999999999969,0.2876712328767123,24.645724313044838,0.8344827586206897,0.7341040462427746,0,0.8751243781094528,22,1.5,30.343586730697833
13.399999999999968,0.2900330656589514,24.645724313044838,0.8344827586206897,0.7298850574712644,1,0.8755555555555555,21,1.5,30.358225755535756
13.499999999999968,0.29168634860651865,24.645724313044838,0.8344827586206897,0.7298850574712644,0,0.8747549019607843,25,1.5,30.371032449820156
13.599999999999968,0.2935758148323099,24.645724313044838,0.8344827586206897,0.7298850574712644,0,0.8749391727493917,25,1.5,30.382087794883955
13.699999999999967,0.29404818138875766,24.645724313044838,0.8344827586206897,0.7298850574712644,0,0.8748792270531401,26,1.5,30.39148767593235
13.799999999999967,0.29499291450165327,24.645724313044838,0.8344827586206897,0.7298850574712644,0,0.8745803357314149,27,1.5,30.399343118493704
13.899999999999967,0.2954652810581011,24.645724313044838,0.8344827586206897,0.7298850574712644,0,0.8742857142857143,27,1.5,30.405780407699933
13.999999999999966,0.2966461974492206,24.645724313044838,0.8344827586206897,0.7298850574712644,0,0.874468085106383,25,1.5,30.41422870001641
14.099999999999966,0.29853566367501183,24.645724313044838,0.8344827586206897,0.7309644670050761,29,0.8751173708920188,24,1.5,30.423132877781942
14.199999999999966,0.29971658006613133,24.645724313044838,0.8344827586206897,0.7309644670050761,0,0.875058275058275,26,1.5,30.43176582780219
14.299999999999965,0.30066131317902695,24.645724313044838,0.8344827586206897,0.7309644670050761,0,0.875,25,1.5,30.440252383103424
14.399999999999965,0.30207841284837034,24.645724313044838,0.8344827586206897,0.7309644670050761,0,0.8758620689655172,25,1.5,30.448240193771742
14.499999999999964,0.30420406235238545,24.645724313044838,0.8344827586206897,0.7309644670050761,0,0.876027397260274,23,1.5,30.455917764871902
14.599999999999964,0.30514879546528106,24.704747369726807,0.8137931034482758,0.7309644670050761,0,0.8757369614512471,25,1.5,30.463337905992727
14.699999999999964,0.3060935285781767,24.704747369726807,0.8137931034482758,0.7309644670050761,0,0.8759009009009009,26,1.5,30.47073126990999
14.799999999999963,0.3070382616910723,24.704747369726807,0.8137931034482758,0.7309644670050761,0,0.876062639821029,30,1.5,30.478191173184076
14.899999999999963,0.30869154463863957,24.704747369726807,0.8137931034482758,0.7309644670050761,0,0.8762222222222222,27,1.5,30.485999853592872
14.999999999999963,0.3091639111950874,24.704747369726807,0.8137931034482758,0.7272727272727273,1,0.8766004415011037,27,1.5,30.494703091578888
15.099999999999962,0.310108644307983,24.704747369726807,0.8137931034482758,0.7272727272727273,0,0.8763157894736842,26,1.5,30.50427546326595
15.199999999999962,0.3112895606991025,24.704747369726807,0.8137931034482758,0.7272727272727273,0,0.8766884531590414,26,1.5,30.514764342154752
15.299999999999962,0.31223429381199813,24.704747369726807,0.8137931034482758,0.7272727272727273,0,0.8768398268398269,26,1.5,30.527139411837222
15.399999999999961,0.3129428436466698,24.704747369726807,0.8137931034482758,0.7236180904522613,1,0.8772043010752688,26,1.5,30.54249293230109
15.499999999999961,0.31530467642890886,24.704747369726807,0.8137931034482758,0.7236180904522613,0,0.8771367521367521,24,1.5,30.56060631179708
15.59999999999996,0.31695795937647614,24.704747369726807,0.8137931034482758,0.7236180904522613,0,0.8772823779193206,23,1.5,30.58145096958302
15.69999999999996,0.31813887576759564,24.704747369726807,0.8137931034482758,0.7236180904522613,0,0.8778481012658228,22,1.5,30.605042686113574
15.79999999999996,0.3195559754369391,24.704747369726807,0.8137931034482758,0.7236180904522613,0,0.8779874213836478,24,1.5,30.631364600322005
15.89999999999996,0.3207368918280586,24.704747369726807,0.8137931034482758,0.7236180904522613,0,0.8772916666666667,27,1.5,30.660365597103173
15.99999999999996,0.3216816249409542,24.704747369726807,0.8137931034482758,0.7236180904522613,0,0.877639751552795,25,1.5,30.691342487780723
16.09999999999996,0.32239017477562587,24.704747369726807,0.8137931034482758,0.7156398104265402,28,0.8773662551440329,25,1.5,30.723649355534953
16.19999999999996,0.3230987246102976,24.704747369726807,0.8137931034482758,0.7156398104265402,0,0.8775051124744376,25,1.5,30.750668393994005
16.29999999999996,0.3238072744449693,24.704747369726807,0.8137931034482758,0.7156398104265402,0,0.8778455284552845,25,1.5,30.778366441694704
16.399999999999963,0.32475200755786493,24.704747369726807,0.8137931034482758,0.7156398104265402,0,0.8775757575757576,26,1.5,30.80641370624117
16.499999999999964,0.32687765706188004,24.704747369726807,0.8137931034482758,0.7156398104265402,0,0.8781124497991968,25,1.5,30.834592420728235
16.599999999999966,0.32829475673122344,23.572280910455536,0.832183908045977,0.7156398104265402,0,0.8782435129740519,27,1.5,30.862848982105533
16.699999999999967,0.3297118564005668,23.572280910455536,0.832183908045977,0.7156398104265402,0,0.8779761904761905,28,1.5,30.89107582627709
16.79999999999997,0.33065658951346244,23.572280910455536,0.832183908045977,0.7156398104265402,0,0.8783037475345168,28,1.5,30.919128245557644
16.89999999999997,0.33136513934813416,23.572280910455536,0.832183908045977,0.7156398104265402,0,0.8786274509803922,29,1.5,30.946760495588045
16.99999999999997,0.33160132262635805,23.572280910455536,0.832183908045977,0.7169811320754716,1,0.8783625730994152,29,1.5,30.97360876935976
17.099999999999973,0.33207368918280583,23.572280910455536,0.832183908045977,0.7169811320754716,0,0.8784883720930232,28,1.5,30.999669822239348
17.199999999999974,0.33396315540859706,23.572280910455536,0.832183908045977,0.7169811320754716,0,0.8786127167630058,28,1.5,31.025382420741533
17.299999999999976,0.33490788852149267,23.572280910455536,0.832183908045977,0.7169811320754716,0,0.8781609195402299,29,1.5,31.05152848004969
17.399999999999977,0.3356164383561644,23.572280910455536,0.832183908045977,0.7169811320754716,1,0.8784761904761905,30,1.5,31.078470114360016
17.49999999999998,0.33656117146906,23.572280910455536,0.832183908045977,0.7169811320754716,0,0.8784090909090909,28,1.5,31.106387575236177
17.59999999999998,0.3382144544166273,23.572280910455536,0.832183908045977,0.7136150234741784,1,0.8790960451977401,29,1.5,31.136014058405628
17.69999999999998,0.338923004251299,23.572280910455536,0.832183908045977,0.7136150234741784,0,0.8792134831460674,28,1.5,31.167273014471135
17.799999999999983,0.34081247047709023,23.572280910455536,0.832183908045977,0.7136150234741784,0,0.8797020484171322,27,1.5,31.200071716230642
17.899999999999984,0.3422295701464336,23.572280910455536,0.832183908045977,0.7136150234741784,0,0.8796296296296297,26,1.5,31.234296454427362
17.999999999999986,0.34341048653755313,23.572280910455536,0.832183908045977,0.7136150234741784,0,0.8802946593001841,30,1.5,31.269812808499843
18.099999999999987,0.34459140292867263,23.572280910455536,0.832183908045977,0.7316017316017316,27,0.8804029304029304,33,1.5,31.30475431077875
18.19999999999999,0.34529995276334435,23.572280910455536,0.832183908045977,0.7316017316017316,0,0.8805100182149362,33,1.5,31.339208336455794
18.29999999999999,0.3460085025980161,23.572280910455536,0.832183908045977,0.7316017316017316,0,0.8797101449275362,33,1.5,31.373074595323295
18.39999999999999,0.3469532357109117,23.572280910455536,0.832183908045977,0.7316017316017316,0,0.8796396396396396,32,1.5,31.406525604628253
18.499999999999993,0.34742560226735947,23.572280910455536,0.832183908045977,0.7316017316017316,0,0.8797491039426524,30,1.5,31.43998078592274
18.599999999999994,0.3490788852149268,23.229117771119466,0.8183908045977012,0.7316017316017316,0,0.8800356506238859,30,1.5,31.473403353983116
18.699999999999996,0.3495512517713746,23.229117771119466,0.8183908045977012,0.7316017316017316,0,0.8803191489361702,29,1.5,31.506758834385593
18.799999999999997,0.3514407179971658,23.229117771119466,0.8183908045977012,0.728448275862069,1,0.8804232804232804,29,1.5,31.540400874184744
18.9,0.35333018422295703,23.229117771119466,0.8183908045977012,0.7222222222222222,2,0.8803508771929824,27,1.5,31.574136947362714
19.0,0.35451110061407654,23.229117771119466,0.8183908045977012,0.723404255319149,1,0.8809773123909249,28,1.5,31.607196327189975
19.1,0.35569201700519604,23.229117771119466,0.8183908045977012,0.723404255319149,0,0.8807291666666667,29,1.5,31.639395365634297
19.200000000000003,0.35663675011809165,23.229117771119466,0.8183908045977012,0.723404255319149,0,0.8808290155440415,29,1.5,31.67073838852091
19.300000000000004,0.3585262163438829,23.229117771119466,0.8183908045977012,0.723404255319149,0,0.8807560137457044,29,1.5,31.70123102683083
19.400000000000006,0.36136041568256966,23.229117771119466,0.8183908045977012,0.723404255319149,0,0.8806837606837606,29,1.5,31.73088301439248
19.500000000000007,0.36230514879546527,23.229117771119466,0.8183908045977012,0.723404255319149,0,0.8804421768707483,30,1.5,31.75971199129238
19.60000000000001,0.3627775153519131,23.229117771119466,0.8183908045977012,0.7203389830508474,1,0.8808798646362098,31,1.5,31.7876160112078
19.70000000000001,0.3637222484648087,23.229117771119466,0.8183908045977012,0.7203389830508474,0,0.8808080808080808,31,1.5,31.814572953720415
19.80000000000001,0.3651393481341521,23.229117771119466,0.8183908045977012,0.7203389830508474,0,0.8809045226130653,31,1.5,31.84058191138364
19.900000000000013,0.3665564478034955,23.229117771119466,0.8183908045977012,0.7203389830508474,0,0.881,28,1.5,31.8659273230361
20.000000000000014,0.36820973075106284,23.229117771119466,0.8183908045977012,0.7203389830508474,0,0.8809286898839138,28,1.5,31.891669102551667
20.100000000000016,0.36939064714218234,23.229117771119466,0.8183908045977012,0.7335907335907336,25,0.8811881188118812,27,1.5,31.91484167873868
20.200000000000017,0.3710439300897496,23.229117771119466,0.8183908045977012,0.7335907335907336,0,0.8816091954022989,29,1.5,31.9354268366828
20.30000000000002,0.37151629664619745,23.229117771119466,0.8183908045977012,0.7335907335907336,0,0.8816993464052287,30,1.5,31.95341433733771
20.40000000000002,0.37151629664619745,23.229117771119466,0.8183908045977012,0.7307692307692307,1,0.8817886178861789,30,1.5,31.96948658114357
20.50000000000002,0.3731695795937648,23.229117771119466,0.8183908045977012,0.7307692307692307,0,0.8817152103559871,27,1.5,31.98429453664352
20.600000000000023,0.37482286254133207,22.524177794525254,0.8459770114942529,0.7307692307692307,0,0.8818035426731079,26,1.5,31.99802042675704
20.700000000000024,0.3755314123760038,22.524177794525254,0.8459770114942529,0.7307692307692307,0,0.8814102564102564,26,1.5,32.01067354105954
20.800000000000026,0.3769485120453472,22.524177794525254,0.8459770114942529,0.7307692307692307,1,0.8814992025518341,27,1.5,32.022226080855944
20.900000000000027,0.3781294284364667,22.524177794525254,0.8459770114942529,0.7318007662835249,2,0.8812698412698413,27,1.5,32.03278483458505
21.00000000000003,0.3786017949929145,22.524177794525254,0.8459770114942529,0.7290076335877863,1,0.8810426540284361,27,1.5,32.04296199183386
21.10000000000003,0.3790741615493623,22.524177794525254,0.8459770114942529,0.7290076335877863,0,0.8812893081761006,26,1.5,32.05277489042573
21.20000000000003,0.379782711384034,22.524177794525254,0.8459770114942529,0.7290076335877863,0,0.8815336463223787,25,1.5,32.06225628832736
21.300000000000033,0.3814359943316013,22.524177794525254,0.8459770114942529,0.7262357414448669,1,0.881619937694704,24,1.5,32.07115616142222
21.400000000000034,0.382144544166273,22.524177794525254,0.8459770114942529,0.7262357414448669,0,0.8815503875968992,23,1.5,32.08033734470163
21.500000000000036,0.38285309400094475,22.524177794525254,0.8459770114942529,0.7262357414448669,0,0.8819444444444444,22,1.5,32.089939682035315
21.600000000000037,0.38427019367028814,22.524177794525254,0.8459770114942529,0.7234848484848485,1,0.8820276497695853,25,1.5,32.10130304640697
21.70000000000004,0.38545111006140764,22.524177794525254,0.8459770114942529,0.7234848484848485,0,0.882262996941896,24,1.5,32.11908056180704
21.80000000000004,0.3859234766178555,22.524177794525254,0.8459770114942529,0.7234848484848485,0,0.8821917808219178,26,1.5,32.13723454839094
21.90000000000004,0.387104393008975,22.524177794525254,0.8459770114942529,0.7234848484848485,0,0.8822727272727273,24,1.5,32.15587723496512
22.000000000000043,0.3880491261218706,22.524177794525254,0.8459770114942529,0.7234848484848485,0,0.8819004524886878,24,1.5,32.17513647111694
22.100000000000044,0.38875767595654226,22.524177794525254,0.8459770114942529,0.7288732394366197,25,0.881981981981982,24,1.5,32.195295588968115
22.200000000000045,0.389466225791214,22.524177794525254,0.8459770114942529,0.7288732394366197,0,0.8819133034379671,24,1.5,32.216236651344985
22.300000000000047,0.3906471421823335,22.524177794525254,0.8459770114942529,0.7288732394366197,0,0.8819940476190476,26,1.5,32.23778916099593
22.40000000000005,0.3915918752952291,22.524177794525254,0.8459770114942529,0.7263157894736842,1,0.8819259259259259,28,1.5,32.259947532306334
22.50000000000005,0.3923004251299008,22.524177794525254,0.8459770114942529,0.7263157894736842,0,0.8820058997050148,27,1.5,32.28106754452717
22.60000000000005,0.3934813415210203,21.182889676895112,0.8873563218390804,0.7237762237762237,1,0.8820851688693099,28,1.5,32.30093676092572
22.700000000000053,0.39442607463391594,21.182889676895112,0.8873563218390804,0.7237762237762237,0,0.8821637426900585,27,1.5,32.31950328906337
22.800000000000054,0.3958431743032593,21.182889676895112,0.8873563218390804,0.7237762237762237,0,0.882387190684134,24,1.5,32.336964901410276
22.900000000000055,0.39655172413793105,21.182889676895112,0.8873563218390804,0.7247386759581882,1,0.8827536231884058,24,1.5,32.353044148669525
23.000000000000057,0.39891355692017005,21.182889676895112,0.8873563218390804,0.7247386759581882,1,0.8825396825396825,24,1.5,32.36719826154064
23.10000000000006,0.3996221067548418,21.182889676895112,0.8873563218390804,0.7247386759581882,0,0.8824712643678161,25,1.5,32.380149661774446
23.20000000000006,0.40033065658951345,21.182889676895112,0.8873563218390804,0.7247386759581882,0,0.8825464949928469,25,1.5,32.392412282542665
23.30000000000006,0.40103920642418517,21.182889676895112,0.8873563218390804,0.7247386759581882,0,0.8824786324786325,27,1.5,32.40394710843222
23.400000000000063,0.4017477562588569,21.182889676895112,0.8873563218390804,0.7247386759581882,0,0.8825531914893617,28,1.5,32.41514200318259
23.500000000000064,0.40222012281530467,21.182889676895112,0.8873563218390804,0.7247386759581882,0,0.8826271186440678,28,1.5,32.42637581625002
23.600000000000065,0.4026924893717525,21.182889676895112,0.8873563218390804,0.7247386759581882,1,0.8827004219409282,29,1.5,32.43674508046176
23.700000000000067,0.40363722248464806,21.182889676895112,0.8873563218390804,0.7247386759581882,0,0.8826330532212885,28,1.5,32.44053331785583
23.800000000000068,0.4045819555975437,21.182889676895112,0.8873563218390804,0.7247386759581882,0,0.8829846582984658,29,1.5,32.44380535899317
23.90000000000007,0.4064714218233349,21.182889676895112,0.8873563218390804,0.7247386759581882,0,0.8831944444444444,27,1.5,32.446491310000305
24.00000000000007,0.4071799716580066,21.182889676895112,0.8873563218390804,0.7247386759581882,0,0.8832641770401106,27,1.5,32.4486440448082
24.100000000000072,0.40812470477090224,21.182889676895112,0.8873563218390804,0.7354838709677419,25,0.8830578512396694,29,1.5,32.448030490424664
24.200000000000074,0.4097779877184695,21.182889676895112,0.8873563218390804,0.7354838709677419,0,0.8828532235939643,29,1.5,32.44477435582836
24.300000000000075,0.41025035427491735,21.182889676895112,0.8873563218390804,0.7354838709677419,0,0.8827868852459017,28,1.5,32.439363209090196
24.400000000000077,0.410958904109589,21.182889676895112,0.8873563218390804,0.7354838709677419,1,0.8831292517006802,27,1.5,32.432386557565934
24.500000000000078,0.4121398205007086,21.182889676895112,0.8873563218390804,0.7354838709677419,0,0.8829268292682927,28,1.5,32.42412600203971
24.60000000000008,0.41261218705715635,22.060371763599786,0.8827586206896552,0.7331189710610932,1,0.8831309041835358,27,1.5,32.41487690532658
24.70000000000008,0.41379310344827586,22.060371763599786,0.8827586206896552,0.7331189710610932,0,0.8833333333333333,29,1.5,32.40528208991776
24.800000000000082,0.4142654700047237,22.060371763599786,0.8827586206896552,0.7331189710610932,0,0.8838018741633199,27,1.5,32.39613881401045
24.900000000000084,0.41521020311761925,22.060371763599786,0.8827586206896552,0.7339743589743589,1,0.8837333333333334,28,1.5,32.38825810677394
25.000000000000085,0.41615493623051486,22.060371763599786,0.8827586206896552,0.7292993630573248,2,0.8839309428950863,28,1.5,32.38189666837971
25.100000000000087,0.4175720358998583,22.060371763599786,0.8827586206896552,0.726984126984127,1,0.883994708994709,28,1.5,32.377510221046535
25.200000000000088,0.4187529522909778,22.060371763599786,0.8827586206896552,0.726984126984127,0,0.8839262187088274,28,1.5,32.37473652710024
25.30000000000009,0.4194615021256495,22.060371763599786,0.8827586206896552,0.726984126984127,0,0.8838582677165354,29,1.5,32.37297285053009
25.40000000000009,0.4208786017949929,22.060371763599786,0.8827586206896552,0.726984126984127,0,0.884313725490196,31,1.5,32.37146785400625
25.500000000000092,0.4213509683514407,22.060371763599786,0.8827586206896552,0.726984126984127,0,0.8842447916666667,31,1.5,32.36927295153239
25.600000000000094,0.42182333490788854,22.060371763599786,0.8827586206896552,0.726984126984127,0,0.8839169909208819,32,1.5,32.365638096153106
25.700000000000095,0.4222957014643363,22.060371763599786,0.8827586206896552,0.726984126984127,0,0.8838501291989664,33,1.5,32.36045795647486
25.800000000000097,0.4232404345772319,22.060371763599786,0.8827586206896552,0.726984126984127,0,0.8841698841698842,30,1.5,32.35364170547756
25.900000000000098,0.42442135096835143,22.060371763599786,0.8827586206896552,0.726984126984127,0,0.8843589743589744,31,1.5,32.345147318249076
26.0000000000001,0.4246575342465753,22.060371763599786,0.8827586206896552,0.726984126984127,0,0.8841634738186462,32,1.5,32.33493005965507
26.1000000000001,0.4258384506376949,22.060371763599786,0.8827586206896552,0.7373134328358208,25,0.8842239185750637,32,1.5,32.3241114652352
26.200000000000102,0.42678318375059043,22.060371763599786,0.8827586206896552,0.7373134328358208,0,0.8839036755386566,31,1.5,32.312793752992334
26.300000000000104,0.42843646669815777,22.060371763599786,0.8827586206896552,0.7373134328358208,0,0.8842171717171717,30,1.5,32.30088424336447
26.400000000000105,0.42890883325460555,22.060371763599786,0.8827586206896552,0.7373134328358208,0,0.8844025157232704,31,1.5,32.288813210107556
26.500000000000107,0.4300897496457251,22.060371763599786,0.8827586206896552,0.7373134328358208,0,0.8844611528822055,32,1.5,32.27689356480904
26.600000000000108,0.4317430325932924,23.9056697338778,0.8091954022988506,0.7373134328358208,1,0.8841448189762796,31,1.5,32.26525454698381
26.70000000000011,0.4319792158715163,23.9056697338778,0.8091954022988506,0.7373134328358208,0,0.8840796019900498,32,1.5,32.25406087162185
26.80000000000011,0.4324515824279641,23.9056697338778,0.8091954022988506,0.7351190476190477,1,0.8841387856257745,33,1.5,32.24427533422347
26.900000000000112,0.43316013226263583,23.9056697338778,0.8091954022988506,0.7359050445103857,1,0.8845679012345679,32,1.5,32.23561842973719
27.000000000000114,0.4336324988190836,23.9056697338778,0.8091954022988506,0.7315634218289085,2,0.8846248462484625,33,1.5,32.229409480083575
27.100000000000115,0.4338686820973075,23.9056697338778,0.8091954022988506,0.7315634218289085,0,0.8848039215686274,32,1.5,32.225363265916585
27.200000000000117,0.43552196504487484,23.9056697338778,0.8091954022988506,0.7315634218289085,0,0.8847374847374847,30,1.5,32.22357030899555
27.300000000000118,0.4359943316013226,23.9056697338778,0.8091954022988506,0.7315634218289085,0,0.8849148418491484,29,1.5,32.22387498818288
27.40000000000012,0.43788379782711384,23.9056697338778,0.8091954022988506,0.7315634218289085,0,0.884969696969697,29,1.5,32.226186352921154
27.50000000000012,0.43906471421823334,23.9056697338778,0.8091954022988506,0.7315634218289085,0,0.8846618357487923,32,1.5,32.23040816684796
27.600000000000122,0.43930089749645723,23.9056697338778,0.8091954022988506,0.7315634218289085,0,0.8848375451263538,33,1.5,32.236434995059646
27.700000000000124,0.43977326405290507,23.9056697338778,0.8091954022988506,0.7294117647058823,1,0.8851318944844124,31,1.5,32.24389312759049
27.800000000000125,0.44024563060935284,23.9056697338778,0.8091954022988506,0.7294117647058823,0,0.8849462365591397,31,1.5,32.25346887529502
27.900000000000126,0.44048181388757673,23.9056697338778,0.8091954022988506,0.7294117647058823,0,0.8847619047619047,30,1.5,32.265774379337756
28.000000000000128,0.44119036372224846,23.9056697338778,0.8091954022988506,0.7294117647058823,0,0.8849347568208779,30,1.5,32.27845150369992
28.10000000000013,0.4428436466698158,23.9056697338778,0.8091954022988506,0.7333333333333333,24,0.8847517730496454,29,1.5,32.289957622876
28.20000000000013,0.4430798299480397,23.9056697338778,0.8091954022988506,0.7333333333333333,0,0.8848056537102473,29,1.5,32.30161134392386
28.300000000000132,0.44355219650448746,23.9056697338778,0.8091954022988506,0.7333333333333333,0,0.885093896713615,30,1.5,32.311503430874325
28.400000000000134,0.44473311289560696,23.9056697338778,0.8091954022988506,0.7333333333333333,0,0.8852631578947369,30,1.5,32.31985336803724
28.500000000000135,0.4466225791213982,23.9056697338778,0.8091954022988506,0.7333333333333333,0,0.8853146853146853,27,1.5,32.326605188038826
28.600000000000136,0.447094945677846,24.18196920964848,0.7862068965517242,0.7333333333333333,1,0.8852497096399535,26,1.5,32.332000871207754
28.700000000000138,0.4473311289560699,24.18196920964848,0.7862068965517242,0.7340720221606648,1,0.8853009259259259,26,1.5,32.33524499072444
28.80000000000014,0.4482758620689655,24.18196920964848,0.7862068965517242,0.7340720221606648,1,0.8852364475201846,28,1.5,32.335976529309875
28.90000000000014,0.4485120453471894,24.18196920964848,0.7862068965517242,0.7340720221606648,1,0.8854022988505748,29,1.5,32.33445125831776
29.000000000000142,0.44922059518186114,24.18196920964848,0.7862068965517242,0.7348066298342542,2,0.8855670103092783,31,1.5,32.33075819539332
29.100000000000144,0.4496929617383089,24.18196920964848,0.7862068965517242,0.7348066298342542,0,0.8853881278538813,30,1.5,32.32507188598227
29.200000000000145,0.45016532829475675,24.18196920964848,0.7862068965517242,0.7348066298342542,0,0.8856655290102389,29,1.5,32.31828066272286
29.300000000000146,0.4508738781294284,24.18196920964848,0.7862068965517242,0.7348066298342542,0,0.8860544217687075,29,1.5,32.310501978997095
29.400000000000148,0.45299952763344353,24.18196920964848,0.7862068965517242,0.7348066298342542,0,0.8861016949152543,26,1.5,32.30186070160949
29.50000000000015,0.45347189418989137,24.18196920964848,0.7862068965517242,0.7348066298342542,0,0.8862612612612613,26,1.5,32.29254418683809
29.60000000000015,0.45370807746811526,24.18196920964848,0.7862068965517242,0.7348066298342542,0,0.886307519640853,26,1.5,32.28302339762474
29.700000000000152,0.4553613604156826,24.18196920964848,0.7862068965517242,0.7348066298342542,1,0.8866890380313199,28,1.5,32.273752767375235
29.800000000000153,0.45583372697213037,24.18196920964848,0.7862068965517242,0.7348066298342542,0,0.8863991081382385,29,1.5,32.26605200954254
29.900000000000155,0.4565422768068021,24.18196920964848,0.7862068965517242,0.7348066298342542,0,0.8864444444444445,31,1.5,32.260380258251764
30.000000000000156,0.45725082664147376,24.18196920964848,0.7862068965517242,0.7327823691460055,1,0.8863787375415283,31,1.5,32.253412315348
30.100000000000158,0.4577231931979216,24.18196920964848,0.7862068965517242,0.7447368421052631,25,0.8860927152317881,31,1.5,32.24597321926366
30.20000000000016,0.4589041095890411,24.18196920964848,0.7862068965517242,0.7447368421052631,0,0.8861386138613861,31,1.5,32.23817176728095
30.30000000000016,0.4598488427019367,24.18196920964848,0.7862068965517242,0.7447368421052631,0,0.8864035087719299,31,1.5,32.230066387141704
30.400000000000162,0.4607935758148323,24.18196920964848,0.7862068965517242,0.7447368421052631,0,0.886448087431694,30,1.5,32.22175612354218
30.500000000000163,0.46173830892772794,24.18196920964848,0.7862068965517242,0.7447368421052631,0,0.8867102396514162,30,1.5,32.213844281365
30.600000000000165,0.4619744922059518,23.66086122047882,0.8091954022988506,0.7427821522309711,1,0.8867535287730728,30,1.5,32.206340265995486
30.700000000000166,0.46268304204062355,23.66086122047882,0.8091954022988506,0.7427821522309711,1,0.887012987012987,30,1.5,32.1991401658693
30.800000000000168,0.4636277751535191,23.66086122047882,0.8091954022988506,0.7427821522309711,0,0.8868392664509169,29,1.5,32.19262109449843
30.90000000000017,0.46528105810108644,23.66086122047882,0.8091954022988506,0.7408376963350786,1,0.8866666666666667,29,1.5,32.190053833258986
31.00000000000017,0.4657534246575342,23.66086122047882,0.8091954022988506,0.741514360313316,1,0.8869239013933548,30,1.5,32.1873913248316
31.100000000000172,0.46669815777042983,23.66086122047882,0.8091954022988506,0.741514360313316,0,0.8870726495726495,32,1.5,32.18427898009928
31.200000000000173,0.4669343410486538,23.66086122047882,0.8091954022988506,0.7395833333333334,1,0.8869009584664537,32,1.5,32.18091755344044
31.300000000000175,0.4681152574397733,23.66086122047882,0.8091954022988506,0.7395833333333334,0,0.8871549893842887,31,1.5,32.177673922382475
31.400000000000176,0.46882380727444495,23.66086122047882,0.8091954022988506,0.7395833333333334,0,0.8873015873015873,31,1.5,32.17454277346737
31.500000000000178,0.4692961738308928,23.66086122047882,0.8091954022988506,0.7395833333333334,0,0.8874472573839662,30,1.5,32.1710661532139
31.60000000000018,0.4702409069437884,23.66086122047882,0.8091954022988506,0.7395833333333334,0,0.8874868559411146,30,1.5,32.167040357322634
31.70000000000018,0.4704770902220123,23.66086122047882,0.8091954022988506,0.7395833333333334,0,0.8876310272536687,30,1.5,32.161808548957055
31.800000000000182,0.4721303731695796,23.66086122047882,0.8091954022988506,0.7395833333333334,0,0.8877742946708463,32,1.5,32.15512333197409
31.900000000000183,0.4723665564478035,23.66086122047882,0.8091954022988506,0.7395833333333334,0,0.8877083333333333,32,1.5,32.14678712563929
32.000000000000185,0.4730751062824752,23.66086122047882,0.8091954022988506,0.7395833333333334,0,0.8877466251298027,30,1.5,32.13664648796496
32.100000000000186,0.4744922059518186,23.66086122047882,0.8091954022988506,0.7468671679197995,25,0.8878881987577639,28,1.5,32.12588525878834
32.20000000000019,0.47543693906471424,23.66086122047882,0.8091954022988506,0.7468671679197995,0,0.8879256965944272,29,1.5,32.11471502968204
32.30000000000019,0.4761454888993859,23.66086122047882,0.8091954022988506,0.7468671679197995,0,0.8878600823045267,28,1.5,32.10391311706098
32.40000000000019,0.47685403873405763,23.66086122047882,0.8091954022988506,0.745,1,0.888,29,1.5,32.09357124452744
32.50000000000019,0.4770902220122815,23.66086122047882,0.8091954022988506,0.745,0,0.8880368098159509,28,1.5,32.08357535674858
32.60000000000019,0.4773264052905054,26.28700673856548,0.7517241379310344,0.745,1,0.8876656472986748,29,1.5,32.073087323873445
32.700000000000195,0.47756258856872935,26.28700673856548,0.7517241379310344,0.7456359102244389,1,0.8878048780487805,28,1.5,32.062105977466764
32.800000000000196,0.47803495512517713,26.28700673856548,0.7517241379310344,0.7456359102244389,0,0.8875379939209727,29,1.5,32.05040519816414
32.9000000000002,0.478271138403401,26.28700673856548,0.7517241379310344,0.7437810945273632,1,0.8875757575757576,29,1.5,32.03847194708086
33.0000000000002,0.47968823807274447,26.28700673856548,0.7517241379310344,0.7437810945273632,1,0.8875125881168178,29,1.5,32.02625830335515
33.1000000000002,0.47992442135096836,26.28700673856548,0.7517241379310344,0.7437810945273632,0,0.8877510040160642,28,1.5,32.01409010612345
33.2000000000002,0.48086915446386397,26.28700673856548,0.7517241379310344,0.7419354838709677,1,0.8875875875875876,27,1.5,32.00207829898172
33.3000000000002,0.48134152102031175,26.28700673856548,0.7517241379310344,0.7419354838709677,0,0.8878243512974052,28,1.5,31.990244826994868
33.400000000000205,0.4818138875767596,26.28700673856548,0.7517241379310344,0.7419354838709677,0,0.8880597014925373,27,1.5,31.979356895422182
33.500000000000206,0.48228625413320736,26.28700673856548,0.7517241379310344,0.7425742574257426,1,0.8878968253968254,28,1.5,31.969104977170865
33.60000000000021,0.48252243741143125,26.28700673856548,0.7517241379310344,0.7407407407407407,1,0.8880316518298714,29,1.5,31.95973060556
33.70000000000021,0.4827586206896552,26.28700673856548,0.7517241379310344,0.7407407407407407,0,0.8881656804733727,29,1.5,31.951157662395875
33.80000000000021,0.4839395370807747,26.28700673856548,0.7517241379310344,0.7407407407407407,0,0.8880039331366765,29,1.5,31.94337463594895
33.90000000000021,0.4844119036372225,26.28700673856548,0.7517241379310344,0.7407407407407407,0,0.8881372549019608,30,1.5,31.93636333094852
34.00000000000021,0.4844119036372225,26.28700673856548,0.7517241379310344,0.7407407407407407,0,0.8882697947214077,30,1.5,31.93009623229609
34.100000000000215,0.4851204534718942,26.28700673856548,0.7517241379310344,0.7404761904761905,25,0.8884015594541911,31,1.5,31.923225627520257
34.200000000000216,0.4853566367501181,26.28700673856548,0.7517241379310344,0.7404761904761905,0,0.8885325558794946,30,1.5,31.91631433440652
34.30000000000022,0.485592820028342,26.28700673856548,0.7517241379310344,0.7404761904761905,0,0.8885658914728682,30,1.5,31.909530850814445
34.40000000000022,0.4867737364194615,26.28700673856548,0.7517241379310344,0.7404761904761905,0,0.8885990338164251,29,1.5,31.902620648279793
34.50000000000022,0.4870099196976854,26.28700673856548,0.7517241379310344,0.7404761904761905,0,0.8886319845857418,30,1.5,31.892601359096254
34.60000000000022,0.4874822862541332,28.848622545641113,0.6919540229885057,0.7404761904761905,0,0.8883765609990394,30,1.5,31.882760313279263
34.70000000000022,0.48795465281058104,28.848622545641113,0.6919540229885057,0.7410926365795725,1,0.8880268199233716,31,1.5,31.872712578575335
34.800000000000225,0.4881908360888049,28.848622545641113,0.6919540229885057,0.7410926365795725,0,0.8879656160458452,32,1.5,31.862605888039546
34.900000000000226,0.48913556920170054,28.848622545641113,0.6919540229885057,0.7417061611374408,1,0.888,31,1.5,31.852601315090745
35.00000000000023,0.48913556920170054,28.848622545641113,0.6919540229885057,0.7417061611374408,1,0.888034188034188,31,1.5,31.842798863491762
35.10000000000023,0.4893717524799244,28.848622545641113,0.6919540229885057,0.7417061611374408,0,0.8881628787878788,30,1.5,31.83298289863642
35.20000000000023,0.49031648559282004,28.848622545641113,0.6919540229885057,0.7399527186761229,1,0.8881019830028328,29,1.5,31.823566841941872
35.30000000000023,0.49126121870571565,28.848622545641113,0.6919540229885057,0.7399527186761229,0,0.888135593220339,29,1.5,31.8147443372997
35.40000000000023,0.49173358526216343,28.848622545641113,0.6919540229885057,0.7399527186761229,0,0.888262910798122,29,1.5,31.80690698628977
35.500000000000234,0.49244213509683515,28.848622545641113,0.6919540229885057,0.7405660377358491,1,0.8884831460674157,32,1.5,31.800414093853043
35.600000000000236,0.49244213509683515,28.848622545641113,0.6919540229885057,0.7405660377358491,1,0.888422035480859,32,1.5,31.795392188639653
35.70000000000024,0.49267831837505904,28.848622545641113,0.6919540229885057,0.7405660377358491,0,0.8881750465549348,32,1.5,31.791876688178743
35.80000000000024,0.49338686820973077,28.848622545641113,0.6919540229885057,0.7405660377358491,0,0.8882079851439183,31,1.5,31.79002602266344
35.90000000000024,0.49362305148795466,28.848622545641113,0.6919540229885057,0.7405660377358491,0,0.8882407407407408,31,1.5,31.790022317706352
36.00000000000024,0.49456778460085027,28.848622545641113,0.6919540229885057,0.7405660377358491,0,0.8882733148661126,33,1.5,31.792042448624485
36.10000000000024,0.49504015115729805,28.848622545641113,0.6919540229885057,0.744920993227991,24,0.8884898710865562,33,1.5,31.794599537751036
36.200000000000244,0.495276334435522,28.848622545641113,0.6919540229885057,0.744920993227991,0,0.8885215794306703,34,1.5,31.798502262743956
36.300000000000246,0.49574870099196977,28.848622545641113,0.6919540229885057,0.744920993227991,0,0.8884615384615384,34,1.5,31.80319116505985
36.40000000000025,0.49622106754841755,28.848622545641113,0.6919540229885057,0.744920993227991,0,0.888675799086758,33,1.5,31.80850229261505
36.50000000000025,0.49716580066131316,28.848622545641113,0.6919540229885057,0.744920993227991,0,0.8887067395264117,32,1.5,31.81449372656592
36.60000000000025,0.497638167217761,30.052614280799805,0.6804597701149425,0.744920993227991,0,0.8885558583106267,32,1.5,31.820931197728843
36.70000000000025,0.4978743504959849,30.052614280799805,0.6804597701149425,0.7454954954954955,1,0.8883152173913044,32,1.5,31.827974770096894
36.80000000000025,0.4981105337742088,30.052614280799805,0.6804597701149425,0.7454954954954955,0,0.8883468834688347,33,1.5,31.83573201137567
36.900000000000254,0.4981105337742088,30.052614280799805,0.6804597701149425,0.7460674157303371,1,0.8883783783783784,33,1.5,31.84394578779791
37.000000000000256,0.4988190836088805,30.052614280799805,0.6804597701149425,0.7460674157303371,1,0.8884097035040431,32,1.5,31.852827802555698
37.10000000000026,0.4988190836088805,30.052614280799805,0.6804597701149425,0.7460674157303371,0,0.8883512544802867,32,1.5,31.862058928997982
37.20000000000026,0.4992914501653283,30.052614280799805,0.6804597701149425,0.7449664429530202,2,0.8881143878462914,32,1.5,31.872542174577262
37.30000000000026,0.5,30.052614280799805,0.6804597701149425,0.7449664429530202,0,0.888235294117647,31,1.5,31.88424499731769
37.40000000000026,0.5007085498346717,30.052614280799805,0.6804597701149425,0.7449664429530202,0,0.8885333333333333,32,1.5,31.897136316047966
37.50000000000026,0.502361832782239,30.052614280799805,0.6804597701149425,0.7449664429530202,1,0.888563829787234,29,1.5,31.911187403873747
37.600000000000264,0.502598016060463,30.052614280799805,0.6804597701149425,0.7449664429530202,0,0.8885057471264368,30,1.5,31.926372797035327
37.700000000000266,0.502598016060463,30.052614280799805,0.6804597701149425,0.7449664429530202,0,0.8883597883597883,30,1.5,31.943408909514332
37.80000000000027,0.5028341993386868,30.052614280799805,0.6804597701149425,0.7449664429530202,0,0.8882145998240984,31,1.5,31.961826248356406
37.90000000000027,0.5033065658951347,30.052614280799805,0.6804597701149425,0.7449664429530202,0,0.8882456140350877,31,1.5,31.981213146945436
38.00000000000027,0.5040151157298063,30.052614280799805,0.6804597701149425,0.7449664429530202,0,0.8881014873140858,31,1.5,32.00185586539909
38.10000000000027,0.5042512990080302,30.052614280799805,0.6804597701149425,0.7505376344086021,24,0.8883071553228621,31,1.5,32.02235608396711
38.20000000000027,0.504959848842702,30.052614280799805,0.6804597701149425,0.7505376344086021,0,0.8885117493472585,33,1.5,32.03774324535027
38.300000000000274,0.5056683986773737,30.052614280799805,0.6804597701149425,0.7505376344086021,0,0.8885416666666667,32,1.5,32.05361963526874
38.400000000000276,0.5063769485120454,30.052614280799805,0.6804597701149425,0.7505376344086021,0,0.8887445887445887,33,1.5,32.06993812200111
38.50000000000028,0.507321681624941,30.052614280799805,0.6804597701149425,0.7505376344086021,0,0.888860103626943,32,1.5,32.08662034358987
38.60000000000028,0.5075578649031649,29.822998899309408,0.6735632183908046,0.7505376344086021,0,0.8888888888888888,32,1.5,32.103565659969064
38.70000000000028,0.5082664147378365,29.822998899309408,0.6735632183908046,0.7505376344086021,1,0.8889175257731958,32,1.5,32.120529247036906
38.80000000000028,0.5092111478507322,29.822998899309408,0.6735632183908046,0.7505376344086021,0,0.889031705227078,34,1.5,32.13796284472665
38.90000000000028,0.5092111478507322,29.822998899309408,0.6735632183908046,0.7510729613733905,1,0.8885470085470085,34,1.5,32.15569483525954
39.000000000000284,0.5092111478507322,29.822998899309408,0.6735632183908046,0.7516059957173448,1,0.8884910485933504,34,1.5,32.17387712849493
39.100000000000286,0.509447331128956,29.822998899309408,0.6735632183908046,0.7516059957173448,0,0.8886054421768708,33,1.5,32.19259094721665
39.20000000000029,0.50968351440718,29.822998899309408,0.6735632183908046,0.75,2,0.8888040712468194,33,1.5,32.21032249236903
39.30000000000029,0.50968351440718,29.822998899309408,0.6735632183908046,0.75,0,0.8890862944162436,33,1.5,32.22680496615684
39.40000000000029,0.5101558809636277,29.822998899309408,0.6735632183908046,0.75,0,0.8891139240506329,32,1.5,32.24202217087515
39.50000000000029,0.5113367973547472,29.822998899309408,0.6735632183908046,0.7484008528784648,1,0.888973063973064,32,1.5,32.25660326124111
39.60000000000029,0.5118091639111951,29.822998899309408,0.6735632183908046,0.7484008528784648,0,0.889168765743073,33,1.5,32.27045539010171
39.700000000000294,0.5127538970240907,29.822998899309408,0.6735632183908046,0.7484008528784648,0,0.8891959798994975,32,1.5,32.28298164692127
39.800000000000296,0.5127538970240907,29.822998899309408,0.6735632183908046,0.7484008528784648,0,0.8891395154553049,32,1.5,32.29429806838049
39.9000000000003,0.5132262635805385,29.822998899309408,0.6735632183908046,0.7484008528784648,0,0.8890833333333333,32,1.5,32.30453554328113
40.0000000000003,0.5139348134152102,29.822998899309408,0.6735632183908046,0.7484008528784648,0,0.8886949293433084,31,1.5,32.31418082096972
40.1000000000003,0.5148795465281059,29.822998899309408,0.6735632183908046,0.756198347107438,24,0.8886401326699834,34,1.5,32.32220787178464
40.2000000000003,0.5151157298063297,29.822998899309408,0.6735632183908046,0.756198347107438,0,0.8886683209263855,34,1.5,32.33340433720693
40.3000000000003,0.5153519130845536,29.822998899309408,0.6735632183908046,0.7546391752577319,1,0.888943894389439,35,1.5,32.344264358611404
40.400000000000304,0.5153519130845536,29.822998899309408,0.6735632183908046,0.7546391752577319,0,0.8890534979423869,35,1.5,32.35431283976404
40.500000000000306,0.5158242796410014,29.822998899309408,0.6735632183908046,0.7546391752577319,0,0.889080459770115,33,1.5,32.36353894631326
40.60000000000031,0.5162966461974492,28.289600320386857,0.7264367816091954,0.7546391752577319,0,0.8892710892710892,33,1.5,32.36351582977017
40.70000000000031,0.5170051960321209,28.289600320386857,0.7264367816091954,0.7546391752577319,1,0.8893790849673202,33,1.5,32.36260792639718
40.80000000000031,0.5172413793103449,28.289600320386857,0.7264367816091954,0.7546391752577319,0,0.8894865525672372,33,1.5,32.361217253339944
40.90000000000031,0.5179499291450166,28.289600320386857,0.7264367816091954,0.7551440329218106,1,0.889349593495935,34,1.5,32.3594895876598
41.00000000000031,0.5191308455361361,28.289600320386857,0.7264367816091954,0.7551440329218106,1,0.889213300892133,33,1.5,32.357584745138794
41.100000000000314,0.5193670288143599,28.289600320386857,0.7264367816091954,0.7551440329218106,0,0.8892394822006473,33,1.5,32.35362344764303
41.200000000000315,0.5196032120925839,28.289600320386857,0.7264367816091954,0.75564681724846,2,0.8890234059725585,33,1.5,32.34887542086159
41.30000000000032,0.5198393953708077,28.289600320386857,0.7264367816091954,0.75564681724846,0,0.8892109500805153,34,1.5,32.3444470486978
41.40000000000032,0.5200755786490316,28.289600320386857,0.7264367816091954,0.75564681724846,0,0.8890763052208835,34,1.5,32.34047418900184
41.50000000000032,0.5210203117619272,28.289600320386857,0.7264367816091954,0.75564681724846,1,0.8893429487179487,33,1.5,32.3370437874595
41.60000000000032,0.5214926783183751,28.289600320386857,0.7264367816091954,0.75564681724846,0,0.8892885691446842,32,1.5,32.33259764992147
41.70000000000032,0.5226735947094946,28.289600320386857,0.7264367816091954,0.75564681724846,0,0.8893939393939394,31,1.5,32.32871940230233
41.800000000000324,0.5231459612659424,28.289600320386857,0.7264367816091954,0.75564681724846,0,0.8893396976929197,32,1.5,32.32622193501607
41.900000000000325,0.5238545111006141,28.289600320386857,0.7264367816091954,0.75564681724846,0,0.8892857142857142,32,1.5,32.32468331132055
42.00000000000033,0.5243268776570619,28.289600320386857,0.7264367816091954,0.75564681724846,0,0.889390340459224,32,1.5,32.323934891307005
42.10000000000033,0.5243268776570619,28.289600320386857,0.7264367816091954,0.7575757575757576,23,0.8890995260663507,32,1.5,32.32331074752042
42.20000000000033,0.5245630609352858,28.289600320386857,0.7264367816091954,0.7575757575757576,0,0.8890464933018124,33,1.5,32.3230481331507
42.30000000000033,0.5247992442135097,28.289600320386857,0.7264367816091954,0.7575757575757576,1,0.8890723270440252,32,1.5,32.32305243201611
42.40000000000033,0.5257439773264053,28.289600320386857,0.7264367816091954,0.7575757575757576,0,0.8891764705882353,33,1.5,32.323194557930364
42.500000000000334,0.5262163438828531,28.289600320386857,0.7264367816091954,0.7560483870967742,1,0.889358372456964,34,1.5,32.32263948140946
42.600000000000335,0.5269248937175248,31.009453593464215,0.6689655172413793,0.7560483870967742,0,0.8894613583138173,34,1.5,32.32137376307432
42.70000000000034,0.5273972602739726,31.009453593464215,0.6689655172413793,0.7565392354124748,1,0.8894859813084112,34,1.5,32.319157983496225
42.80000000000034,0.5281058101086443,31.009453593464215,0.6689655172413793,0.7565392354124748,0,0.8895881895881896,33,1.5,32.31623728938719
42.90000000000034,0.528814359943316,31.009453593464215,0.6689655172413793,0.7565392354124748,1,0.8895348837209303,34,1.5,32.31263748709889
43.00000000000034,0.5295229097779878,31.009453593464215,0.6689655172413793,0.7565392354124748,1,0.8896365042536736,34,1.5,32.308496460111435
43.10000000000034,0.5295229097779878,31.009453593464215,0.6689655172413793,0.7565392354124748,0,0.8895833333333333,34,1.5,32.303988805157374
43.200000000000344,0.5304676428908833,31.009453593464215,0.6689655172413793,0.7550200803212851,2,0.8893764434180138,34,1.5,32.29945103713621
43.300000000000345,0.5314123760037789,31.009453593464215,0.6689655172413793,0.7550200803212851,0,0.8893241167434716,34,1.5,32.295090755748426
43.40000000000035,0.5316485592820028,31.009453593464215,0.6689655172413793,0.7550200803212851,0,0.889272030651341,34,1.5,32.291219353836986
43.50000000000035,0.5318847425602268,31.009453593464215,0.6689655172413793,0.7550200803212851,1,0.889525993883792,34,1.5,32.288484614299456
43.60000000000035,0.5318847425602268,31.009453593464215,0.6689655172413793,0.7550200803212851,0,0.8894736842105263,34,1.5,32.28706157192821
43.70000000000035,0.5321209258384506,31.009453593464215,0.6689655172413793,0.7550200803212851,0,0.8894216133942161,33,1.5,32.286529619141035
43.80000000000035,0.5325932923948984,31.009453593464215,0.6689655172413793,0.7550200803212851,0,0.8895975702353834,32,1.5,32.286987323622526
43.900000000000354,0.5342465753424658,31.009453593464215,0.6689655172413793,0.7550200803212851,0,0.8896212121212121,30,1.5,32.288553964928
44.000000000000355,0.5351913084553613,31.009453593464215,0.6689655172413793,0.7550200803212851,0,0.889644746787604,31,1.5,32.289688555481554
44.10000000000036,0.536136041568257,31.009453593464215,0.6689655172413793,0.7592954990215264,23,0.8896681749622926,33,1.5,32.28769979135984
44.20000000000036,0.5368445914029287,31.009453593464215,0.6689655172413793,0.7592954990215264,0,0.8897667419112114,34,1.5,32.28568595548279
44.30000000000036,0.5370807746811526,31.009453593464215,0.6689655172413793,0.7578125,1,0.8898648648648648,33,1.5,32.28421971705355
44.40000000000036,0.5373169579593765,31.009453593464215,0.6689655172413793,0.7578125,0,0.8898876404494382,33,1.5,32.2828414397947
44.50000000000036,0.5375531412376003,31.009453593464215,0.6689655172413793,0.754863813229572,2,0.8896860986547085,33,1.5,32.28207849945553
44.600000000000364,0.5377893245158243,33.53482849783501,0.5977011494252874,0.754863813229572,0,0.8897091722595079,33,1.5,32.28264254102667
44.700000000000365,0.5380255077940482,33.53482849783501,0.5977011494252874,0.7553398058252427,1,0.8897321428571429,33,1.5,32.28540928601894
44.80000000000037,0.5389702409069438,33.53482849783501,0.5977011494252874,0.7553398058252427,0,0.8897550111358574,32,1.5,32.291115980693
44.90000000000037,0.5399149740198393,33.53482849783501,0.5977011494252874,0.7558139534883721,1,0.8899259259259259,33,1.5,32.30028678175309
45.00000000000037,0.5406235238545111,33.53482849783501,0.5977011494252874,0.7558139534883721,1,0.8896526237989653,32,1.5,32.31032643703461
45.10000000000037,0.5418044402456306,33.53482849783501,0.5977011494252874,0.7558139534883721,0,0.8898967551622419,31,1.5,32.32075187235268
45.20000000000037,0.5425129900803023,33.53482849783501,0.5977011494252874,0.7558139534883721,1,0.8897718910963944,31,1.5,32.331743507917565
45.300000000000374,0.543221539914974,33.53482849783501,0.5977011494252874,0.7558139534883721,0,0.8898678414096917,30,1.5,32.34356591432926
45.400000000000375,0.543221539914974,33.53482849783501,0.5977011494252874,0.7558139534883721,0,0.8898901098901099,30,1.5,32.35655739258004
45.50000000000038,0.5436939064714218,33.53482849783501,0.5977011494252874,0.7558139534883721,0,0.889985380116959,32,1.5,32.370878095296824
45.60000000000038,0.5441662730278696,33.53482849783501,0.5977011494252874,0.7558139534883721,0,0.8899343544857768,32,1.5,32.386447400310935
45.70000000000038,0.5448748228625413,33.53482849783501,0.5977011494252874,0.7558139534883721,0,0.8901018922852983,32,1.5,32.402644015174985
45.80000000000038,0.5460557392536608,33.53482849783501,0.5977011494252874,0.7558139534883721,0,0.8899782135076253,31,1.5,32.419470249220225
45.90000000000038,0.5462919225318847,33.53482849783501,0.5977011494252874,0.7558139534883721,0,0.889927536231884,31,1.5,32.43693051549184
46.000000000000384,0.5472366556447803,33.53482849783501,0.5977011494252874,0.7558139534883721,0,0.8896601590744758,29,1.5,32.45503165857798
46.100000000000385,0.5474728389230042,33.53482849783501,0.5977011494252874,0.7621722846441947,23,0.8895382395382395,30,1.5,32.47215128195319
46.20000000000039,0.5488899385923477,33.53482849783501,0.5977011494252874,0.7621722846441947,0,0.889344852411807,30,1.5,32.48868317717178
46.30000000000039,0.5493623051487955,33.53482849783501,0.5977011494252874,0.7626168224299066,2,0.8894396551724137,32,1.5,32.50594610932225
46.40000000000039,0.5495984884270194,33.53482849783501,0.5977011494252874,0.7626168224299066,0,0.8893906810035842,33,1.5,32.523738180532376
46.50000000000039,0.550307038261691,33.53482849783501,0.5977011494252874,0.7626168224299066,1,0.8892703862660944,35,1.5,32.54133828963847
46.60000000000039,0.550307038261691,33.408976496402566,0.6,0.7626168224299066,0,0.8892933618843684,35,1.5,32.558350668360795
46.700000000000394,0.5510155880963628,33.408976496402566,0.6,0.7630597014925373,1,0.8894586894586894,34,1.5,32.574083424953045
46.800000000000395,0.5514879546528105,33.408976496402566,0.6,0.7630597014925373,0,0.8895522388059701,34,1.5,32.58870644271203
46.9000000000004,0.5526688710439301,33.408976496402566,0.6,0.7639405204460966,2,0.8895744680851064,34,1.5,32.60365764703816
47.0000000000004,0.5531412376003779,33.408976496402566,0.6,0.7639405204460966,1,0.8895258315640481,34,1.5,32.617915476188415
47.1000000000004,0.5533774208786018,33.408976496402566,0.6,0.7639405204460966,0,0.88954802259887,35,1.5,32.631639051443514
47.2000000000004,0.5547945205479452,33.408976496402566,0.6,0.764378478664193,1,0.8894291754756871,34,1.5,32.644889758880055
47.3000000000004,0.5550307038261691,33.408976496402566,0.6,0.764378478664193,0,0.8895921237693389,34,1.5,32.65874268834808
47.400000000000404,0.5557392536608408,33.408976496402566,0.6,0.764378478664193,0,0.8896140350877193,34,1.5,32.672142212292435
47.500000000000405,0.5559754369390647,33.408976496402566,0.6,0.764378478664193,0,0.8894957983193277,35,1.5,32.68550642967282
47.600000000000406,0.5559754369390647,33.408976496402566,0.6,0.764378478664193,0,0.8894479385045423,35,1.5,32.698896636490126
47.70000000000041,0.5562116202172886,33.408976496402566,0.6,0.764378478664193,0,0.8894700139470014,36,1.5,32.712822018030636
47.80000000000041,0.5569201700519604,33.408976496402566,0.6,0.762962962962963,1,0.8895615866388309,35,1.5,32.727305432782714
47.90000000000041,0.557628719886632,33.408976496402566,0.6,0.762962962962963,0,0.8895138888888889,35,1.5,32.74257181888306
48.00000000000041,0.5583372697213037,33.408976496402566,0.6,0.762962962962963,0,0.8893970893970894,33,1.5,32.75906812574045
48.10000000000041,0.5588096362777515,33.408976496402566,0.6,0.7667269439421338,23,0.8895573997233748,33,1.5,32.77516561022134
48.200000000000415,0.5597543693906472,33.408976496402566,0.6,0.7667269439421338,0,0.8895790200138026,33,1.5,32.79090378093421
48.300000000000416,0.5609352857817667,33.408976496402566,0.6,0.7653429602888087,1,0.8897382920110193,32,1.5,32.806502536297735
48.40000000000042,0.5614076523382144,33.408976496402566,0.6,0.7653429602888087,0,0.8896219931271477,33,1.5,32.822498638201665
48.50000000000042,0.5614076523382144,33.408976496402566,0.6,0.7653429602888087,0,0.8897119341563786,33,1.5,32.83938585188418
48.60000000000042,0.5621162021728862,33.280253418957265,0.5816091954022988,0.7653429602888087,0,0.8898015058179329,34,1.5,32.85739566576867
48.70000000000042,0.5630609352857817,33.280253418957265,0.5816091954022988,0.7657657657657657,1,0.8897540983606558,36,1.5,32.876901827725106
48.80000000000042,0.5637694851204534,33.280253418957265,0.5816091954022988,0.7657657657657657,0,0.8899113837764144,34,1.5,32.89782251944252
48.900000000000425,0.5642418516769013,33.280253418957265,0.5816091954022988,0.7666068222621185,2,0.8899319727891156,34,1.5,32.919471461009756
49.000000000000426,0.5649504015115729,33.280253418957265,0.5816091954022988,0.7666068222621185,1,0.8898845892735913,34,1.5,32.94190206720763
49.10000000000043,0.5654227680680208,33.280253418957265,0.5816091954022988,0.7666068222621185,0,0.8899051490514905,35,1.5,32.965150057204525
49.20000000000043,0.5654227680680208,33.280253418957265,0.5816091954022988,0.7670250896057348,1,0.889790398918188,35,1.5,32.988548304603796
49.30000000000043,0.5656589513462447,33.280253418957265,0.5816091954022988,0.7670250896057348,0,0.8897435897435897,34,1.5,33.01177098233666
49.40000000000043,0.5658951346244686,33.280253418957265,0.5816091954022988,0.7670250896057348,0,0.8895622895622896,34,1.5,33.034615073734656
49.50000000000043,0.5663675011809164,33.280253418957265,0.5816091954022988,0.7670250896057348,0,0.8896505376344086,35,1.5,33.05734470955734
49.600000000000435,0.5680207841284837,33.280253418957265,0.5816091954022988,0.7656529516994633,1,0.8898054996646546,33,1.5,33.07956934915359
49.700000000000436,0.5692017005196032,33.280253418957265,0.5816091954022988,0.7656529516994633,0,0.8898929049531459,32,1.5,33.10151817034138
49.80000000000044,0.5696740670760511,33.280253418957265,0.5816091954022988,0.7656529516994633,0,0.8900467601870408,32,1.5,33.12358427308689
49.90000000000044,0.5703826169107227,33.280253418957265,0.5816091954022988,0.7656529516994633,0,0.89,32,1.5,33.14585722387619
50.00000000000044,0.5713273500236183,33.280253418957265,0.5816091954022988,0.7656529516994633,0,0.8898868928809048,30,1.5,33.167720109000456
50.10000000000044,0.5720358998582901,33.280253418957265,0.5816091954022988,0.7669565217391304,23,0.8899734395750332,32,1.5,33.18950030694394
50.20000000000044,0.5722720831365139,33.280253418957265,0.5816091954022988,0.7669565217391304,0,0.8898608349900596,32,1.5,33.21162877493698
50.300000000000445,0.5727444496929618,33.280253418957265,0.5816091954022988,0.765625,1,0.8896825396825396,32,1.5,33.2339766406434
50.400000000000446,0.5732168162494096,33.280253418957265,0.5816091954022988,0.765625,0,0.8894389438943895,33,1.5,33.25670907625148
50.50000000000045,0.5732168162494096,33.280253418957265,0.5816091954022988,0.7642980935875217,1,0.8895256916996047,33,1.5,33.279769396094984
50.60000000000045,0.5732168162494096,32.39048159175833,0.6275862068965518,0.7642980935875217,0,0.8894148586456279,33,1.5,33.303112340069276
50.70000000000045,0.5739253660840813,32.39048159175833,0.6275862068965518,0.7647058823529411,1,0.8894356955380578,33,1.5,33.326494941849504
50.80000000000045,0.5746339159187529,32.39048159175833,0.6275862068965518,0.7647058823529411,0,0.8895874263261296,33,1.5,33.349939858790464
50.90000000000045,0.5751062824752008,32.39048159175833,0.6275862068965518,0.7655172413793103,2,0.8897385620915033,34,1.5,33.37349447939027
51.000000000000455,0.5760510155880963,32.39048159175833,0.6275862068965518,0.7655172413793103,1,0.8894977168949771,34,1.5,33.39721974530832
51.100000000000456,0.5767595654227681,32.39048159175833,0.6275862068965518,0.7655172413793103,0,0.8895182291666667,35,1.5,33.42109846600061
51.20000000000046,0.5767595654227681,32.39048159175833,0.6275862068965518,0.76592082616179,1,0.8896036387264458,35,1.5,33.44459561723425
51.30000000000046,0.5774681152574398,32.39048159175833,0.6275862068965518,0.76592082616179,0,0.8894293125810635,35,1.5,33.46735880282849
51.40000000000046,0.5777042985356636,32.39048159175833,0.6275862068965518,0.76592082616179,0,0.8893203883495145,36,1.5,33.48938858037602
51.50000000000046,0.5781766650921115,32.39048159175833,0.6275862068965518,0.76592082616179,0,0.889405684754522,37,1.5,33.510787788953394
51.60000000000046,0.5781766650921115,32.39048159175833,0.6275862068965518,0.7646048109965635,1,0.8894906511927788,37,1.5,33.53228106893987
51.700000000000465,0.5786490316485593,32.39048159175833,0.6275862068965518,0.7646048109965635,0,0.8893178893178894,36,1.5,33.554097751274284
51.800000000000466,0.579357581483231,32.39048159175833,0.6275862068965518,0.7646048109965635,0,0.8894669235709698,35,1.5,33.57611603520661
51.90000000000047,0.5798299480396788,32.39048159175833,0.6275862068965518,0.7646048109965635,0,0.8893589743589744,34,1.5,33.59858541737921
52.00000000000047,0.5798299480396788,32.39048159175833,0.6275862068965518,0.7646048109965635,0,0.8890595009596929,34,1.5,33.621252431572124
52.10000000000047,0.5800661313179027,32.39048159175833,0.6275862068965518,0.7705192629815746,23,0.8891443167305236,33,1.5,33.64250094394788
52.20000000000047,0.5805384978743505,32.39048159175833,0.6275862068965518,0.7705192629815746,0,0.8891650732950924,33,1.5,33.662942920616715
52.30000000000047,0.5805384978743505,32.39048159175833,0.6275862068965518,0.7709030100334449,1,0.8891221374045801,33,1.5,33.68341644461833
52.400000000000475,0.5814832309872461,32.39048159175833,0.6275862068965518,0.7709030100334449,0,0.8891428571428571,33,1.5,33.70308728686977
52.500000000000476,0.5821917808219178,32.39048159175833,0.6275862068965518,0.7696160267111853,1,0.8892268694550063,33,1.5,33.717149233949684
52.60000000000048,0.5821917808219178,30.532639835441444,0.6574712643678161,0.7696160267111853,0,0.8893738140417458,33,1.5,33.729302148596
52.70000000000048,0.5824279641001417,30.532639835441444,0.6574712643678161,0.77,1,0.8894570707070707,32,1.5,33.741023246309766
52.80000000000048,0.5833726972130373,30.532639835441444,0.6574712643678161,0.7687188019966722,1,0.889413988657845,31,1.5,33.75216791445211
52.90000000000048,0.584317430325933,30.532639835441444,0.6574712643678161,0.7694859038142621,3,0.889433962264151,32,1.5,33.76168129309801
53.00000000000048,0.584317430325933,30.532639835441444,0.6574712643678161,0.7694859038142621,0,0.8890144381669806,32,1.5,33.769640316413934
53.100000000000485,0.584317430325933,30.532639835441444,0.6574712643678161,0.7694859038142621,0,0.8890977443609023,32,1.5,33.77612183904096
53.200000000000486,0.5845536136041568,30.532639835441444,0.6574712643678161,0.7698675496688742,1,0.8890556597873671,32,1.5,33.78094484847598
53.30000000000049,0.5850259801606046,30.532639835441444,0.6574712643678161,0.7698675496688742,0,0.8890761548064919,33,1.5,33.785053545516526
53.40000000000049,0.5852621634388285,30.532639835441444,0.6574712643678161,0.7698675496688742,0,0.8890342679127726,32,1.5,33.788937255919194
53.50000000000049,0.5852621634388285,30.532639835441444,0.6574712643678161,0.7698675496688742,0,0.8889925373134329,32,1.5,33.792978601758996
53.60000000000049,0.5857345299952763,30.532639835441444,0.6574712643678161,0.7698675496688742,0,0.889137181874612,31,1.5,33.79706027343681
53.70000000000049,0.5859707132735003,30.532639835441444,0.6574712643678161,0.7698675496688742,0,0.8892193308550186,31,1.5,33.80137570280867
53.800000000000495,0.5862068965517241,30.532639835441444,0.6574712643678161,0.7698675496688742,0,0.8891774891774892,32,1.5,33.80612147881357
53.900000000000496,0.586679263108172,30.532639835441444,0.6574712643678161,0.7698675496688742,0,0.8892592592592593,31,1.5,33.81148246947777
54.0000000000005,0.5869154463863958,30.532639835441444,0.6574712643678161,0.768595041322314,1,0.8891558841651264,31,1.5,33.81824458788621
54.1000000000005,0.5878601794992915,30.532639835441444,0.6574712643678161,0.7741935483870968,23,0.8891143911439114,30,1.5,33.82344014857021
54.2000000000005,0.5880963627775153,30.532639835441444,0.6574712643678161,0.7741935483870968,0,0.889011663597299,31,1.5,33.82676215993367
54.3000000000005,0.5885687293339632,30.532639835441444,0.6574712643678161,0.7741935483870968,1,0.889031862745098,31,1.5,33.82838761704904
54.4000000000005,0.5885687293339632,30.532639835441444,0.6574712643678161,0.7741935483870968,0,0.8889908256880734,31,1.5,33.82840427354695
54.500000000000504,0.589041095890411,30.532639835441444,0.6574712643678161,0.7741935483870968,0,0.889072039072039,32,1.5,33.826931719652464
54.600000000000506,0.589041095890411,28.40113477025728,0.6988505747126437,0.7741935483870968,0,0.8891529555149299,32,1.5,33.82412353083645
54.70000000000051,0.589041095890411,28.40113477025728,0.6988505747126437,0.7741935483870968,1,0.8891119221411192,32,1.5,33.820002494690875
54.80000000000051,0.5902220122815305,28.40113477025728,0.6988505747126437,0.7741935483870968,0,0.8891924711596843,32,1.5,33.814163480927974
54.90000000000051,0.5906943788379783,28.40113477025728,0.6988505747126437,0.77491961414791,3,0.8892121212121212,32,1.5,33.806989224347944
55.00000000000051,0.5909305621162022,28.40113477025728,0.6988505747126437,0.77491961414791,0,0.8892316999395039,31,1.5,33.798909564038624
55.10000000000051,0.5916391119508739,28.40113477025728,0.6988505747126437,0.77491961414791,0,0.8889492753623188,31,1.5,33.79008039352264
55.200000000000514,0.5921114785073217,28.40113477025728,0.6988505747126437,0.7752808988764045,1,0.8889089813140446,33,1.5,33.78115667685421
55.300000000000516,0.5925838450637695,28.40113477025728,0.6988505747126437,0.7752808988764045,0,0.8889891696750902,33,1.5,33.77219028422242
55.40000000000052,0.5928200283419934,28.40113477025728,0.6988505747126437,0.7740384615384616,1,0.889009009009009,33,1.5,33.76249842584079
55.50000000000052,0.5928200283419934,28.40113477025728,0.6988505747126437,0.7740384615384616,0,0.8889688249400479,33,1.5,33.75334708037703
55.60000000000052,0.5932923948984412,28.40113477025728,0.6988505747126437,0.7740384615384616,0,0.889048473967684,33,1.5,33.7444388904508
55.70000000000052,0.593764761454889,28.40113477025728,0.6988505747126437,0.7740384615384616,0,0.8890083632019116,32,1.5,33.73593335349232
55.80000000000052,0.5940009447331129,28.40113477025728,0.6988505747126437,0.7740384615384616,0,0.8890280262373286,31,1.5,33.72797183255303
55.900000000000524,0.5944733112895607,28.40113477025728,0.6988505747126437,0.7740384615384616,0,0.8886904761904761,32,1.5,33.72078859512434
56.000000000000526,0.5949456778460085,28.40113477025728,0.6988505747126437,0.7740384615384616,0,0.8887700534759359,30,1.5,33.714504503943076
56.10000000000053,0.5956542276806802,28.40113477025728,0.6988505747126437,0.780373831775701,23,0.8886714116251483,30,1.5,33.70680309386969
56.20000000000053,0.5958904109589042,28.40113477025728,0.6988505747126437,0.780373831775701,0,0.8885731201894612,30,1.5,33.69799552848579
56.30000000000053,0.596126594237128,28.40113477025728,0.6988505747126437,0.7807153965785381,1,0.8886524822695036,29,1.5,33.68847143053976
56.40000000000053,0.5970713273500237,28.40113477025728,0.6988505747126437,0.7807153965785381,0,0.8884365781710915,29,1.5,33.677934310372294
56.50000000000053,0.5977798771846953,28.40113477025728,0.6988505747126437,0.7807153965785381,0,0.8884570082449941,29,1.5,33.666135189876925
56.600000000000534,0.5982522437411432,26.904063697979616,0.7540229885057471,0.7807153965785381,0,0.8884773662551441,29,1.5,33.65195069962007
56.700000000000536,0.5982522437411432,26.904063697979616,0.7540229885057471,0.781055900621118,1,0.8884389671361502,29,1.5,33.62994497744363
56.80000000000054,0.5982522437411432,26.904063697979616,0.7540229885057471,0.781055900621118,0,0.8883421206795548,29,1.5,33.60716312003131
56.90000000000054,0.5991969768540387,26.904063697979616,0.7540229885057471,0.781733746130031,3,0.888421052631579,27,1.5,33.58410649175852
57.00000000000054,0.5996693434104865,26.904063697979616,0.7540229885057471,0.781733746130031,0,0.8884413309982487,27,1.5,33.56085008374272
57.10000000000054,0.6001417099669344,26.904063697979616,0.7540229885057471,0.781733746130031,0,0.8885780885780886,27,1.5,33.53759058857363
57.20000000000054,0.600850259801606,26.904063697979616,0.7540229885057471,0.7820710973724884,1,0.8885398487492728,28,1.5,33.51484259230823
57.300000000000544,0.6013226263580539,26.904063697979616,0.7540229885057471,0.7820710973724884,0,0.8886178861788618,28,1.5,33.492715122645095
57.400000000000546,0.6017949929145017,26.904063697979616,0.7540229885057471,0.7820710973724884,1,0.8885797101449275,28,1.5,33.47071443689453
57.50000000000055,0.6022673594709494,26.904063697979616,0.7540229885057471,0.7820710973724884,0,0.8885416666666667,28,1.5,33.448745114120044
57.60000000000055,0.6022673594709494,26.904063697979616,0.7540229885057471,0.7820710973724884,0,0.8885615251299827,28,1.5,33.426811783141524
57.70000000000055,0.6022673594709494,26.904063697979616,0.7540229885057471,0.7820710973724884,0,0.8884083044982699,28,1.5,33.40477170598043
57.80000000000055,0.6025035427491734,26.904063697979616,0.7540229885057471,0.7820710973724884,0,0.888370754173863,27,1.5,33.38222835471038
57.90000000000055,0.6027397260273972,26.904063697979616,0.7540229885057471,0.7796610169491526,2,0.8883333333333333,27,1.5,33.360506967066705
58.000000000000554,0.6032120925838451,26.904063697979616,0.7540229885057471,0.7796610169491526,0,0.8884107860011474,26,1.5,33.338802551387786
58.100000000000556,0.603448275862069,26.904063697979616,0.7540229885057471,0.783661119515885,23,0.8883734249713631,26,1.5,33.31757892480381
58.20000000000056,0.6039206424185167,26.904063697979616,0.7540229885057471,0.783661119515885,0,0.8882218410520297,25,1.5,33.297099965044936
58.30000000000056,0.6043930089749646,26.904063697979616,0.7540229885057471,0.783987915407855,1,0.8883561643835617,26,1.5,33.27621518996751
58.40000000000056,0.6043930089749646,26.904063697979616,0.7540229885057471,0.783987915407855,0,0.8884900284900284,26,1.5,33.25492618878118
58.50000000000056,0.6048653755314124,26.904063697979616,0.7540229885057471,0.783987915407855,0,0.8885665529010239,28,1.5,33.23337659303524
58.60000000000056,0.6051015588096362,25.847662033839402,0.7816091954022989,0.783987915407855,0,0.8886428165814878,28,1.5,33.2116474942884
58.700000000000564,0.6055739253660841,25.847662033839402,0.7816091954022989,0.7843137254901961,1,0.8884920634920634,28,1.5,33.19012684347909
58.800000000000566,0.6060462919225319,25.847662033839402,0.7816091954022989,0.7843137254901961,0,0.8886247877758914,28,1.5,33.168766028446214
58.90000000000057,0.6065186584789797,25.847662033839402,0.7816091954022989,0.7834586466165413,2,0.8884180790960452,28,1.5,33.14757412647995
59.00000000000057,0.6067548417572036,25.847662033839402,0.7816091954022989,0.7834586466165413,0,0.8883248730964467,28,1.5,33.12637313313209
59.10000000000057,0.6067548417572036,25.847662033839402,0.7816091954022989,0.7834586466165413,0,0.8882319819819819,28,1.5,33.104931491376696
59.20000000000057,0.6067548417572036,25.847662033839402,0.7816091954022989,0.7834586466165413,1,0.8879707700955592,28,1.5,33.08323637927998
59.30000000000057,0.6072272083136514,25.847662033839402,0.7816091954022989,0.7834586466165413,0,0.8879910213243547,27,1.5,33.06135000189884
59.400000000000574,0.6074633915918753,25.847662033839402,0.7816091954022989,0.7834586466165413,0,0.8880672268907563,28,1.5,33.03928230286385
59.500000000000576,0.6076995748700992,25.847662033839402,0.7816091954022989,0.7834586466165413,0,0.8881991051454139,27,1.5,33.01698217444154
59.60000000000058,0.6084081247047709,25.847662033839402,0.7816091954022989,0.7834586466165413,0,0.8882188721384702,26,1.5,32.99440845376837
59.70000000000058,0.6084081247047709,25.847662033839402,0.7816091954022989,0.7834586466165413,0,0.8883500557413601,26,1.5,32.97152986435508
59.80000000000058,0.6091166745394426,25.847662033839402,0.7816091954022989,0.7834586466165413,0,0.8883138564273789,26,1.5,32.948325125643066
59.90000000000058,0.6095890410958904,25.847662033839402,0.7816091954022989,0.7834586466165413,2,0.8883333333333333,27,1.5,32.92484676379561
60.00000000000058,0.6095890410958904,25.847662033839402,0.7816091954022989,0.7834586466165413,0,0.8883527454242929,27,1.5,32.901464189518286
60.100000000000584,0.6098252243741143,25.847662033839402,0.7816091954022989,0.7867647058823529,23,0.8884828349944629,27,1.5,32.87926236010691
60.200000000000585,0.6100614076523382,25.847662033839402,0.7816091954022989,0.7867647058823529,0,0.8883913764510779,27,1.5,32.858544133632975
60.30000000000059,0.6102975909305621,25.847662033839402,0.7816091954022989,0.7856093979441997,1,0.888355408388521,28,1.5,32.83857074834459
60.40000000000059,0.6107699574870099,25.847662033839402,0.7816091954022989,0.7856093979441997,0,0.8882644628099173,27,1.5,32.819136632027444
60.50000000000059,0.6110061407652339,25.847662033839402,0.7816091954022989,0.7856093979441997,0,0.8880638063806381,28,1.5,32.80025191999708
60.60000000000059,0.6112423240434577,28.60108428418234,0.7057471264367816,0.7856093979441997,0,0.8880285557386052,29,1.5,32.781895004452316
60.70000000000059,0.6114785073216816,28.60108428418234,0.7057471264367816,0.7847730600292826,2,0.8879934210526316,28,1.5,32.76403429680763
60.800000000000594,0.6121870571563534,28.60108428418234,0.7057471264367816,0.7847730600292826,0,0.8880131362889984,26,1.5,32.74697682971818
60.900000000000595,0.6124232404345772,28.60108428418234,0.7057471264367816,0.7850877192982456,2,0.8880874316939891,26,1.5,32.72965725773113
61.0000000000006,0.6126594237128011,28.60108428418234,0.7057471264367816,0.7850877192982456,0,0.888216039279869,26,1.5,32.709862529456856
61.1000000000006,0.6128956069910251,28.60108428418234,0.7057471264367816,0.7850877192982456,0,0.8882897603485839,25,1.5,32.69164815158258
61.2000000000006,0.6131317902692489,28.60108428418234,0.7057471264367816,0.7854014598540145,1,0.888363240891789,25,1.5,32.67565245006665
61.3000000000006,0.6138403401039206,28.60108428418234,0.7057471264367816,0.7842565597667639,1,0.8882736156351791,25,1.5,32.662586289238476
61.4000000000006,0.6143127066603684,28.60108428418234,0.7057471264367816,0.7842565597667639,0,0.8881842818428184,25,1.5,32.65190805625561
61.500000000000604,0.6143127066603684,28.60108428418234,0.7057471264367816,0.7842565597667639,0,0.888095238095238,25,1.5,32.64317997803531
61.600000000000605,0.6145488899385924,28.60108428418234,0.7057471264367816,0.7842565597667639,0,0.8881685575364667,26,1.5,32.63575824103684
61.70000000000061,0.6147850732168163,28.60108428418234,0.7057471264367816,0.7842565597667639,0,0.8881337648327939,26,1.5,32.629728062136415
61.80000000000061,0.6152574397732641,28.60108428418234,0.7057471264367816,0.7842565597667639,0,0.8879913839526118,28,1.5,32.62515515170023
61.90000000000061,0.6154936230514879,28.60108428418234,0.7057471264367816,0.7842565597667639,0,0.8880645161290323,28,1.5,32.622107378359246
62.00000000000061,0.6157298063297119,28.60108428418234,0.7057471264367816,0.7842565597667639,0,0.888137412775094,27,1.5,32.62064548853973
62.10000000000061,0.6162021728861596,28.60108428418234,0.7057471264367816,0.7883522727272727,23,0.8881028938906752,28,1.5,32.62113696436284
62.200000000000614,0.6169107227208314,28.60108428418234,0.7057471264367816,0.7883522727272727,0,0.8880684858212948,27,1.5,32.62338036552462
62.300000000000615,0.6173830892772791,28.60108428418234,0.7057471264367816,0.7886524822695036,1,0.8880876068376068,27,1.5,32.62726263707245
62.40000000000062,0.6180916391119509,28.60108428418234,0.7057471264367816,0.7886524822695036,0,0.8880533333333334,26,1.5,32.63273993431103
62.50000000000062,0.6185640056683986,28.60108428418234,0.7057471264367816,0.7886524822695036,0,0.8879126730564431,27,1.5,32.63928993852517
62.60000000000062,0.6188001889466226,28.019087184190898,0.7310344827586207,0.7886524822695036,0,0.8879851143009038,26,1.5,32.646603333310196
62.70000000000062,0.6190363722248465,28.019087184190898,0.7310344827586207,0.7889518413597734,2,0.888004246284501,27,1.5,32.65422581206219
62.80000000000062,0.6192725555030704,28.019087184190898,0.7310344827586207,0.7889518413597734,0,0.8879703232644409,27,1.5,32.661735773389125
62.900000000000624,0.6195087387812943,28.019087184190898,0.7310344827586207,0.7889518413597734,2,0.8878835978835978,27,1.5,32.66886984432959
63.000000000000625,0.6197449220595181,28.019087184190898,0.7310344827586207,0.7889518413597734,0,0.8879556259904913,27,1.5,32.67570217788046
63.10000000000063,0.6199811053377421,28.019087184190898,0.7310344827586207,0.7889518413597734,0,0.8879746835443038,27,1.5,32.68685142761397
63.20000000000063,0.6204534718941899,28.019087184190898,0.7310344827586207,0.7892503536067893,1,0.8880463401790416,28,1.5,32.699828186300095
63.30000000000063,0.6206896551724138,28.019087184190898,0.7310344827586207,0.7892503536067893,1,0.8880651945320716,29,1.5,32.713196627232065
63.40000000000063,0.6213982050070855,28.019087184190898,0.7310344827586207,0.7892503536067893,0,0.8881364829396325,28,1.5,32.72711677400219
63.50000000000063,0.6216343882853094,28.019087184190898,0.7310344827586207,0.7892503536067893,0,0.8881551362683439,28,1.5,32.74153100418852
63.600000000000634,0.6216343882853094,28.019087184190898,0.7310344827586207,0.788135593220339,1,0.8879120879120879,28,1.5,32.757101800546856
63.700000000000635,0.6218705715635333,28.019087184190898,0.7310344827586207,0.788135593220339,0,0.8878787878787879,29,1.5,32.77373277469929
63.80000000000064,0.6221067548417573,28.019087184190898,0.7310344827586207,0.788135593220339,0,0.8880542514345331,29,1.5,32.791328347425214
63.90000000000064,0.6221067548417573,28.019087184190898,0.7310344827586207,0.788135593220339,0,0.8880208333333334,29,1.5,32.80979510113872
64.00000000000064,0.6223429381199811,28.019087184190898,0.7310344827586207,0.7870239774330042,1,0.8881955278211129,29,1.5,32.82829848122869
64.10000000000063,0.622579121398205,28.019087184190898,0.7310344827586207,0.7891061452513967,23,0.8882139148494289,29,1.5,32.846484377610444
64.20000000000063,0.6228153046764289,28.019087184190898,0.7310344827586207,0.7891061452513967,0,0.888232244686366,29,1.5,32.86375047633615
64.30000000000062,0.6232876712328768,28.019087184190898,0.7310344827586207,0.7891061452513967,1,0.8881469979296066,28,1.5,32.88006299122882
64.40000000000062,0.6237600377893245,28.019087184190898,0.7310344827586207,0.7891061452513967,0,0.8881653746770026,29,1.5,32.89527773294068
64.50000000000061,0.6237600377893245,28.019087184190898,0.7310344827586207,0.7891061452513967,0,0.8882868937048504,29,1.5,32.90920693550148
64.6000000000006,0.6242324043457723,28.019087184190898,0.7310344827586207,0.7891061452513967,0,0.8883049974240083,29,1.5,32.922309006153455
64.7000000000006,0.6247047709022201,28.83440246992333,0.7172413793103448,0.7894002789400278,1,0.8881172839506173,29,1.5,32.934673552257436
64.8000000000006,0.6247047709022201,28.83440246992333,0.7172413793103448,0.7894002789400278,0,0.8881869542886492,29,1.5,32.946042132240144
64.90000000000059,0.6247047709022201,28.83440246992333,0.7172413793103448,0.7896935933147632,2,0.8881538461538462,29,1.5,32.95710704593239
65.00000000000058,0.624940954180444,28.83440246992333,0.7172413793103448,0.7896935933147632,0,0.8881720430107527,29,1.5,32.968005709268105
65.10000000000058,0.6256495040151158,28.83440246992333,0.7172413793103448,0.7896935933147632,0,0.8881390593047035,29,1.5,32.97884911528441
65.20000000000057,0.6258856872933396,28.83440246992333,0.7172413793103448,0.7896935933147632,1,0.8882593159775396,29,1.5,32.98970895273495
65.30000000000057,0.6261218705715635,28.83440246992333,0.7172413793103448,0.7896935933147632,0,0.8883282364933741,28,1.5,33.00059463295202
65.40000000000056,0.6265942371280113,28.83440246992333,0.7172413793103448,0.7896935933147632,0,0.8883460559796438,28,1.5,33.01155817923322
65.50000000000055,0.6268304204062353,28.83440246992333,0.7172413793103448,0.7896935933147632,0,0.8882621951219513,27,1.5,33.02203683089743
65.60000000000055,0.6268304204062353,28.83440246992333,0.7172413793103448,0.7896935933147632,1,0.8881785895484525,27,1.5,33.032877117561505
65.70000000000054,0.6270666036844591,28.83440246992333,0.7172413793103448,0.7896935933147632,0,0.8881965552178318,27,1.5,33.0438096497952
65.80000000000054,0.627302786962683,28.83440246992333,0.7172413793103448,0.7896935933147632,0,0.888265048052605,26,1.5,33.05496364898647
65.90000000000053,0.627302786962683,28.83440246992333,0.7172413793103448,0.7896935933147632,0,0.8883333333333333,26,1.5,33.066493673398575
66.00000000000053,0.6280113367973548,28.83440246992333,0.7172413793103448,0.7896935933147632,1,0.8884518406454867,28,1.5,33.078414181096484
66.10000000000052,0.6280113367973548,28.83440246992333,0.7172413793103448,0.7912087912087912,23,0.888368580060423,28,1.5,33.08917625414261
66.20000000000051,0.6282475200755786,28.83440246992333,0.7172413793103448,0.7901234567901234,1,0.8885369532428355,27,1.5,33.0987713194578
66.30000000000051,0.6284837033538025,28.83440246992333,0.7172413793103448,0.7904109589041096,1,0.8886044176706828,27,1.5,33.10656656729002
66.4000000000005,0.6287198866320265,28.83440246992333,0.7172413793103448,0.7904109589041096,0,0.8886215538847118,26,1.5,33.11111606870828
66.5000000000005,0.6291922531884743,28.83440246992333,0.7172413793103448,0.7904109589041096,0,0.8885885885885886,26,1.5,33.11269430251329
66.60000000000049,0.6291922531884743,28.83440246992333,0.7172413793103448,0.7904109589041096,0,0.888455772113943,26,1.5,33.113129759709125
66.70000000000049,0.6294284364666981,28.83440246992333,0.7172413793103448,0.7904109589041096,1,0.8883233532934132,26,1.5,33.11252242703218
66.80000000000048,0.6294284364666981,30.54475396602338,0.6666666666666666,0.7904109589041096,0,0.8882411559541604,26,1.5,33.11144257447083
66.90000000000047,0.629664619744922,30.54475396602338,0.6666666666666666,0.7904109589041096,2,0.8882089552238805,27,1.5,33.11008027342303
67.00000000000047,0.6301369863013698,30.54475396602338,0.6666666666666666,0.7904109589041096,0,0.8882762046696473,26,1.5,33.108435241095485
67.10000000000046,0.6303731695795938,30.54475396602338,0.6666666666666666,0.7904109589041096,0,0.8882936507936507,26,1.5,33.10653228665677
67.20000000000046,0.6303731695795938,30.54475396602338,0.6666666666666666,0.7904109589041096,1,0.888410104011887,26,1.5,33.1044331059299
67.30000000000045,0.6306093528578177,30.54475396602338,0.6666666666666666,0.7904109589041096,0,0.88837784371909,27,1.5,33.102304909123035
67.40000000000045,0.6308455361360416,30.54475396602338,0.6666666666666666,0.7904109589041096,0,0.8884444444444445,26,1.5,33.10032495302512
67.50000000000044,0.6310817194142655,30.54475396602338,0.6666666666666666,0.7904109589041096,0,0.888560157790927,26,1.5,33.09873560784279
67.60000000000043,0.6310817194142655,30.54475396602338,0.6666666666666666,0.7904109589041096,0,0.8884785819793205,26,1.5,33.098203006796
67.70000000000043,0.6313179026924893,30.54475396602338,0.6666666666666666,0.7904109589041096,0,0.8883972468043264,26,1.5,33.09876889224146
67.80000000000042,0.6313179026924893,30.54475396602338,0.6666666666666666,0.7904109589041096,0,0.8883652430044182,26,1.5,33.10031318374359
67.90000000000042,0.6315540859707133,30.54475396602338,0.6666666666666666,0.7904109589041096,0,0.8883333333333333,27,1.5,33.102902135366556
68.00000000000041,0.632026452527161,30.54475396602338,0.6666666666666666,0.7904109589041096,1,0.8883015173764073,26,1.5,33.106610577341236
68.1000000000004,0.6324988190836088,30.54475396602338,0.6666666666666666,0.7946308724832215,23,0.8881720430107527,26,1.5,33.11074710113859
68.2000000000004,0.6324988190836088,30.54475396602338,0.6666666666666666,0.7946308724832215,1,0.8882381649585164,26,1.5,33.11571867959221
68.3000000000004,0.6327350023618328,30.54475396602338,0.6666666666666666,0.7949061662198391,1,0.8882066276803119,26,1.5,33.121474561100186
68.40000000000039,0.6334435521965045,30.54475396602338,0.6666666666666666,0.7949061662198391,0,0.8883211678832117,24,1.5,33.128113454290414
68.50000000000038,0.6334435521965045,30.54475396602338,0.6666666666666666,0.7949061662198391,0,0.8883867832847425,24,1.5,33.13583792052289
68.60000000000038,0.6334435521965045,30.54475396602338,0.6666666666666666,0.7949061662198391,0,0.8883066472586123,24,1.5,33.14165619253654
68.70000000000037,0.6334435521965045,30.54475396602338,0.6666666666666666,0.7954545454545454,2,0.8882267441860465,24,1.5,33.14787952665872
68.80000000000037,0.6339159187529523,30.54475396602338,0.6666666666666666,0.7954545454545454,0,0.888243831640058,25,1.5,33.15569384309618
68.90000000000036,0.6343882853094001,30.371006871143614,0.6528735632183909,0.7954545454545454,2,0.8881642512077295,25,1.5,33.164253258988694
69.00000000000036,0.6343882853094001,30.371006871143614,0.6528735632183909,0.7954545454545454,0,0.8881813796430295,25,1.5,33.1736111759109
69.10000000000035,0.6343882853094001,30.371006871143614,0.6528735632183909,0.7954545454545454,0,0.8880057803468208,25,1.5,33.183868626996265
69.20000000000034,0.6343882853094001,30.371006871143614,0.6528735632183909,0.7954545454545454,0,0.887974987974988,25,1.5,33.1951539744644
69.30000000000034,0.6343882853094001,30.371006871143614,0.6528735632183909,0.7954545454545454,0,0.8880403458213256,25,1.5,33.207394838115405
69.40000000000033,0.634860651865848,30.371006871143614,0.6528735632183909,0.7954545454545454,0,0.8880575539568345,24,1.5,33.22023144989089
69.50000000000033,0.6350968351440718,30.371006871143614,0.6528735632183909,0.7954545454545454,0,0.8881704980842912,24,1.5,33.23366141278147
69.60000000000032,0.6353330184222957,30.371006871143614,0.6528735632183909,0.7957276368491322,1,0.8881396461023434,24,1.5,33.247297782771426
69.70000000000032,0.6358053849787435,30.371006871143614,0.6528735632183909,0.7957276368491322,0,0.88810888252149,24,1.5,33.261074479102334
69.80000000000031,0.6360415682569674,30.371006871143614,0.6528735632183909,0.7957276368491322,0,0.8879828326180258,25,1.5,33.274947539661575
69.9000000000003,0.6362777515351913,30.371006871143614,0.6528735632183909,0.7957276368491322,0,0.8879523809523809,25,1.5,33.28918178806205
70.0000000000003,0.6365139348134152,30.371006871143614,0.6528735632183909,0.796,1,0.8878269139324774,26,1.5,33.30388407675226
70.10000000000029,0.6365139348134152,30.371006871143614,0.6528735632183909,0.7997382198952879,23,0.8878917378917379,26,1.5,33.3161480170582
70.20000000000029,0.636986301369863,30.371006871143614,0.6528735632183909,0.7997382198952879,0,0.8879089615931721,27,1.5,33.326160993744644
70.30000000000028,0.636986301369863,30.371006871143614,0.6528735632183909,0.7997382198952879,1,0.8878314393939394,27,1.5,33.33413692440873
70.40000000000028,0.6374586679263108,30.371006871143614,0.6528735632183909,0.7997382198952879,0,0.8878959810874705,26,1.5,33.33902251625689
70.50000000000027,0.6374586679263108,30.371006871143614,0.6528735632183909,0.7997382198952879,0,0.8880075542965061,26,1.5,33.336932290385235
70.60000000000026,0.6379310344827587,30.371006871143614,0.6528735632183909,0.7997382198952879,0,0.8881659594530882,26,1.5,33.33205959388501
70.70000000000026,0.6381672177609825,30.371006871143614,0.6528735632183909,0.7997382198952879,2,0.8880414312617703,26,1.5,33.324568225545015
70.80000000000025,0.6386395843174303,30.371006871143614,0.6528735632183909,0.7997382198952879,0,0.8880582980724024,28,1.5,33.31466062103898
70.90000000000025,0.6386395843174303,30.371006871143614,0.6528735632183909,0.8,2,0.887981220657277,28,1.5,33.302239458172984
71.00000000000024,0.639348134152102,30.041534254643953,0.671264367816092,0.7989556135770235,1,0.8879981247069855,26,1.5,33.28772754650951
71.10000000000024,0.639584317430326,30.041534254643953,0.671264367816092,0.7989556135770235,0,0.8877808988764045,26,1.5,33.27134271965164
71.20000000000023,0.6398205007085498,30.041534254643953,0.671264367816092,0.7989556135770235,0,0.8879382889200561,27,1.5,33.2528383868546
71.30000000000022,0.6398205007085498,30.041534254643953,0.671264367816092,0.7989556135770235,0,0.8878618113912231,27,1.5,33.22771943990305
71.40000000000022,0.6410014170996693,30.041534254643953,0.671264367816092,0.7989556135770235,0,0.887925407925408,26,1.5,33.201203156569
71.50000000000021,0.6412376003778932,30.041534254643953,0.671264367816092,0.7989556135770235,0,0.8879888268156425,25,1.5,33.17312005274717
71.60000000000021,0.641709966934341,30.041534254643953,0.671264367816092,0.7981770833333334,2,0.8880985588098559,24,1.5,33.142583299515664
71.7000000000002,0.6424185167690127,30.041534254643953,0.671264367816092,0.7981770833333334,0,0.8881151346332404,25,1.5,33.105746961710494
71.8000000000002,0.6424185167690127,30.041534254643953,0.671264367816092,0.7981770833333334,0,0.8882243857209087,25,1.5,33.06778952399378
71.90000000000019,0.6424185167690127,30.041534254643953,0.671264367816092,0.7981770833333334,0,0.8881944444444444,25,1.5,33.02917119372726
72.00000000000018,0.6424185167690127,30.041534254643953,0.671264367816092,0.7984395318595578,1,0.8880258899676375,25,1.5,32.990092614460124
72.10000000000018,0.6431270666036845,30.041534254643953,0.671264367816092,0.8005115089514067,23,0.8879963065558634,26,1.5,32.950944272455
72.20000000000017,0.6433632498819084,30.041534254643953,0.671264367816092,0.8005115089514067,0,0.8878745965882895,26,1.5,32.91222103131128
72.30000000000017,0.6435994331601322,30.041534254643953,0.671264367816092,0.7994891443167306,1,0.8877992633517495,26,1.5,32.87506964142174
72.40000000000016,0.6438356164383562,30.041534254643953,0.671264367816092,0.7994891443167306,0,0.8878620689655172,25,1.5,32.8399662602317
72.50000000000016,0.644307982994804,30.041534254643953,0.671264367816092,0.7994891443167306,0,0.8877869605142332,25,1.5,32.80661942746818
72.60000000000015,0.6447803495512517,30.041534254643953,0.671264367816092,0.7994891443167306,0,0.8878954607977991,24,1.5,32.77449972606999
72.70000000000014,0.6450165328294757,30.041534254643953,0.671264367816092,0.8,2,0.8879120879120879,25,1.5,32.74269924640159
72.80000000000014,0.6452527161076995,30.041534254643953,0.671264367816092,0.8,0,0.8878829446730682,26,1.5,32.71115490741948
72.90000000000013,0.6454888993859235,30.041534254643953,0.671264367816092,0.8002544529262087,2,0.8879452054794521,26,1.5,32.679460057202036
73.00000000000013,0.6457250826641474,30.041534254643953,0.671264367816092,0.8002544529262087,0,0.8879160966712266,27,1.5,32.647798069865054
73.10000000000012,0.6457250826641474,31.15795806690399,0.632183908045977,0.8002544529262087,0,0.8877504553734062,27,1.5,32.61590049204775
73.20000000000012,0.6457250826641474,31.15795806690399,0.632183908045977,0.8002544529262087,0,0.8877671668940428,27,1.5,32.58367079131079
73.30000000000011,0.6457250826641474,31.15795806690399,0.632183908045977,0.8002544529262087,0,0.8877384196185286,27,1.5,32.5510796046644
73.4000000000001,0.646669815777043,31.15795806690399,0.632183908045977,0.8002544529262087,0,0.8876643990929706,25,1.5,32.51808941860916
73.5000000000001,0.6471421823334907,31.15795806690399,0.632183908045977,0.8002544529262087,0,0.8876811594202898,25,1.5,32.48466848800021
73.6000000000001,0.6473783656117147,31.15795806690399,0.632183908045977,0.8002544529262087,1,0.8878335594753505,26,1.5,32.45090558243786
73.70000000000009,0.6478507321681625,31.15795806690399,0.632183908045977,0.8002544529262087,0,0.887940379403794,26,1.5,32.416781331245915
73.80000000000008,0.6480869154463864,31.15795806690399,0.632183908045977,0.8002544529262087,0,0.8880018042399639,26,1.5,32.381995704231436
73.90000000000008,0.6483230987246102,31.15795806690399,0.632183908045977,0.8002544529262087,0,0.8878378378378379,26,1.5,32.34692814766375
74.00000000000007,0.6485592820028342,31.15795806690399,0.632183908045977,0.7992376111817027,1,0.8878092667566352,27,1.5,32.31252053355559
74.10000000000007,0.6485592820028342,31.15795806690399,0.632183908045977,0.8019925280199253,23,0.8877807726864331,27,1.5,32.28113946818786
74.20000000000006,0.6487954652810581,31.15795806690399,0.632183908045977,0.8019925280199253,0,0.8877074921489457,28,1.5,32.250992781560775
74.30000000000005,0.6492678318375059,31.15795806690399,0.632183908045977,0.8022388059701493,1,0.8876792114695341,27,1.5,32.22065361571476
74.40000000000005,0.6495040151157299,31.15795806690399,0.632183908045977,0.8022388059701493,0,0.8876510067114094,27,1.5,32.190248966761175
74.50000000000004,0.6497401983939537,31.15795806690399,0.632183908045977,0.8022388059701493,0,0.887444146559428,27,1.5,32.160358436315285
74.60000000000004,0.6499763816721776,31.15795806690399,0.632183908045977,0.8022388059701493,0,0.8874609549308344,27,1.5,32.13131841311736
74.70000000000003,0.6499763816721776,31.15795806690399,0.632183908045977,0.8027295285359801,2,0.8874777183600713,27,1.5,32.10418181252742
74.80000000000003,0.6499763816721776,31.15795806690399,0.632183908045977,0.8027295285359801,0,0.8875834445927904,27,1.5,32.07880884288379
74.90000000000002,0.6506849315068494,31.15795806690399,0.632183908045977,0.8029739776951673,2,0.8876,26,1.5,32.05511370025015
75.00000000000001,0.6509211147850732,31.15795806690399,0.632183908045977,0.8029739776951673,0,0.8876165113182424,26,1.5,32.032670847023184
75.10000000000001,0.6509211147850732,31.15795806690399,0.632183908045977,0.8029739776951673,0,0.8877216312056737,26,1.5,32.010935435289
75.2,0.6516296646197449,30.09639161765678,0.6873563218390805,0.8029739776951673,0,0.8876936697653829,26,1.5,31.989741076716204
75.3,0.6518658478979689,30.09639161765678,0.6873563218390805,0.8029739776951673,0,0.8876657824933687,26,1.5,31.969011153302876
75.39999999999999,0.6523382144544166,30.09639161765678,0.6873563218390805,0.8029739776951673,0,0.8876379690949228,26,1.5,31.947175633757023
75.49999999999999,0.6528105810108644,30.09639161765678,0.6873563218390805,0.8029739776951673,0,0.8876543209876543,27,1.5,31.923753956726372
75.59999999999998,0.6530467642890884,30.09639161765678,0.6873563218390805,0.8029739776951673,1,0.8875825627476882,28,1.5,31.900454696095704
75.69999999999997,0.6535191308455361,30.09639161765678,0.6873563218390805,0.8029739776951673,0,0.8875549692172383,28,1.5,31.87720281146078
75.79999999999997,0.6537553141237601,30.09639161765678,0.6873563218390805,0.8029739776951673,0,0.8875274483970136,28,1.5,31.853928597712336
75.89999999999996,0.6537553141237601,30.09639161765678,0.6873563218390805,0.8029739776951673,0,0.8875,28,1.5,31.83055802752141
75.99999999999996,0.6542276806802079,30.09639161765678,0.6873563218390805,0.8029739776951673,1,0.8874288217257994,27,1.5,31.807247227496518
76.09999999999995,0.6542276806802079,30.09639161765678,0.6873563218390805,0.8070388349514563,23,0.8875328083989501,27,1.5,31.782226740288024
76.19999999999995,0.6544638639584317,30.09639161765678,0.6873563218390805,0.8070388349514563,0,0.8876365224989078,27,1.5,31.755465432855733
76.29999999999994,0.6549362305148796,30.09639161765678,0.6873563218390805,0.8072727272727273,1,0.887565445026178,26,1.5,31.727218680154948
76.39999999999993,0.6556447803495512,30.09639161765678,0.6873563218390805,0.8072727272727273,0,0.8875816993464052,26,1.5,31.697760001647612
76.49999999999993,0.6561171469059991,30.09639161765678,0.6873563218390805,0.8072727272727273,0,0.887597911227154,26,1.5,31.667251201068296
76.59999999999992,0.6568256967406707,30.09639161765678,0.6873563218390805,0.8072727272727273,0,0.8875706214689265,27,1.5,31.636462861814067
76.69999999999992,0.6568256967406707,30.09639161765678,0.6873563218390805,0.8072727272727273,2,0.8875,27,1.5,31.605227837188156
76.79999999999991,0.6568256967406707,30.09639161765678,0.6873563218390805,0.8072727272727273,0,0.8874729085392284,27,1.5,31.573803666852644
76.8999999999999,0.6568256967406707,30.09639161765678,0.6873563218390805,0.8065296251511487,3,0.8874891774891774,27,1.5,31.541797102823278
76.9999999999999,0.6568256967406707,30.09639161765678,0.6873563218390805,0.8065296251511487,0,0.8874621703415477,27,1.5,31.509586307053006
77.0999999999999,0.6568256967406707,30.09639161765678,0.6873563218390805,0.8065296251511487,0,0.8874352331606218,27,1.5,31.477929944742474
77.19999999999989,0.6572980632971186,30.09639161765678,0.6873563218390805,0.8065296251511487,0,0.8874083656748598,27,1.5,31.447103735066847
77.29999999999988,0.6577704298535664,29.55028139501769,0.6827586206896552,0.8065296251511487,0,0.8875538329026701,26,1.5,31.417389662077774
77.39999999999988,0.6582427964100142,29.55028139501769,0.6827586206896552,0.8065296251511487,0,0.8876559139784946,26,1.5,31.389108338696776
77.49999999999987,0.6587151629664619,29.55028139501769,0.6827586206896552,0.8065296251511487,0,0.8877147766323024,26,1.5,31.36268085706019
77.59999999999987,0.6589513462446859,29.55028139501769,0.6827586206896552,0.8067632850241546,1,0.8877734877734877,27,1.5,31.335741913307125
77.69999999999986,0.6589513462446859,29.55028139501769,0.6827586206896552,0.8067632850241546,0,0.8877463581833762,27,1.5,31.310449251973242
77.79999999999986,0.6591875295229098,29.55028139501769,0.6827586206896552,0.8067632850241546,0,0.8875909285408644,27,1.5,31.287414252681312
77.89999999999985,0.6594237128011337,29.55028139501769,0.6827586206896552,0.8067632850241546,0,0.8874358974358975,27,1.5,31.266150253981984
77.99999999999984,0.6594237128011337,29.55028139501769,0.6827586206896552,0.8067632850241546,0,0.8874519846350832,27,1.5,31.24637322005245
78.09999999999984,0.6598960793575814,29.55028139501769,0.6827586206896552,0.8090154211150652,23,0.8875532821824382,27,1.5,31.22867421058897
78.19999999999983,0.6601322626358054,29.55028139501769,0.6827586206896552,0.8090154211150652,0,0.887526607066837,27,1.5,31.213126175743273
78.29999999999983,0.6601322626358054,29.55028139501769,0.6827586206896552,0.8090154211150652,1,0.8875,27,1.5,31.19910301857935
78.39999999999982,0.6608408124704771,29.55028139501769,0.6827586206896552,0.8090154211150652,0,0.887515923566879,27,1.5,31.186574474143487
78.49999999999982,0.661076995748701,29.55028139501769,0.6827586206896552,0.8090154211150652,0,0.8875742154368108,27,1.5,31.17600776344666
78.59999999999981,0.6617855455833727,29.55028139501769,0.6827586206896552,0.8090154211150652,0,0.8875052943667937,27,1.5,31.167379392614375
78.6999999999998,0.6620217288615966,29.55028139501769,0.6827586206896552,0.8092417061611374,2,0.8874365482233503,28,1.5,31.160646627478755
78.7999999999998,0.6622579121398205,29.55028139501769,0.6827586206896552,0.8092417061611374,0,0.8873679763413603,27,1.5,31.156143289977877
78.89999999999979,0.6624940954180444,29.55028139501769,0.6827586206896552,0.8096926713947991,3,0.8872995780590718,26,1.5,31.153852322373464
78.99999999999979,0.6627302786962683,29.55028139501769,0.6827586206896552,0.8096926713947991,0,0.8873156342182891,26,1.5,31.153592027963384
79.09999999999978,0.6627302786962683,29.55028139501769,0.6827586206896552,0.8096926713947991,0,0.8872895622895622,26,1.5,31.15534889487224
79.19999999999978,0.6627302786962683,29.55028139501769,0.6827586206896552,0.8096926713947991,0,0.8872635561160152,26,1.5,31.159099565575772
79.29999999999977,0.6629664619744922,29.55028139501769,0.6827586206896552,0.8096926713947991,0,0.8873635600335852,27,1.5,31.16414625711161
79.39999999999976,0.66343882853094,29.313904950389443,0.6850574712643678,0.8096926713947991,0,0.8874213836477988,26,1.5,31.17043714619255
79.49999999999976,0.6639111950873878,29.313904950389443,0.6850574712643678,0.8096926713947991,0,0.8874790619765495,26,1.5,31.177931165454197
79.59999999999975,0.6641473783656117,29.313904950389443,0.6850574712643678,0.8096926713947991,1,0.8875365955667085,26,1.5,31.18658853125942
79.69999999999975,0.6646197449220596,29.313904950389443,0.6850574712643678,0.8096926713947991,0,0.887468671679198,27,1.5,31.196537028750605
79.79999999999974,0.6648559282002834,29.313904950389443,0.6850574712643678,0.8096926713947991,0,0.8873591989987485,27,1.5,31.207850453630254
79.89999999999974,0.6653282947567313,29.313904950389443,0.6850574712643678,0.8096926713947991,0,0.887375,27,1.5,31.220522363039095
79.99999999999973,0.6655644780349551,29.313904950389443,0.6850574712643678,0.8096926713947991,0,0.8874323761964211,27,1.5,31.23455716580211
80.09999999999972,0.6655644780349551,29.313904950389443,0.6850574712643678,0.8127906976744186,23,0.8874064837905237,27,1.5,31.249800663627944
80.19999999999972,0.665800661313179,29.313904950389443,0.6850574712643678,0.8127906976744186,0,0.8873391448733915,26,1.5,31.267062986445012
80.29999999999971,0.6660368445914029,29.313904950389443,0.6850574712643678,0.8130081300813008,1,0.8873134328358209,27,1.5,31.285812016295765
80.39999999999971,0.6660368445914029,29.313904950389443,0.6850574712643678,0.8130081300813008,0,0.8873291925465838,27,1.5,31.30373978555702
80.4999999999997,0.6667453944260746,29.313904950389443,0.6850574712643678,0.8130081300813008,0,0.8873449131513648,25,1.5,31.322746868378555
80.5999999999997,0.6667453944260746,29.313904950389443,0.6850574712643678,0.8130081300813008,0,0.8873192895497728,25,1.5,31.343035904430128
80.69999999999969,0.6669815777042986,29.313904950389443,0.6850574712643678,0.813441483198146,3,0.8873762376237624,25,1.5,31.364049198779192
80.79999999999968,0.6672177609825224,29.313904950389443,0.6850574712643678,0.813441483198146,0,0.8873094355170993,25,1.5,31.385900355843383
80.89999999999968,0.6679263108171941,29.313904950389443,0.6850574712643678,0.8136574074074074,2,0.8872427983539095,26,1.5,31.408037918239646
80.99999999999967,0.6681624940954181,29.313904950389443,0.6850574712643678,0.8138728323699422,1,0.8871763255240444,26,1.5,31.429707103220267
81.09999999999967,0.6681624940954181,29.313904950389443,0.6850574712643678,0.8138728323699422,0,0.8871921182266009,26,1.5,31.451022441833373
81.19999999999966,0.6681624940954181,29.313904950389443,0.6850574712643678,0.8138728323699422,0,0.887289872898729,26,1.5,31.4717641523519
81.29999999999966,0.6681624940954181,29.313904950389443,0.6850574712643678,0.8138728323699422,0,0.8871826371826372,26,1.5,31.491650400669553
81.39999999999965,0.6681624940954181,29.313904950389443,0.6850574712643678,0.8138728323699422,0,0.88719836400818,26,1.5,31.511423536581976
81.49999999999964,0.6686348606518658,27.975104866032204,0.7333333333333333,0.8138728323699422,0,0.8872549019607843,25,1.5,31.531228231644768
81.59999999999964,0.6693434104865376,27.975104866032204,0.7333333333333333,0.8140877598152425,1,0.8871889024887801,26,1.5,31.551231316284248
81.69999999999963,0.6695795937647615,27.975104866032204,0.7333333333333333,0.8140877598152425,0,0.8872453137734312,26,1.5,31.571567249492897
81.79999999999963,0.6700519603212093,27.975104866032204,0.7333333333333333,0.8140877598152425,0,0.8873015873015873,25,1.5,31.592375601033464
81.89999999999962,0.6702881435994331,27.975104866032204,0.7333333333333333,0.8140877598152425,0,0.8873577235772357,25,1.5,31.61404835759291
81.99999999999962,0.670760510155881,27.975104866032204,0.7333333333333333,0.8140877598152425,0,0.8872919204222492,24,1.5,31.636418136610423
82.09999999999961,0.670760510155881,27.975104866032204,0.7333333333333333,0.8148571428571428,23,0.8872262773722628,24,1.5,31.66185756947955
82.1999999999996,0.6709966934341048,27.975104866032204,0.7333333333333333,0.8148571428571428,0,0.887201296071284,24,1.5,31.68988078291429
82.2999999999996,0.6712328767123288,27.975104866032204,0.7333333333333333,0.8148571428571428,1,0.887257281553398,25,1.5,31.720277962581772
82.3999999999996,0.6714690599905526,27.975104866032204,0.7333333333333333,0.8148571428571428,0,0.8872323232323233,25,1.5,31.7526575231771
82.49999999999959,0.6717052432687766,27.975104866032204,0.7333333333333333,0.8148571428571428,0,0.8872477804681195,25,1.5,31.786825875459
82.59999999999958,0.6719414265470005,27.975104866032204,0.7333333333333333,0.8148571428571428,0,0.8872632003224507,25,1.5,31.82254428504208
82.69999999999958,0.6721776098252243,27.975104866032204,0.7333333333333333,0.815068493150685,2,0.8872785829307569,26,1.5,31.859076900889374
82.79999999999957,0.6724137931034483,27.975104866032204,0.7333333333333333,0.815068493150685,0,0.8872939284278247,25,1.5,31.89605743522338
82.89999999999957,0.6728861596598961,27.975104866032204,0.7333333333333333,0.8152793614595211,2,0.8873895582329318,25,1.5,31.933104385955836
82.99999999999956,0.6728861596598961,27.975104866032204,0.7333333333333333,0.8152793614595211,1,0.887284396309667,25,1.5,31.970135688503934
83.09999999999955,0.67312234293812,27.975104866032204,0.7333333333333333,0.8152793614595211,0,0.8872996794871795,26,1.5,32.00716904379357
83.19999999999955,0.67312234293812,27.975104866032204,0.7333333333333333,0.8152793614595211,0,0.8873549419767908,26,1.5,32.044796123671446
83.29999999999954,0.67312234293812,27.975104866032204,0.7333333333333333,0.8152793614595211,0,0.887410071942446,26,1.5,32.083005623385525
83.39999999999954,0.6735947094945678,27.975104866032204,0.7333333333333333,0.8152793614595211,0,0.8874650698602794,26,1.5,32.12170088014732
83.49999999999953,0.6738308927727917,27.975104866032204,0.7333333333333333,0.8152793614595211,0,0.8874800637958533,25,1.5,32.16078112058064
83.59999999999953,0.6740670760510156,28.1183757495408,0.7057471264367816,0.8152793614595211,1,0.8873357228195938,25,1.5,32.20013872619265
83.69999999999952,0.6747756258856873,28.1183757495408,0.7057471264367816,0.8152793614595211,0,0.8873110580747813,26,1.5,32.239797861081634
83.79999999999951,0.6747756258856873,28.1183757495408,0.7057471264367816,0.8152793614595211,0,0.887206992451331,26,1.5,32.279840225370506
83.89999999999951,0.6750118091639112,28.1183757495408,0.7057471264367816,0.8152793614595211,0,0.8872619047619048,27,1.5,32.3203452180554
83.9999999999995,0.6752479924421351,28.1183757495408,0.7057471264367816,0.8152793614595211,0,0.887316686484344,26,1.5,32.36139082570739
84.0999999999995,0.675484175720359,28.1183757495408,0.7057471264367816,0.8169491525423729,23,0.8872525732383214,26,1.5,32.40311502983838
84.19999999999949,0.6757203589985828,28.1183757495408,0.7057471264367816,0.8169491525423729,0,0.8871095294582839,26,1.5,32.44524042984443
84.29999999999949,0.6757203589985828,28.1183757495408,0.7057471264367816,0.8169491525423729,1,0.8872037914691943,26,1.5,32.4876816549024
84.39999999999948,0.6759565422768068,28.1183757495408,0.7057471264367816,0.8169491525423729,0,0.8872189349112426,26,1.5,32.53043008675385
84.49999999999947,0.6766650921114785,28.1183757495408,0.7057471264367816,0.8169491525423729,0,0.8872340425531915,27,1.5,32.5734270390396
84.59999999999947,0.6766650921114785,28.1183757495408,0.7057471264367816,0.8169491525423729,0,0.8871310507674144,27,1.5,32.61661939340819
84.69999999999946,0.6769012753897025,28.1183757495408,0.7057471264367816,0.8171557562076749,2,0.8871462264150943,26,1.5,32.66000001873891
84.79999999999946,0.6771374586679263,28.1183757495408,0.7057471264367816,0.8171557562076749,0,0.8870043188064389,26,1.5,32.70346349883248
84.89999999999945,0.6773736419461502,28.1183757495408,0.7057471264367816,0.8173618940248027,2,0.8870588235294118,27,1.5,32.746568722483374
84.99999999999945,0.6776098252243741,28.1183757495408,0.7057471264367816,0.8173618940248027,1,0.8870740305522914,27,1.5,32.78922212059419
85.09999999999944,0.677846008502598,28.1183757495408,0.7057471264367816,0.8173618940248027,0,0.8870892018779343,26,1.5,32.83168341404169
85.19999999999943,0.678082191780822,28.1183757495408,0.7057471264367816,0.8173618940248027,0,0.8869871043376318,27,1.5,32.874496165570534
85.29999999999943,0.6783183750590458,28.1183757495408,0.7057471264367816,0.8173618940248027,0,0.8870023419203747,27,1.5,32.91771400541749
85.39999999999942,0.6785545583372697,28.1183757495408,0.7057471264367816,0.8173618940248027,0,0.8870955165692008,26,1.5,32.96146737560142
85.49999999999942,0.6790269248937175,28.1183757495408,0.7057471264367816,0.8173618940248027,0,0.8871495327102804,26,1.5,33.00584706960365
85.59999999999941,0.6790269248937175,28.1183757495408,0.7057471264367816,0.8175675675675675,1,0.8871645274212369,26,1.5,33.051082548567244
85.6999999999994,0.6792631081719415,30.616259539367533,0.6367816091954023,0.8175675675675675,0,0.8872183372183372,25,1.5,33.0971313063962
85.7999999999994,0.6797354747283892,30.616259539367533,0.6367816091954023,0.8175675675675675,0,0.8870391928599146,26,1.5,33.143989136436154
85.8999999999994,0.680207841284837,30.616259539367533,0.6367816091954023,0.8175675675675675,0,0.887015503875969,27,1.5,33.19165102471525
85.99999999999939,0.680207841284837,30.616259539367533,0.6367816091954023,0.8175675675675675,0,0.8870305845915603,27,1.5,33.24011098834876
86.09999999999938,0.680444024563061,30.616259539367533,0.6367816091954023,0.82,23,0.887045630317092,27,1.5,33.2882407636483
86.19999999999938,0.680444024563061,30.616259539367533,0.6367816091954023,0.82,0,0.8869833912707609,27,1.5,33.335288672723564
86.29999999999937,0.680444024563061,30.616259539367533,0.6367816091954023,0.82,1,0.8869598765432098,27,1.5,33.38160177631998
86.39999999999937,0.6806802078412848,30.616259539367533,0.6367816091954023,0.82,0,0.8870134874759152,25,1.5,33.427867065797074
86.49999999999936,0.6811525743977327,30.616259539367533,0.6367816091954023,0.82,0,0.8869515011547344,25,1.5,33.4740924970016
86.59999999999935,0.6811525743977327,30.616259539367533,0.6367816091954023,0.82,0,0.8869665513264129,25,1.5,33.520292274146165
86.69999999999935,0.6816249409541805,30.616259539367533,0.6367816091954023,0.8201997780244173,2,0.8869047619047619,24,1.5,33.56096155642909
86.79999999999934,0.6823334907888522,30.616259539367533,0.6367816091954023,0.8201997780244173,0,0.8869581894898351,25,1.5,33.59977166789507
86.89999999999934,0.6823334907888522,30.616259539367533,0.6367816091954023,0.8203991130820399,2,0.886896551724138,25,1.5,33.6384186285553
86.99999999999933,0.6823334907888522,30.616259539367533,0.6367816091954023,0.8203991130820399,1,0.8868350554917719,25,1.5,33.676921615902174
87.09999999999933,0.682569674067076,30.616259539367533,0.6367816091954023,0.8203991130820399,0,0.8869648318042813,26,1.5,33.71530800340774
87.19999999999932,0.6830420406235238,30.616259539367533,0.6367816091954023,0.8203991130820399,0,0.8868270332187858,26,1.5,33.75361326853641
87.29999999999932,0.6830420406235238,30.616259539367533,0.6367816091954023,0.8203991130820399,0,0.8869183829138062,26,1.5,33.791880777079356
87.39999999999931,0.6837505904581955,30.616259539367533,0.6367816091954023,0.8203991130820399,0,0.8868190476190476,25,1.5,33.83016143687058
87.4999999999993,0.6842229570146434,30.616259539367533,0.6367816091954023,0.8203991130820399,0,0.8868340943683409,24,1.5,33.868526848224256
87.5999999999993,0.6844591402928673,30.616259539367533,0.6367816091954023,0.8205980066445183,1,0.8868491068034968,24,1.5,33.906630802544434
87.69999999999929,0.6846953235710912,30.616259539367533,0.6367816091954023,0.8205980066445183,0,0.8867501898253607,25,1.5,33.944605665406485
87.79999999999929,0.685167690127539,27.843327073172325,0.7149425287356321,0.8205980066445183,0,0.8866894197952219,24,1.5,33.98259138437581
87.89999999999928,0.685167690127539,27.843327073172325,0.7149425287356321,0.8205980066445183,0,0.8867803030303031,24,1.5,34.020734208938606
87.99999999999928,0.6854038734057629,27.843327073172325,0.7149425287356321,0.8205980066445183,0,0.8867574725690504,24,1.5,34.05918533558938
88.09999999999927,0.6856400566839868,27.843327073172325,0.7149425287356321,0.8220524017467249,23,0.8866591080876796,25,1.5,34.094186498619564
88.19999999999926,0.6856400566839868,27.843327073172325,0.7149425287356321,0.8220524017467249,0,0.8865987164967912,25,1.5,34.12188972718749
88.29999999999926,0.6861124232404345,27.843327073172325,0.7149425287356321,0.8220524017467249,1,0.8866138763197586,25,1.5,34.146494640280444
88.39999999999925,0.6863486065186585,27.843327073172325,0.7149425287356321,0.8220524017467249,0,0.8867043314500942,26,1.5,34.168111853036365
88.49999999999925,0.6863486065186585,27.843327073172325,0.7149425287356321,0.8220524017467249,0,0.8866817155756208,26,1.5,34.18687711423223
88.59999999999924,0.6868209730751063,27.843327073172325,0.7149425287356321,0.8220524017467249,0,0.886771890266817,24,1.5,34.20296201181083
88.69999999999924,0.6870571563533302,27.843327073172325,0.7149425287356321,0.8211559432933478,2,0.8866741741741742,24,1.5,34.216035071204786
88.79999999999923,0.687293339631554,27.843327073172325,0.7149425287356321,0.8211559432933478,0,0.8866516685414323,23,1.5,34.22611217090078
88.89999999999922,0.6877657061880019,27.843327073172325,0.7149425287356321,0.8213507625272332,2,0.8867041198501873,23,1.5,34.233490738374655
88.99999999999922,0.6880018894662258,27.843327073172325,0.7149425287356321,0.8215451577801959,1,0.88675645342312,24,1.5,34.23811164958702
89.09999999999921,0.6882380727444497,27.843327073172325,0.7149425287356321,0.8215451577801959,0,0.8868086696562033,24,1.5,34.23987707328351
89.1999999999992,0.6882380727444497,27.843327073172325,0.7149425287356321,0.8215451577801959,0,0.8867114594998133,24,1.5,34.23921891288359
89.2999999999992,0.6884742560226736,27.843327073172325,0.7149425287356321,0.8215451577801959,0,0.8867636092468307,25,1.5,34.236704355436
89.3999999999992,0.6887104393008975,27.843327073172325,0.7149425287356321,0.8217391304347826,1,0.8867783985102421,25,1.5,34.23261316606225
89.49999999999919,0.6889466225791214,27.843327073172325,0.7149425287356321,0.8217391304347826,0,0.8866071428571428,26,1.5,34.228392711008475
89.59999999999918,0.6889466225791214,27.843327073172325,0.7149425287356321,0.8217391304347826,1,0.8865849126718692,26,1.5,34.22387776825764
89.69999999999918,0.6889466225791214,27.843327073172325,0.7149425287356321,0.8217391304347826,0,0.8865998515219006,26,1.5,34.21807239697555
89.79999999999917,0.6889466225791214,27.843327073172325,0.7149425287356321,0.8217391304347826,0,0.8867259918427883,26,1.5,34.211354858612964
89.89999999999917,0.6889466225791214,28.72795895269289,0.6873563218390805,0.8217391304347826,0,0.8867407407407407,26,1.5,34.20412416036835
89.99999999999916,0.6889466225791214,28.72795895269289,0.6873563218390805,0.8217391304347826,0,0.886755456899741,26,1.5,34.19602021498065
90.09999999999916,0.6894189891355692,28.72795895269289,0.6873563218390805,0.822961373390558,22,0.8868440502586844,26,1.5,34.18577029032653
90.19999999999915,0.689891355692017,28.72795895269289,0.6873563218390805,0.822961373390558,0,0.8869324473975637,27,1.5,34.173589055459225
90.29999999999914,0.6901275389702409,28.72795895269289,0.6873563218390805,0.822961373390558,1,0.8868362831858407,28,1.5,34.162526544007186
90.39999999999914,0.6901275389702409,28.72795895269289,0.6873563218390805,0.822961373390558,0,0.8868508287292818,28,1.5,34.15428282726792
90.49999999999913,0.6901275389702409,28.72795895269289,0.6873563218390805,0.822961373390558,0,0.8869021339220015,28,1.5,34.146243657616616
90.59999999999913,0.6901275389702409,28.72795895269289,0.6873563218390805,0.822961373390558,0,0.886843072399853,28,1.5,34.1386834112253
90.69999999999912,0.6901275389702409,28.72795895269289,0.6873563218390805,0.8231511254019293,2,0.8868208516886931,28,1.5,34.13260109645126
90.79999999999912,0.6905999055266887,28.72795895269289,0.6873563218390805,0.8231511254019293,0,0.8868353502016868,28,1.5,34.12826907748286
90.89999999999911,0.6908360888049127,28.72795895269289,0.6873563218390805,0.8235294117647058,2,0.8867765567765568,28,1.5,34.12616949721505
90.9999999999991,0.6908360888049127,28.72795895269289,0.6873563218390805,0.8235294117647058,1,0.8867910720819612,28,1.5,34.1263413016401
91.0999999999991,0.6910722720831365,28.72795895269289,0.6873563218390805,0.8226495726495726,1,0.8868055555555555,27,1.5,34.12926864399055
91.1999999999991,0.6913084553613604,28.72795895269289,0.6873563218390805,0.8226495726495726,0,0.8868565169769989,28,1.5,34.13473889759322
91.29999999999909,0.6913084553613604,28.72795895269289,0.6873563218390805,0.8226495726495726,0,0.886943836615609,28,1.5,34.142229100451544
91.39999999999908,0.6915446386395843,28.72795895269289,0.6873563218390805,0.8228388473852721,1,0.8869581056466302,28,1.5,34.150761490581445
91.49999999999908,0.6917808219178082,28.72795895269289,0.6873563218390805,0.8228388473852721,0,0.8869723435225618,28,1.5,34.159969928696185
91.59999999999907,0.6917808219178082,28.72795895269289,0.6873563218390805,0.8228388473852721,1,0.8870229007633588,28,1.5,34.16871542799096
91.69999999999906,0.6917808219178082,28.72795895269289,0.6873563218390805,0.8228388473852721,0,0.886964415395788,28,1.5,34.170454239770336
91.79999999999906,0.6920170051960322,28.72795895269289,0.6873563218390805,0.8228388473852721,0,0.8868697859992746,28,1.5,34.17265318820065
91.89999999999905,0.6920170051960322,28.72795895269289,0.6873563218390805,0.8228388473852721,0,0.8868478260869566,28,1.5,34.17529127112445
91.99999999999905,0.6920170051960322,29.636268084182714,0.6666666666666666,0.8228388473852721,0,0.8868259138617445,28,1.5,34.17835270355923
92.09999999999904,0.692253188474256,29.636268084182714,0.6666666666666666,0.8237791932059448,21,0.8868402024584238,27,1.5,34.18134686232082
92.19999999999904,0.6927255550307039,29.636268084182714,0.6666666666666666,0.8237791932059448,0,0.8868183459732756,28,1.5,34.18760114428487
92.29999999999903,0.6927255550307039,29.636268084182714,0.6666666666666666,0.8237791932059448,1,0.8868686868686869,28,1.5,34.19269380899617
92.39999999999903,0.6929617383089277,29.636268084182714,0.6666666666666666,0.8237791932059448,0,0.8869189189189189,27,1.5,34.19647230707082
92.49999999999902,0.6934341048653755,29.636268084182714,0.6666666666666666,0.8237791932059448,0,0.8869690424766019,26,1.5,34.198586725085285
92.59999999999901,0.6936702881435994,29.636268084182714,0.6666666666666666,0.8237791932059448,0,0.8869471413160733,26,1.5,34.19267718649598
92.69999999999901,0.6939064714218234,29.636268084182714,0.6666666666666666,0.823966065747614,2,0.8869971264367816,26,1.5,34.18487254498815
92.799999999999,0.6941426547000472,29.636268084182714,0.6666666666666666,0.823966065747614,0,0.8870470039468963,27,1.5,34.17523501692614
92.899999999999,0.6941426547000472,29.636268084182714,0.6666666666666666,0.823966065747614,2,0.8870250896057348,27,1.5,34.16386895774506
92.99999999999899,0.6941426547000472,29.636268084182714,0.6666666666666666,0.823966065747614,1,0.886967418546366,27,1.5,34.15077194323441
93.09999999999899,0.694615021256495,29.636268084182714,0.6666666666666666,0.8241525423728814,1,0.8869456366237483,27,1.5,34.13535318829128
93.19999999999898,0.694615021256495,29.636268084182714,0.6666666666666666,0.8241525423728814,0,0.8869596284387281,27,1.5,34.11781396223239
93.29999999999897,0.6948512045347189,29.636268084182714,0.6666666666666666,0.8241525423728814,0,0.8870092790863668,27,1.5,34.098188599417156
93.39999999999897,0.6950873878129429,29.636268084182714,0.6666666666666666,0.8232804232804233,1,0.8869875222816399,27,1.5,34.076309652113984
93.49999999999896,0.6953235710911667,29.636268084182714,0.6666666666666666,0.8232804232804233,0,0.8870014245014245,27,1.5,34.052528586747364
93.59999999999896,0.6955597543693907,29.636268084182714,0.6666666666666666,0.8232804232804233,1,0.8870508715759516,27,1.5,34.02714681683967
93.69999999999895,0.6955597543693907,29.636268084182714,0.6666666666666666,0.8232804232804233,0,0.8871002132196162,27,1.5,34.00090213779989
93.79999999999895,0.6955597543693907,29.636268084182714,0.6666666666666666,0.8232804232804233,0,0.8871849485268015,27,1.5,33.97405901896125
93.89999999999894,0.6957959376476146,29.636268084182714,0.6666666666666666,0.8232804232804233,0,0.8871631205673759,26,1.5,33.94674292787196
93.99999999999893,0.6962683042040624,29.636268084182714,0.6666666666666666,0.8232804232804233,0,0.8872476089266738,25,1.5,33.91898199776338
94.09999999999893,0.6965044874822862,30.880271089026742,0.6367816091954023,0.8233438485804416,21,0.8870842179759377,26,1.5,33.89026220803419
94.19999999999892,0.6967406707605102,30.880271089026742,0.6367816091954023,0.8233438485804416,0,0.8869211735595617,27,1.5,33.861478806686414
94.29999999999892,0.6969768540387341,30.880271089026742,0.6367816091954023,0.8233438485804416,1,0.8867937853107345,27,1.5,33.83281829574039
94.39999999999891,0.6969768540387341,30.880271089026742,0.6367816091954023,0.8233438485804416,0,0.8868430335097002,27,1.5,33.80467352372136
94.4999999999989,0.6972130373169579,30.880271089026742,0.6367816091954023,0.8233438485804416,0,0.8868921775898521,27,1.5,33.77725484826537
94.5999999999989,0.6972130373169579,30.880271089026742,0.6367816091954023,0.8233438485804416,0,0.8870116156282999,27,1.5,33.749533729652825
94.6999999999989,0.6972130373169579,30.880271089026742,0.6367816091954023,0.8233438485804416,2,0.8870956399437412,27,1.5,33.72047192000584
94.79999999999889,0.6974492205951819,30.880271089026742,0.6367816091954023,0.8233438485804416,0,0.8872146118721461,26,1.5,33.69208833887528
94.89999999999888,0.6976854038734057,30.880271089026742,0.6367816091954023,0.8235294117647058,2,0.8872631578947369,26,1.5,33.66436336087555
94.99999999999888,0.6976854038734057,30.880271089026742,0.6367816091954023,0.8235294117647058,1,0.8872415001752542,26,1.5,33.637284716518366
95.09999999999887,0.6976854038734057,30.880271089026742,0.6367816091954023,0.8235294117647058,1,0.8871848739495798,26,1.5,33.61084246414328
95.19999999999887,0.6976854038734057,30.880271089026742,0.6367816091954023,0.8235294117647058,0,0.8871983210912907,26,1.5,33.58430846408717
95.29999999999886,0.6979215871516297,30.880271089026742,0.6367816091954023,0.8235294117647058,0,0.8871418588399721,27,1.5,33.55403228153878
95.39999999999885,0.6986301369863014,30.880271089026742,0.6367816091954023,0.8235294117647058,1,0.8870157068062827,25,1.5,33.52438531166248
95.49999999999885,0.6988663202645252,30.880271089026742,0.6367816091954023,0.8235294117647058,0,0.8869595536959554,24,1.5,33.49534336668718
95.59999999999884,0.6993386868209731,30.880271089026742,0.6367816091954023,0.8235294117647058,1,0.8869383490073145,24,1.5,33.46686732983885
95.69999999999884,0.6995748700991969,30.880271089026742,0.6367816091954023,0.8235294117647058,0,0.8869867780097426,24,1.5,33.43894081398938
95.79999999999883,0.6998110533774209,30.880271089026742,0.6367816091954023,0.8235294117647058,0,0.8870698644421272,24,1.5,33.41149651781795
95.89999999999883,0.7000472366556448,30.880271089026742,0.6367816091954023,0.8235294117647058,0,0.8871180555555556,25,1.5,33.38475403966732
95.99999999999882,0.7002834199338687,30.880271089026742,0.6367816091954023,0.8235294117647058,0,0.8872008324661811,25,1.5,33.35872372786719
96.09999999999881,0.7002834199338687,30.880271089026742,0.6367816091954023,0.824634655532359,21,0.8871794871794871,25,1.5,33.332743260035
96.19999999999881,0.7002834199338687,31.5986865556059,0.6574712643678161,0.824634655532359,0,0.8872274143302181,25,1.5,33.30660602795329
96.2999999999988,0.7002834199338687,31.5986865556059,0.6574712643678161,0.824634655532359,1,0.8872060857538036,25,1.5,33.280726086390196
96.3999999999988,0.7007557864903164,31.5986865556059,0.6574712643678161,0.824634655532359,0,0.8872193436960276,24,1.5,33.25517894498302
96.49999999999879,0.7014643363249882,31.5986865556059,0.6574712643678161,0.824634655532359,0,0.8871980676328503,24,1.5,33.23006603121208
96.59999999999879,0.7014643363249882,31.5986865556059,0.6574712643678161,0.824634655532359,0,0.88717683557394,24,1.5,33.20533601638761
96.69999999999878,0.7017005196032121,31.5986865556059,0.6574712643678161,0.824634655532359,2,0.8871900826446281,24,1.5,33.18093524464716
96.79999999999878,0.7017005196032121,31.5986865556059,0.6574712643678161,0.824634655532359,0,0.887203302373581,24,1.5,33.15680248368822
96.89999999999877,0.7017005196032121,31.5986865556059,0.6574712643678161,0.8248175182481752,2,0.8871821305841925,24,1.5,33.13308555360928
96.99999999999876,0.7017005196032121,31.5986865556059,0.6574712643678161,0.8248175182481752,1,0.8872296601441813,24,1.5,33.109669341849276
97.09999999999876,0.701936702881436,31.5986865556059,0.6574712643678161,0.8248175182481752,1,0.8871399176954733,24,1.5,33.086470905584505
97.19999999999875,0.7021728861596599,31.5986865556059,0.6574712643678161,0.8248175182481752,0,0.8871873929427886,23,1.5,33.06344214474412
97.29999999999875,0.7024090694378838,31.5986865556059,0.6574712643678161,0.8248175182481752,0,0.8871663244353183,23,1.5,33.04054588653386
97.39999999999874,0.7026452527161077,31.5986865556059,0.6574712643678161,0.825,1,0.8872478632478632,23,1.5,33.01763051651141
97.49999999999874,0.7026452527161077,31.5986865556059,0.6574712643678161,0.825,0,0.8872609289617487,23,1.5,32.99475183796257
97.59999999999873,0.7028814359943316,31.5986865556059,0.6574712643678161,0.825,1,0.8872739679290345,23,1.5,32.971973965544436
97.69999999999872,0.7028814359943316,31.5986865556059,0.6574712643678161,0.825,0,0.8872869802317656,23,1.5,32.949367503380124
97.79999999999872,0.7028814359943316,31.5986865556059,0.6574712643678161,0.825,0,0.8872659176029962,23,1.5,32.926987255122576
97.89999999999871,0.7031176192725554,31.5986865556059,0.6574712643678161,0.825,0,0.8872448979591837,23,1.5,32.90491482466372
97.9999999999987,0.7031176192725554,31.5986865556059,0.6574712643678161,0.825,0,0.8872579001019368,23,1.5,32.88327295675925
98.0999999999987,0.7031176192725554,31.5986865556059,0.6574712643678161,0.8250517598343685,21,0.8872369314324507,23,1.5,32.86137482727457
98.1999999999987,0.7033538025507794,31.5986865556059,0.6574712643678161,0.8250517598343685,0,0.8872838250254323,23,1.5,32.83919889635878
98.29999999999869,0.7035899858290033,31.655403916281937,0.6413793103448275,0.8250517598343685,1,0.8872967479674797,23,1.5,32.81400545461783
98.39999999999868,0.7038261691072272,31.655403916281937,0.6413793103448275,0.8250517598343685,0,0.8872758037225043,23,1.5,32.787355300713976
98.49999999999868,0.7038261691072272,31.655403916281937,0.6413793103448275,0.8250517598343685,0,0.8872210953346856,23,1.5,32.76079780401694
98.59999999999867,0.7038261691072272,31.655403916281937,0.6413793103448275,0.8250517598343685,0,0.8872340425531915,23,1.5,32.73441010173217
98.69999999999867,0.7040623523854511,31.655403916281937,0.6413793103448275,0.8250517598343685,2,0.887246963562753,22,1.5,32.708282015954985
98.79999999999866,0.7042985356636751,31.655403916281937,0.6413793103448275,0.8250517598343685,0,0.8872261543646781,22,1.5,32.68250562577606
98.89999999999866,0.7045347189418989,31.655403916281937,0.6413793103448275,0.8252326783867632,2,0.8872727272727273,23,1.5,32.657235999765106
98.99999999999865,0.7045347189418989,31.655403916281937,0.6413793103448275,0.8252326783867632,1,0.8872855701311806,23,1.5,32.63251659901585
99.09999999999864,0.7045347189418989,31.655403916281937,0.6413793103448275,0.8252326783867632,1,0.8873319892473118,23,1.5,32.608376671841825
99.19999999999864,0.7045347189418989,31.655403916281937,0.6413793103448275,0.8252326783867632,0,0.8872776099362202,23,1.5,32.584899971969094
99.29999999999863,0.7047709022201228,31.655403916281937,0.6413793103448275,0.8252326783867632,0,0.8873574782025486,23,1.5,32.56213726331737
99.39999999999863,0.7047709022201228,31.655403916281937,0.6413793103448275,0.8252326783867632,1,0.8873366834170854,23,1.5,32.540060093258084
99.49999999999862,0.7052432687765706,31.655403916281937,0.6413793103448275,0.8252326783867632,0,0.8872824631860776,23,1.5,32.51865319318382
99.59999999999862,0.7052432687765706,31.655403916281937,0.6413793103448275,0.8254132231404959,1,0.8872952189903043,23,1.5,32.49807550988277
99.69999999999861,0.7052432687765706,31.655403916281937,0.6413793103448275,0.8254132231404959,0,0.8873079492317969,23,1.5,32.47816006472259
99.7999999999986,0.7052432687765706,31.655403916281937,0.6413793103448275,0.8254132231404959,0,0.8872872872872873,23,1.5,32.4589093084552
99.8999999999986,0.7052432687765706,31.655403916281937,0.6413793103448275,0.8254132231404959,0,0.8873,23,1.5,32.440328910331786
99.9999999999986,0.7052432687765706,31.655403916281937,0.6413793103448275,0.8254132231404959,0,0.8872460872460872,23,1.5,32.42242770642944
100.09999999999859,0.7052432687765706,31.655403916281937,0.6413793103448275,0.8271983640081799,21,0.8872588157019294,23,1.5,32.4055114650693
100.19999999999858,0.7054794520547946,31.655403916281937,0.6413793103448275,0.8271983640081799,0,0.8873047524094384,23,1.5,32.389772336124
100.29999999999858,0.7054794520547946,31.655403916281937,0.6413793103448275,0.8271983640081799,1,0.8872841965471447,23,1.5,32.375329486580306
100.39999999999857,0.7057156353330184,30.29197451500008,0.6827586206896552,0.8271983640081799,0,0.8873300165837479,23,1.5,32.36229138704291
100.49999999999856,0.7057156353330184,30.29197451500008,0.6827586206896552,0.8271983640081799,0,0.8872432074221339,23,1.5,32.35069666336221
100.59999999999856,0.7057156353330184,30.29197451500008,0.6827586206896552,0.8271983640081799,0,0.8872227739159219,23,1.5,32.34050985547234
100.69999999999855,0.7057156353330184,30.29197451500008,0.6827586206896552,0.8271983640081799,2,0.8872354497354498,23,1.5,32.33158783114771
100.79999999999855,0.7059518186112423,30.29197451500008,0.6827586206896552,0.8271983640081799,0,0.8872811364387182,23,1.5,32.3241042399588
100.89999999999854,0.7059518186112423,30.29197451500008,0.6827586206896552,0.8273748723186926,2,0.8873267326732673,23,1.5,32.317860706572276
100.99999999999854,0.7064241851676901,30.29197451500008,0.6827586206896552,0.8273748723186926,1,0.8873722387075503,24,1.5,32.312666818600924
101.09999999999853,0.7066603684459141,30.29197451500008,0.6827586206896552,0.8273748723186926,1,0.8874505928853755,24,1.5,32.308275999571286
101.19999999999852,0.7066603684459141,30.29197451500008,0.6827586206896552,0.8273748723186926,0,0.8873971701217506,24,1.5,32.30527297867512
101.29999999999852,0.7066603684459141,30.29197451500008,0.6827586206896552,0.8273748723186926,0,0.8874424720578566,24,1.5,32.30361074353311
101.39999999999851,0.7068965517241379,30.29197451500008,0.6827586206896552,0.8273748723186926,1,0.887487684729064,24,1.5,32.30331332985833
101.49999999999851,0.7071327350023618,30.29197451500008,0.6827586206896552,0.8273748723186926,0,0.8875,22,1.5,32.304404959783874
101.5999999999985,0.7071327350023618,30.29197451500008,0.6827586206896552,0.8273748723186926,1,0.8874139626352016,22,1.5,32.306903462799916
101.6999999999985,0.7071327350023618,30.29197451500008,0.6827586206896552,0.8273748723186926,0,0.887328094302554,22,1.5,32.31082040931127
101.79999999999849,0.7073689182805858,30.29197451500008,0.6827586206896552,0.8273748723186926,0,0.8872751063133791,23,1.5,32.31616237521147
101.89999999999849,0.7076051015588096,30.29197451500008,0.6827586206896552,0.8273748723186926,0,0.8872875816993464,24,1.5,32.32450985609148
101.99999999999848,0.7076051015588096,30.29197451500008,0.6827586206896552,0.8273748723186926,0,0.8872673849167483,24,1.5,32.335378716911194
102.09999999999847,0.7076051015588096,30.29197451500008,0.6827586206896552,0.8288016112789527,21,0.8873450750163079,24,1.5,32.34627143884346
102.19999999999847,0.7076051015588096,30.29197451500008,0.6827586206896552,0.8288016112789527,0,0.887227109807755,24,1.5,32.357301275737626
102.29999999999846,0.7076051015588096,30.29197451500008,0.6827586206896552,0.8289738430583501,1,0.8872721354166667,24,1.5,32.36830400555057
102.39999999999846,0.7076051015588096,30.29197451500008,0.6827586206896552,0.8289738430583501,0,0.8873170731707317,24,1.5,32.37888553731498
102.49999999999845,0.7076051015588096,29.721958901805582,0.6896551724137931,0.8289738430583501,0,0.887264457439896,24,1.5,32.38887435533972
102.59999999999845,0.7078412848370336,29.721958901805582,0.6896551724137931,0.8289738430583501,0,0.8872444011684518,23,1.5,32.39818977875935
102.69999999999844,0.7078412848370336,29.721958901805582,0.6896551724137931,0.8289738430583501,2,0.8872243839169909,23,1.5,32.40688417536539
102.79999999999843,0.7078412848370336,29.721958901805582,0.6896551724137931,0.8289738430583501,0,0.8872044055717525,23,1.5,32.41500004275977
102.89999999999843,0.7078412848370336,29.721958901805582,0.6896551724137931,0.8293172690763052,2,0.8872491909385113,23,1.5,32.42266054331298
102.99999999999842,0.7078412848370336,29.721958901805582,0.6896551724137931,0.8294884653961886,1,0.88729388942774,23,1.5,32.42981348474172
103.09999999999842,0.7078412848370336,29.721958901805582,0.6896551724137931,0.8294884653961886,1,0.8873708010335918,23,1.5,32.43661073174863
103.19999999999841,0.7080774681152574,29.721958901805582,0.6896551724137931,0.8294884653961886,0,0.8873830267828332,23,1.5,32.4431579784031
103.2999999999984,0.7083136513934813,29.721958901805582,0.6896551724137931,0.8294884653961886,0,0.8873629916183108,23,1.5,32.44958230454288
103.3999999999984,0.7083136513934813,29.721958901805582,0.6896551724137931,0.8294884653961886,1,0.8874396135265701,23,1.5,32.456027961097085
103.4999999999984,0.7083136513934813,29.721958901805582,0.6896551724137931,0.8294884653961886,0,0.8874517374517374,23,1.5,32.462650713365946
103.59999999999839,0.7083136513934813,29.721958901805582,0.6896551724137931,0.8296593186372746,1,0.887399549983928,23,1.5,32.46901476292273
103.69999999999838,0.7083136513934813,29.721958901805582,0.6896551724137931,0.8296593186372746,0,0.8872190109184329,23,1.5,32.47487716960909
103.79999999999838,0.7083136513934813,29.721958901805582,0.6896551724137931,0.8296593186372746,0,0.8871992300288739,23,1.5,32.48030037901848
103.89999999999837,0.7083136513934813,29.721958901805582,0.6896551724137931,0.8296593186372746,0,0.8871474358974359,23,1.5,32.48548366700867
103.99999999999837,0.7085498346717053,29.721958901805582,0.6896551724137931,0.8296593186372746,0,0.8871918027537624,23,1.5,32.49068861930341
104.09999999999836,0.7090222012281531,29.721958901805582,0.6896551724137931,0.8321816386969397,21,0.8872040946896993,22,1.5,32.49428685475986
104.19999999999835,0.7090222012281531,29.721958901805582,0.6896551724137931,0.8321816386969397,0,0.8871844039629274,22,1.5,32.496378212679275
104.29999999999835,0.7090222012281531,29.721958901805582,0.6896551724137931,0.8323471400394478,1,0.8872286079182631,22,1.5,32.49671708816172
104.39999999999834,0.7092583845063769,29.721958901805582,0.6896551724137931,0.8323471400394478,0,0.8872727272727273,23,1.5,32.498304854103935
104.49999999999834,0.7092583845063769,29.721958901805582,0.6896551724137931,0.8323471400394478,0,0.8873167622689612,23,1.5,32.49968122392252
104.59999999999833,0.7092583845063769,30.042700893891897,0.6804597701149425,0.8323471400394478,0,0.8872970391595033,23,1.5,32.49986412615591
104.69999999999833,0.7092583845063769,30.042700893891897,0.6804597701149425,0.8323471400394478,2,0.8873091603053435,23,1.5,32.49895677148243
104.79999999999832,0.7092583845063769,30.042700893891897,0.6804597701149425,0.8323471400394478,0,0.8872259294566254,23,1.5,32.49716084789891
104.89999999999831,0.7092583845063769,30.042700893891897,0.6804597701149425,0.8325123152709359,2,0.8872063492063492,23,1.5,32.49482648773885
104.99999999999831,0.7094945677846008,30.042700893891897,0.6804597701149425,0.8326771653543307,1,0.8870916587377101,23,1.5,32.49254061013915
105.0999999999983,0.7094945677846008,30.042700893891897,0.6804597701149425,0.8328416912487709,1,0.8871039290240811,23,1.5,32.49021853998798
105.1999999999983,0.7094945677846008,30.042700893891897,0.6804597701149425,0.8328416912487709,0,0.8871478315922761,23,1.5,32.48811866488903
105.29999999999829,0.7094945677846008,30.042700893891897,0.6804597701149425,0.8328416912487709,0,0.88719165085389,23,1.5,32.48665837949439
105.39999999999829,0.7094945677846008,30.042700893891897,0.6804597701149425,0.8328416912487709,1,0.887172195892575,23,1.5,32.48603383270514
105.49999999999828,0.7094945677846008,30.042700893891897,0.6804597701149425,0.8328416912487709,0,0.8872474747474748,23,1.5,32.48660538811757
105.59999999999827,0.7094945677846008,30.042700893891897,0.6804597701149425,0.8330058939096268,1,0.8872595395774203,23,1.5,32.48807825077818
105.69999999999827,0.7094945677846008,30.042700893891897,0.6804597701149425,0.8330058939096268,0,0.887177063642092,23,1.5,32.49016241975432
105.79999999999826,0.7094945677846008,30.042700893891897,0.6804597701149425,0.8330058939096268,0,0.8871891721750079,23,1.5,32.49464084686722
105.89999999999826,0.7094945677846008,30.042700893891897,0.6804597701149425,0.8330058939096268,0,0.8872012578616352,23,1.5,32.49913521684263
105.99999999999825,0.7097307510628248,30.042700893891897,0.6804597701149425,0.8330058939096268,0,0.887181903864279,23,1.5,32.50341526443398
106.09999999999825,0.7097307510628248,30.042700893891897,0.6804597701149425,0.8339805825242719,21,0.8870998116760829,23,1.5,32.51076020517672
106.19999999999824,0.7097307510628248,30.042700893891897,0.6804597701149425,0.8339805825242719,0,0.8871433051113201,23,1.5,32.5200419136216
106.29999999999824,0.7097307510628248,30.042700893891897,0.6804597701149425,0.8339805825242719,1,0.8872180451127819,23,1.5,32.53091549725906
106.39999999999823,0.7097307510628248,30.042700893891897,0.6804597701149425,0.8341416100872939,1,0.8871048513302034,23,1.5,32.543227478517935
106.49999999999822,0.7097307510628248,30.042700893891897,0.6804597701149425,0.8341416100872939,0,0.8870856785490931,23,1.5,32.55722043085766
106.59999999999822,0.7097307510628248,30.042700893891897,0.6804597701149425,0.8341416100872939,0,0.8871602624179944,23,1.5,32.57281617540081
106.69999999999821,0.7097307510628248,29.51177854167599,0.6873563218390805,0.8343023255813954,1,0.8871410736579276,23,1.5,32.59007406145985
106.7999999999982,0.7097307510628248,29.51177854167599,0.6873563218390805,0.8343023255813954,0,0.8870907390084191,23,1.5,32.60863977685018
106.8999999999982,0.7097307510628248,29.51177854167599,0.6873563218390805,0.8346228239845261,2,0.8870093457943925,23,1.5,32.62807345355377
106.9999999999982,0.7097307510628248,29.51177854167599,0.6873563218390805,0.8346228239845261,1,0.8870837223778401,23,1.5,32.648112817778646
107.09999999999819,0.7097307510628248,29.51177854167599,0.6873563218390805,0.8346228239845261,1,0.887157960199005,23,1.5,32.66849453828215
107.19999999999818,0.7097307510628248,29.51177854167599,0.6873563218390805,0.8346228239845261,0,0.8871388630009319,23,1.5,32.68868772781062
107.29999999999818,0.7097307510628248,29.51177854167599,0.6873563218390805,0.8346228239845261,0,0.8871198013656114,23,1.5,32.70862754443072
107.39999999999817,0.7097307510628248,29.51177854167599,0.6873563218390805,0.8347826086956521,1,0.8870697674418605,23,1.5,32.728587246802995
107.49999999999817,0.7097307510628248,29.51177854167599,0.6873563218390805,0.8347826086956521,0,0.8871127633209418,23,1.5,32.7445902313793
107.59999999999816,0.7097307510628248,29.51177854167599,0.6873563218390805,0.834942084942085,1,0.8871247291860105,23,1.5,32.75501858129135
107.69999999999816,0.7097307510628248,29.51177854167599,0.6873563218390805,0.834942084942085,0,0.8871985157699444,23,1.5,32.76505057683413
107.79999999999815,0.7097307510628248,29.51177854167599,0.6873563218390805,0.834942084942085,0,0.8872721655854185,23,1.5,32.77445090115732
107.89999999999814,0.7099669343410486,29.51177854167599,0.6873563218390805,0.834942084942085,0,0.8871604938271604,23,1.5,32.78312115807777
107.99999999999814,0.7099669343410486,29.51177854167599,0.6873563218390805,0.834942084942085,0,0.8871106999691644,23,1.5,32.790969068189135
108.09999999999813,0.7099669343410486,29.51177854167599,0.6873563218390805,0.8344497607655502,21,0.8871226124460875,23,1.5,32.79978584858869
108.19999999999813,0.7104393008974964,29.51177854167599,0.6873563218390805,0.8344497607655502,0,0.8871652816251154,24,1.5,32.80945716352682
108.29999999999812,0.7104393008974964,29.51177854167599,0.6873563218390805,0.8344497607655502,1,0.8871771217712177,24,1.5,32.81999960156422
108.39999999999812,0.7104393008974964,29.51177854167599,0.6873563218390805,0.8346080305927343,1,0.8870353302611367,24,1.5,32.83157903037314
108.49999999999811,0.7104393008974964,29.51177854167599,0.6873563218390805,0.8346080305927343,0,0.8869858809085328,24,1.5,32.84431327142406
108.5999999999981,0.7104393008974964,29.51177854167599,0.6873563218390805,0.8346080305927343,0,0.8869671879791475,24,1.5,32.85805872046473
108.6999999999981,0.7104393008974964,29.51177854167599,0.6873563218390805,0.8346080305927343,1,0.8870098039215686,24,1.5,32.87290948391821
108.7999999999981,0.7104393008974964,29.778800966358272,0.6781609195402298,0.8346080305927343,0,0.8869911233547597,24,1.5,32.889111389368686
108.89999999999809,0.7104393008974964,29.778800966358272,0.6781609195402298,0.8346080305927343,2,0.8870336391437309,24,1.5,32.90652425224163
108.99999999999808,0.7104393008974964,29.778800966358272,0.6781609195402298,0.8346080305927343,1,0.8871066300030553,24,1.5,32.92500072302046
109.09999999999808,0.7109116674539443,29.778800966358272,0.6781609195402298,0.8346080305927343,1,0.886996336996337,25,1.5,32.94449503111105
109.19999999999807,0.7111478507321681,29.778800966358272,0.6781609195402298,0.8346080305927343,0,0.8870082342177493,24,1.5,32.965051387486774
109.29999999999806,0.7113840340103921,29.778800966358272,0.6781609195402298,0.8346080305927343,0,0.8869896404631322,23,1.5,32.98605455439255
109.39999999999806,0.7113840340103921,29.778800966358272,0.6781609195402298,0.8347659980897804,1,0.887062404870624,23,1.5,33.006904622237776
109.49999999999805,0.7113840340103921,29.778800966358272,0.6781609195402298,0.8347659980897804,0,0.8870742092457421,23,1.5,33.02774413479393
109.59999999999805,0.711620217288616,29.778800966358272,0.6781609195402298,0.8347659980897804,1,0.8870859920996658,22,1.5,33.048310056649065
109.69999999999804,0.7120925838450638,29.778800966358272,0.6781609195402298,0.8347659980897804,0,0.8870370370370371,22,1.5,33.068797144283145
109.79999999999804,0.7120925838450638,29.778800966358272,0.6781609195402298,0.8347659980897804,0,0.8870488322717622,22,1.5,33.089011369278765
109.89999999999803,0.7123287671232876,29.778800966358272,0.6781609195402298,0.8347659980897804,0,0.8870606060606061,23,1.5,33.108839862721275
109.99999999999802,0.7123287671232876,29.778800966358272,0.6781609195402298,0.8347659980897804,0,0.8870723584620043,23,1.5,33.12825736483927
110.09999999999802,0.7123287671232876,29.778800966358272,0.6781609195402298,0.8347578347578347,21,0.8869933454325469,23,1.5,33.148036909191966
110.19999999999801,0.7125649504015116,29.778800966358272,0.6781609195402298,0.8347578347578347,0,0.8869144756724086,23,1.5,33.167860865800925
110.29999999999801,0.7128011336797355,29.778800966358272,0.6781609195402298,0.8347578347578347,1,0.8869565217391304,23,1.5,33.18755793223283
110.399999999998,0.7132735002361833,29.778800966358272,0.6781609195402298,0.8349146110056926,1,0.8868778280542986,24,1.5,33.207021699360446
110.499999999998,0.7135096835144071,29.778800966358272,0.6781609195402298,0.8349146110056926,0,0.8869198312236287,25,1.5,33.22609961062816
110.59999999999799,0.7137458667926311,29.778800966358272,0.6781609195402298,0.8349146110056926,0,0.886961758506474,26,1.5,33.24510658794754
110.69999999999798,0.713982050070855,29.778800966358272,0.6781609195402298,0.8350710900473933,1,0.8870036101083032,26,1.5,33.26419610250371
110.79999999999798,0.713982050070855,29.778800966358272,0.6781609195402298,0.8350710900473933,0,0.8869552149083259,26,1.5,33.28275398226218
110.89999999999797,0.713982050070855,30.601183717874225,0.6482758620689655,0.8352272727272727,2,0.8868768768768769,26,1.5,33.30117121978544
110.99999999999797,0.7144544166273028,30.601183717874225,0.6482758620689655,0.8352272727272727,1,0.8868886888688869,24,1.5,33.31931131814736
111.09999999999796,0.7146905999055266,30.601183717874225,0.6482758620689655,0.8352272727272727,1,0.8868705035971223,23,1.5,33.33709443050284
111.19999999999796,0.7146905999055266,30.601183717874225,0.6482758620689655,0.8352272727272727,0,0.8869122491764001,23,1.5,33.3544887200804
111.29999999999795,0.7146905999055266,30.601183717874225,0.6482758620689655,0.8352272727272727,0,0.8869539198084979,23,1.5,33.371467803564805
111.39999999999795,0.7149267831837506,30.601183717874225,0.6482758620689655,0.8353831598864712,1,0.8869955156950673,22,1.5,33.388467952969556
111.49999999999794,0.7151629664619745,30.601183717874225,0.6482758620689655,0.8353831598864712,0,0.8869772998805256,22,1.5,33.40557789588528
111.59999999999793,0.7151629664619745,30.601183717874225,0.6482758620689655,0.8353831598864712,1,0.8870486421963593,22,1.5,33.42275796496016
111.69999999999793,0.7151629664619745,30.601183717874225,0.6482758620689655,0.8353831598864712,0,0.8870304114490161,22,1.5,33.43995004619532
111.79999999999792,0.7156353330184223,30.601183717874225,0.6482758620689655,0.8353831598864712,0,0.8869824247840333,22,1.5,33.45707200602044
111.89999999999792,0.7165800661313179,30.601183717874225,0.6482758620689655,0.8353831598864712,0,0.8869642857142858,22,1.5,33.474031063954946
111.99999999999791,0.7170524326877658,30.601183717874225,0.6482758620689655,0.8353831598864712,0,0.8868867082961641,22,1.5,33.49074031110455
112.0999999999979,0.7172886159659896,30.601183717874225,0.6482758620689655,0.8369259606373008,21,0.8868983957219251,23,1.5,33.5069979531458
112.1999999999979,0.7172886159659896,30.601183717874225,0.6482758620689655,0.8369259606373008,0,0.8868803799346987,23,1.5,33.522468680165325
112.2999999999979,0.7175247992442135,30.601183717874225,0.6482758620689655,0.8369259606373008,1,0.886803084223013,23,1.5,33.5376483971279
112.39999999999789,0.7175247992442135,30.601183717874225,0.6482758620689655,0.8369259606373008,1,0.8867555555555555,23,1.5,33.553851573647094
112.49999999999788,0.7179971658006613,30.601183717874225,0.6482758620689655,0.8369259606373008,0,0.8868561278863233,23,1.5,33.57333725681656
112.59999999999788,0.7182333490788853,30.601183717874225,0.6482758620689655,0.8369259606373008,0,0.8868677905944987,22,1.5,33.59606939255365
112.69999999999787,0.718705715635333,30.601183717874225,0.6482758620689655,0.8370786516853933,1,0.8868794326241135,21,1.5,33.61794451773384
112.79999999999787,0.7194142654700048,30.601183717874225,0.6482758620689655,0.8370786516853933,0,0.8868615293770298,20,1.5,33.63901442794706
112.89999999999786,0.7198866320264525,30.601183717874225,0.6482758620689655,0.8372310570626754,2,0.8867846607669616,20,1.5,33.65956519387248
112.99999999999785,0.7203589985829003,29.871389239316578,0.6689655172413793,0.8373831775700935,1,0.8868552903035661,20,1.5,33.67989591552732
113.09999999999785,0.7205951818611243,29.871389239316578,0.6689655172413793,0.8375350140056023,1,0.8869257950530035,20,1.5,33.69965237439968
113.19999999999784,0.7205951818611243,29.871389239316578,0.6689655172413793,0.8375350140056023,0,0.8868784936746101,20,1.5,33.71894470324905
113.29999999999784,0.721303731695796,29.871389239316578,0.6689655172413793,0.8375350140056023,0,0.8868606701940035,21,1.5,33.737908248438664
113.39999999999783,0.721303731695796,29.871389239316578,0.6689655172413793,0.8376865671641791,1,0.8868722466960353,21,1.5,33.75624074384935
113.49999999999783,0.721303731695796,29.871389239316578,0.6689655172413793,0.8376865671641791,0,0.8869424882629108,21,1.5,33.77449937154072
113.59999999999782,0.7217760982522438,29.871389239316578,0.6689655172413793,0.8378378378378378,1,0.8868660216945178,20,1.5,33.792723299258725
113.69999999999781,0.7217760982522438,29.871389239316578,0.6689655172413793,0.8378378378378378,0,0.8869068541300528,20,1.5,33.81100703473198
113.79999999999781,0.7222484648086915,29.871389239316578,0.6689655172413793,0.8378378378378378,0,0.8868305531167691,19,1.5,33.82945236574002
113.8999999999978,0.7222484648086915,29.871389239316578,0.6689655172413793,0.8378378378378378,0,0.8867543859649123,19,1.5,33.848501034336316
113.9999999999978,0.7229570146433633,29.871389239316578,0.6689655172413793,0.8378378378378378,0,0.8867952088810984,19,1.5,33.86903947277778
114.09999999999779,0.723429381199811,29.871389239316578,0.6689655172413793,0.8403669724770643,21,0.886835960303561,19,1.5,33.89087423233578
114.19999999999779,0.723665564478035,29.871389239316578,0.6689655172413793,0.8403669724770643,0,0.8867891513560805,19,1.5,33.91496672850122
114.29999999999778,0.723665564478035,29.871389239316578,0.6689655172413793,0.84051329055912,1,0.8868006993006993,19,1.5,33.93950188324225
114.39999999999777,0.7239017477562588,29.871389239316578,0.6689655172413793,0.8406593406593407,1,0.8867248908296943,18,1.5,33.965417674507066
114.49999999999777,0.7248464808691545,29.871389239316578,0.6689655172413793,0.8406593406593407,0,0.8867073880162886,18,1.5,33.993849082785786
114.59999999999776,0.7248464808691545,29.871389239316578,0.6689655172413793,0.8406593406593407,0,0.8867480383609416,18,1.5,34.024687942772566
114.69999999999776,0.7250826641473783,29.871389239316578,0.6689655172413793,0.8408051235132662,1,0.8867886178861789,18,1.5,34.05762260296946
114.79999999999775,0.7250826641473783,29.871389239316578,0.6689655172413793,0.8408051235132662,0,0.8868001160429358,18,1.5,34.09281396799757
114.89999999999775,0.7253188474256023,29.871389239316578,0.6689655172413793,0.8409506398537477,2,0.8867826086956522,18,1.5,34.12943840561239
114.99999999999774,0.7255550307038262,29.871389239316578,0.6689655172413793,0.8410958904109589,1,0.8866782507964089,19,1.5,34.16730715564479
115.09999999999773,0.726027397260274,31.368074929764624,0.632183908045977,0.8412408759124088,1,0.8867766203703704,19,1.5,34.20620024443449
115.19999999999773,0.7262635805384978,31.368074929764624,0.632183908045977,0.8412408759124088,0,0.8868459092223185,19,1.5,34.24594136039331
115.29999999999772,0.7264997638167218,31.368074929764624,0.632183908045977,0.8412408759124088,0,0.8867995378393992,20,1.5,34.28639529523966
115.39999999999772,0.7267359470949457,31.368074929764624,0.632183908045977,0.8413855970829535,1,0.8868109668109668,19,1.5,34.326859447304145
115.49999999999771,0.7267359470949457,31.368074929764624,0.632183908045977,0.8413855970829535,0,0.8867358708189158,19,1.5,34.36760688824853
115.5999999999977,0.7276806802078413,31.368074929764624,0.632183908045977,0.8415300546448088,1,0.8867473350619418,18,1.5,34.40888762797078
115.6999999999977,0.7276806802078413,31.368074929764624,0.632183908045977,0.8415300546448088,0,0.8867587795048935,18,1.5,34.4511155148818
115.7999999999977,0.7279168634860652,31.368074929764624,0.632183908045977,0.8415300546448088,0,0.8867702041990222,18,1.5,34.49496144156409
115.89999999999769,0.728389230042513,31.368074929764624,0.632183908045977,0.8415300546448088,0,0.8867528735632184,18,1.5,34.539664627199855
115.99999999999768,0.728389230042513,31.368074929764624,0.632183908045977,0.8415300546448088,0,0.8866781510192363,18,1.5,34.5848448988574
116.09999999999768,0.7286254133207369,31.368074929764624,0.632183908045977,0.8431899641577061,21,0.8867469879518072,18,1.5,34.62752468001627
116.19999999999767,0.7288615965989608,31.368074929764624,0.632183908045977,0.8431899641577061,0,0.8867583834909716,18,1.5,34.66795211330962
116.29999999999767,0.7290977798771847,31.368074929764624,0.632183908045977,0.8433303491495077,1,0.8867983963344788,19,1.5,34.706521533876796
116.39999999999766,0.7290977798771847,31.368074929764624,0.632183908045977,0.8433303491495077,1,0.8868097281831188,19,1.5,34.74286168178266
116.49999999999766,0.7300425129900803,31.368074929764624,0.632183908045977,0.8433303491495077,0,0.8867352773013151,20,1.5,34.77692866923162
116.59999999999765,0.730514879546528,31.368074929764624,0.632183908045977,0.8433303491495077,0,0.8867466438160525,20,1.5,34.80867455914842
116.69999999999764,0.730514879546528,31.368074929764624,0.632183908045977,0.8434704830053668,1,0.8867865296803653,20,1.5,34.837935830212814
116.79999999999764,0.730751062824752,31.368074929764624,0.632183908045977,0.8434704830053668,0,0.8868263473053892,21,1.5,34.864882911925804
116.89999999999763,0.730751062824752,31.368074929764624,0.632183908045977,0.84375,2,0.8868376068376068,21,1.5,34.88852745345941
116.99999999999763,0.7312234293811998,31.368074929764624,0.632183908045977,0.8438893844781445,1,0.8868488471391973,20,1.5,34.90883044351889
117.09999999999762,0.7312234293811998,31.368074929764624,0.632183908045977,0.8440285204991087,1,0.8867463026166098,20,1.5,34.92582571082669
117.19999999999762,0.7319319792158715,29.680071915370664,0.6873563218390805,0.8440285204991087,0,0.8867007672634271,18,1.5,34.9403240083822
117.29999999999761,0.7319319792158715,29.680071915370664,0.6873563218390805,0.8440285204991087,0,0.8867688813174333,18,1.5,34.95536254081224
117.3999999999976,0.7326405290505432,29.680071915370664,0.6873563218390805,0.8441674087266251,1,0.8867517730496454,18,1.5,34.96749026171066
117.4999999999976,0.733112895606991,29.680071915370664,0.6873563218390805,0.8441674087266251,0,0.886734693877551,18,1.5,34.97635168977426
117.59999999999759,0.7335852621634388,29.680071915370664,0.6873563218390805,0.844306049822064,1,0.886774284905126,18,1.5,34.981220792509966
117.69999999999759,0.7338214454416627,29.680071915370664,0.6873563218390805,0.844306049822064,0,0.8867855121675156,17,1.5,34.98325745282359
117.79999999999758,0.7342938119981105,29.680071915370664,0.6873563218390805,0.844306049822064,0,0.8867684478371501,18,1.5,34.98259515960546
117.89999999999758,0.7347661785545584,29.680071915370664,0.6873563218390805,0.844306049822064,0,0.8868079096045198,18,1.5,34.97910012492826
117.99999999999757,0.7347661785545584,29.680071915370664,0.6873563218390805,0.844306049822064,0,0.8868190798758114,18,1.5,34.97242442721259
118.09999999999756,0.7347661785545584,29.680071915370664,0.6873563218390805,0.845749342681858,21,0.8868020304568528,18,1.5,34.96150672308185
118.19999999999756,0.735710911667454,29.680071915370664,0.6873563218390805,0.845749342681858,0,0.886785009861933,19,1.5,34.94697662270601
118.29999999999755,0.735710911667454,29.680071915370664,0.6873563218390805,0.8458844133099825,1,0.8867961711711712,19,1.5,34.92927680871633
118.39999999999755,0.7359470949456779,29.680071915370664,0.6873563218390805,0.8460192475940508,1,0.8868354430379747,18,1.5,34.90961706280648
118.49999999999754,0.7359470949456779,29.680071915370664,0.6873563218390805,0.8460192475940508,0,0.8868184373243395,18,1.5,34.888545021095624
118.59999999999754,0.7366556447803495,29.680071915370664,0.6873563218390805,0.8460192475940508,0,0.8868295422634092,18,1.5,34.8663123110113
118.69999999999753,0.7371280113367974,29.680071915370664,0.6873563218390805,0.8461538461538461,1,0.8868686868686869,16,1.5,34.84382170445487
118.79999999999752,0.7373641946150212,29.680071915370664,0.6873563218390805,0.8461538461538461,0,0.8869358003924867,17,1.5,34.82135087053036
118.89999999999752,0.7373641946150212,29.680071915370664,0.6873563218390805,0.8462882096069869,2,0.8869187675070028,17,1.5,34.7992866081532
118.99999999999751,0.7373641946150212,29.680071915370664,0.6873563218390805,0.8464223385689355,1,0.8869577385950181,17,1.5,34.77774038144114
119.09999999999751,0.737836561171469,29.680071915370664,0.6873563218390805,0.8465562336530078,1,0.8869407158836689,18,1.5,34.75707260996003
119.1999999999975,0.7387812942843647,29.680071915370664,0.6873563218390805,0.8465562336530078,0,0.8868957809443979,17,1.5,34.73766583164952
119.2999999999975,0.7390174775625886,28.576144831485333,0.7057471264367816,0.8465562336530078,0,0.8869625907314349,17,1.5,34.719920658047705
119.39999999999749,0.7392536608408125,28.576144831485333,0.7057471264367816,0.8465562336530078,1,0.8870013947001395,17,1.5,34.70425584992999
119.49999999999748,0.7397260273972602,28.576144831485333,0.7057471264367816,0.8465562336530078,0,0.8870958751393534,18,1.5,34.69110103744905
119.59999999999748,0.7399622106754842,28.576144831485333,0.7057471264367816,0.8465562336530078,1,0.8870509607351713,16,1.5,34.68084340946462
119.69999999999747,0.740434577231932,28.576144831485333,0.7057471264367816,0.8465562336530078,0,0.88708959376739,16,1.5,34.67376855231756
119.79999999999747,0.740434577231932,28.576144831485333,0.7057471264367816,0.8465562336530078,0,0.887100361412288,16,1.5,34.66968718943163
119.89999999999746,0.7406707605101559,28.576144831485333,0.7057471264367816,0.8465562336530078,0,0.8871111111111111,15,1.5,34.66844740041661
119.99999999999746,0.7413793103448276,28.576144831485333,0.7057471264367816,0.8465562336530078,0,0.8871218429086872,14,1.5,34.670144756185834
120.09999999999745,0.7418516769012754,28.576144831485333,0.7057471264367816,0.8482758620689655,21,0.8870770937326677,14,1.5,34.674170711170696
